Course_ID,Learners_Enrolled
noc26_ae21,55
noc26_ae22,25
noc26_ae23,32
noc26_ae24,29
noc26_ae25,30
noc26_ae26,52
noc26_ae27,159
noc26_ae28,115
noc26_ae29,49
noc26_ae30,57
noc26_ae31,55
noc26_ae32,25
noc26_ae33,45
noc26_ae34,23
noc26_ae35,24
noc26_ae36,17
noc26_ae37,14
noc26_ae38,30
noc26_ae39,35
noc26_ae40,32
noc26_ae41,28
noc26_ae42,34
noc26_ag17,30
noc26_ag18,31
noc26_ag19,41
noc26_ag20,30
noc26_ag21,47
noc26_ag22,13
noc26_ag23,98
noc26_ag24,23
noc26_ag25,47
noc26_ag26,16
noc26_ag27,30
noc26_ag28,35
noc26_ar18,27
noc26_ar19,27
noc26_ar20,19
noc26_ar21,18
noc26_ar22,19
noc26_ar23,17
noc26_ar24,38
noc26_ar25,46
noc26_ar26,17
noc26_ar27,29
noc26_ar28,22
noc26_ar29,21
noc26_ar30,38
noc26_ar31,42
noc26_ar32,31
noc26_ar33,46
noc26_ar34,32
noc26_ar35,27
noc26_ar36,25
noc26_ar37,18
noc26_ar38,25
noc26_ar39,25
noc26_ar40,25
noc26_bt100,48
noc26_bt101,81
noc26_bt102,54
noc26_bt51,43
noc26_bt52,40
noc26_bt53,11
noc26_bt54,7
noc26_bt56,49
noc26_bt57,29
noc26_bt58,37
noc26_bt59,19
noc26_bt60,36
noc26_bt61,119
noc26_bt62,17
noc26_bt63,24
noc26_bt65,34
noc26_bt66,76
noc26_bt67,23
noc26_bt68,63
noc26_bt69,19
noc26_bt70,80
noc26_bt71,35
noc26_bt72,47
noc26_bt73,45
noc26_bt74,20
noc26_bt76,13
noc26_bt77,33
noc26_bt78,44
noc26_bt79,87
noc26_bt80,91
noc26_bt81,49
noc26_bt82,23
noc26_bt83,28
noc26_bt84,64
noc26_bt85,61
noc26_bt86,102
noc26_bt87,63
noc26_bt88,59
noc26_bt89,59
noc26_bt90,24
noc26_bt91,110
noc26_bt92,45
noc26_bt93,62
noc26_bt94,61
noc26_bt95,31
noc26_bt96,11
noc26_bt97,65
noc26_bt98,51
noc26_bt99,119
noc26_ce100,112
noc26_ce101,13
noc26_ce102,27
noc26_ce103,22
noc26_ce104,11
noc26_ce105,23
noc26_ce106,21
noc26_ce107,34
noc26_ce108,16
noc26_ce109,35
noc26_ce110,44
noc26_ce111,9
noc26_ce112,30
noc26_ce113,14
noc26_ce114,9
noc26_ce115,31
noc26_ce116,26
noc26_ce117,6
noc26_ce118,20
noc26_ce119,11
noc26_ce120,12
noc26_ce121,44
noc26_ce122,67
noc26_ce123,69
noc26_ce124,125
noc26_ce125,55
noc26_ce126,98
noc26_ce127,8
noc26_ce128,24
noc26_ce129,14
noc26_ce130,25
noc26_ce131,10
noc26_ce132,61
noc26_ce133,15
noc26_ce134,23
noc26_ce135,24
noc26_ce136,59
noc26_ce137,20
noc26_ce138,18
noc26_ce139,22
noc26_ce140,88
noc26_ce141,7
noc26_ce142,47
noc26_ce143,18
noc26_ce144,34
noc26_ce145,35
noc26_ce146,41
noc26_ce147,40
noc26_ce148,52
noc26_ce149,72
noc26_ce150,15
noc26_ce151,18
noc26_ce152,14
noc26_ce153,58
noc26_ce154,14
noc26_ce155,21
noc26_ce156,15
noc26_ce157,45
noc26_ce158,27
noc26_ce159,56
noc26_ce160,40
noc26_ce161,41
noc26_ce162,43
noc26_ce163,40
noc26_ce165,12
noc26_ce166,50
noc26_ce82,29
noc26_ce83,16
noc26_ce84,8
noc26_ce85,53
noc26_ce86,31
noc26_ce87,47
noc26_ce88,13
noc26_ce89,10
noc26_ce90,15
noc26_ce91,11
noc26_ce92,21
noc26_ce93,29
noc26_ce94,48
noc26_ce95,20
noc26_ce96,75
noc26_ce97,57
noc26_ce98,28
noc26_ce99,58
noc26_ch100,11
noc26_ch101,7
noc26_ch102,11
noc26_ch103,145
noc26_ch104,63
noc26_ch105,14
noc26_ch106,11
noc26_ch107,8
noc26_ch108,6
noc26_ch109,32
noc26_ch110,18
noc26_ch111,18
noc26_ch52,32
noc26_ch53,16
noc26_ch54,11
noc26_ch55,70
noc26_ch56,31
noc26_ch57,16
noc26_ch58,14
noc26_ch59,24
noc26_ch60,40
noc26_ch61,6
noc26_ch62,38
noc26_ch63,9
noc26_ch64,24
noc26_ch65,13
noc26_ch66,40
noc26_ch67,11
noc26_ch68,26
noc26_ch69,33
noc26_ch70,19
noc26_ch71,12
noc26_ch72,79
noc26_ch73,97
noc26_ch74,92
noc26_ch75,55
noc26_ch76,78
noc26_ch77,24
noc26_ch78,294
noc26_ch79,71
noc26_ch80,39
noc26_ch81,57
noc26_ch82,11
noc26_ch83,14
noc26_ch84,19
noc26_ch85,20
noc26_ch86,14
noc26_ch87,20
noc26_ch88,29
noc26_ch89,81
noc26_ch90,8
noc26_ch91,11
noc26_ch92,36
noc26_ch93,21
noc26_ch94,13
noc26_ch95,26
noc26_ch96,18
noc26_ch97,15
noc26_ch98,16
noc26_ch99,19
noc26_cs100,28
noc26_cs101,75
noc26_cs102,295
noc26_cs103,30
noc26_cs104,199
noc26_cs105,111
noc26_cs106,222
noc26_cs107,1165
noc26_cs108,81
noc26_cs109,540
noc26_cs110,114
noc26_cs111,88
noc26_cs112,394
noc26_cs113,319
noc26_cs114,104
noc26_cs115,44
noc26_cs116,22
noc26_cs117,478
noc26_cs118,120
noc26_cs119,350
noc26_cs120,220
noc26_cs121,32
noc26_cs122,40
noc26_cs123,284
noc26_cs124,33
noc26_cs125,77
noc26_cs126,34
noc26_cs127,77
noc26_cs128,198
noc26_cs129,546
noc26_cs130,38
noc26_cs131,85
noc26_cs132,272
noc26_cs133,565
noc26_cs134,140
noc26_cs135,48
noc26_cs136,566
noc26_cs137,119
noc26_cs138,345
noc26_cs139,90
noc26_cs140,50
noc26_cs141,784
noc26_cs142,26
noc26_cs143,82
noc26_cs144,561
noc26_cs145,141
noc26_cs146,274
noc26_cs147,23
noc26_cs148,20
noc26_cs149,30
noc26_cs150,708
noc26_cs151,157
noc26_cs152,110
noc26_cs153,572
noc26_cs154,28
noc26_cs155,114
noc26_cs156,215
noc26_cs157,584
noc26_cs158,141
noc26_cs159,243
noc26_cs160,206
noc26_cs161,585
noc26_cs162,379
noc26_cs163,44
noc26_cs164,57
noc26_cs165,34
noc26_cs166,147
noc26_cs167,36
noc26_cs168,83
noc26_cs169,63
noc26_cs170,30
noc26_cs171,304
noc26_cs172,20
noc26_cs173,68
noc26_cs174,190
noc26_cs175,99
noc26_cs176,42
noc26_cs177,43
noc26_cs178,81
noc26_cs179,112
noc26_cs180,203
noc26_cs181,143
noc26_cs182,485
noc26_cs183,124
noc26_cs184,60
noc26_cs185,212
noc26_cs186,207
noc26_cs187,47
noc26_cs188,262
noc26_cs189,132
noc26_cs90,22
noc26_cs91,88
noc26_cs92,23
noc26_cs93,35
noc26_cs94,22
noc26_cs95,287
noc26_cs96,78
noc26_cs97,141
noc26_cs98,253
noc26_cs99,313
noc26_cy41,11
noc26_cy42,21
noc26_cy43,30
noc26_cy44,16
noc26_cy45,35
noc26_cy46,11
noc26_cy47,47
noc26_cy48,57
noc26_cy49,18
noc26_cy50,7
noc26_cy51,9
noc26_cy52,35
noc26_cy53,13
noc26_cy54,11
noc26_cy55,22
noc26_cy56,7
noc26_cy57,11
noc26_cy58,13
noc26_cy59,13
noc26_cy60,26
noc26_cy61,24
noc26_cy62,11
noc26_cy63,11
noc26_cy64,34
noc26_cy65,16
noc26_cy66,16
noc26_cy67,15
noc26_cy68,20
noc26_cy69,36
noc26_cy70,13
noc26_cy71,9
noc26_cy72,37
noc26_cy73,76
noc26_cy74,20
noc26_cy75,13
noc26_cy76,20
noc26_de19,19
noc26_de20,19
noc26_de21,35
noc26_de22,26
noc26_de23,63
noc26_de24,8
noc26_de25,8
noc26_de26,27
noc26_de27,80
noc26_de28,33
noc26_de29,8
noc26_de30,25
noc26_de31,14
noc26_ec11,42
noc26_ec12,26
noc26_ec13,24
noc26_ec14,31
noc26_ec15,26
noc26_ec16,57
noc26_ec17,8
noc26_ec18,37
noc26_ec19,12
noc26_ec20,69
noc26_ec21,51
noc26_ec22,41
noc26_ec23,23
noc26_ee100,33
noc26_ee101,57
noc26_ee102,18
noc26_ee103,178
noc26_ee104,36
noc26_ee105,44
noc26_ee106,41
noc26_ee107,26
noc26_ee108,78
noc26_ee109,69
noc26_ee110,61
noc26_ee111,38
noc26_ee112,25
noc26_ee113,36
noc26_ee114,11
noc26_ee115,25
noc26_ee116,49
noc26_ee117,8
noc26_ee118,55
noc26_ee119,23
noc26_ee120,143
noc26_ee121,33
noc26_ee122,13
noc26_ee123,58
noc26_ee124,16
noc26_ee125,24
noc26_ee126,17
noc26_ee127,53
noc26_ee128,23
noc26_ee129,30
noc26_ee130,17
noc26_ee131,34
noc26_ee132,13
noc26_ee133,43
noc26_ee134,111
noc26_ee135,133
noc26_ee137,31
noc26_ee138,135
noc26_ee139,107
noc26_ee140,55
noc26_ee141,31
noc26_ee142,21
noc26_ee143,30
noc26_ee144,61
noc26_ee145,16
noc26_ee146,37
noc26_ee147,295
noc26_ee148,25
noc26_ee149,32
noc26_ee150,30
noc26_ee151,43
noc26_ee152,47
noc26_ee153,63
noc26_ee154,229
noc26_ee155,36
noc26_ee156,65
noc26_ee157,51
noc26_ee158,21
noc26_ee159,335
noc26_ee160,20
noc26_ee161,18
noc26_ee162,59
noc26_ee163,30
noc26_ee164,15
noc26_ee165,14
noc26_ee166,28
noc26_ee167,43
noc26_ee168,106
noc26_ee169,33
noc26_ee170,45
noc26_ee171,50
noc26_ee172,17
noc26_ee173,27
noc26_ee174,90
noc26_ee175,135
noc26_ee176,59
noc26_ee177,236
noc26_ee178,102
noc26_ee179,23
noc26_ee180,61
noc26_ee181,55
noc26_ee182,51
noc26_ee183,15
noc26_ee184,24
noc26_ee185,28
noc26_ee186,22
noc26_ee187,147
noc26_ee188,17
noc26_ee189,217
noc26_ee190,15
noc26_ee191,36
noc26_ee192,14
noc26_ee193,51
noc26_ee194,35
noc26_ee195,28
noc26_ee197,31
noc26_ee198,35
noc26_ee199,12
noc26_ee200,27
noc26_ee201,18
noc26_ee202,36
noc26_ee93,32
noc26_ee94,51
noc26_ee95,11
noc26_ee96,305
noc26_ee97,95
noc26_ee98,44
noc26_ee99,"Error: (""Connection broken: ConnectionResetError(10054, 'An existing connection was forcibly closed by the remote host', None, 10054, None)"", ConnectionResetError(10054, 'An existing connection was forcibly closed by the remote host', None, 10054, None))"
noc26_ge100,186
noc26_ge101,21
noc26_ge102,"Error: (""Connection broken: ConnectionResetError(10054, 'An existing connection was forcibly closed by the remote host', None, 10054, None)"", ConnectionResetError(10054, 'An existing connection was forcibly closed by the remote host', None, 10054, None))"
noc26_ge103,"Error: (""Connection broken: ConnectionResetError(10054, 'An existing connection was forcibly closed by the remote host', None, 10054, None)"", ConnectionResetError(10054, 'An existing connection was forcibly closed by the remote host', None, 10054, None))"
noc26_ge104,"Error: (""Connection broken: ConnectionResetError(10054, 'An existing connection was forcibly closed by the remote host', None, 10054, None)"", ConnectionResetError(10054, 'An existing connection was forcibly closed by the remote host', None, 10054, None))"
noc26_ge105,"Error: (""Connection broken: ConnectionResetError(10054, 'An existing connection was forcibly closed by the remote host', None, 10054, None)"", ConnectionResetError(10054, 'An existing connection was forcibly closed by the remote host', None, 10054, None))"
noc26_ge106,"Error: (""Connection broken: ConnectionResetError(10054, 'An existing connection was forcibly closed by the remote host', None, 10054, None)"", ConnectionResetError(10054, 'An existing connection was forcibly closed by the remote host', None, 10054, None))"
noc26_ge47,17
noc26_ge48,"Error: (""Connection broken: ConnectionResetError(10054, 'An existing connection was forcibly closed by the remote host', None, 10054, None)"", ConnectionResetError(10054, 'An existing connection was forcibly closed by the remote host', None, 10054, None))"
noc26_ge49,"Error: (""Connection broken: ConnectionResetError(10054, 'An existing connection was forcibly closed by the remote host', None, 10054, None)"", ConnectionResetError(10054, 'An existing connection was forcibly closed by the remote host', None, 10054, None))"
noc26_ge50,"Error: (""Connection broken: ConnectionResetError(10054, 'An existing connection was forcibly closed by the remote host', None, 10054, None)"", ConnectionResetError(10054, 'An existing connection was forcibly closed by the remote host', None, 10054, None))"
noc26_ge55,"Error: (""Connection broken: ConnectionResetError(10054, 'An existing connection was forcibly closed by the remote host', None, 10054, None)"", ConnectionResetError(10054, 'An existing connection was forcibly closed by the remote host', None, 10054, None))"
noc26_ge57,"Error: (""Connection broken: ConnectionResetError(10054, 'An existing connection was forcibly closed by the remote host', None, 10054, None)"", ConnectionResetError(10054, 'An existing connection was forcibly closed by the remote host', None, 10054, None))"
noc26_ge58,"Error: (""Connection broken: ConnectionResetError(10054, 'An existing connection was forcibly closed by the remote host', None, 10054, None)"", ConnectionResetError(10054, 'An existing connection was forcibly closed by the remote host', None, 10054, None))"
noc26_ge59,"Error: (""Connection broken: ConnectionResetError(10054, 'An existing connection was forcibly closed by the remote host', None, 10054, None)"", ConnectionResetError(10054, 'An existing connection was forcibly closed by the remote host', None, 10054, None))"
noc26_ge60,"Error: (""Connection broken: ConnectionResetError(10054, 'An existing connection was forcibly closed by the remote host', None, 10054, None)"", ConnectionResetError(10054, 'An existing connection was forcibly closed by the remote host', None, 10054, None))"
noc26_ge61,"Error: ('Connection aborted.', ConnectionResetError(10054, 'An existing connection was forcibly closed by the remote host', None, 10054, None))"
noc26_ge62,"Error: ('Connection aborted.', ConnectionResetError(10054, 'An existing connection was forcibly closed by the remote host', None, 10054, None))"
noc26_ge63,"Error: ('Connection aborted.', ConnectionResetError(10054, 'An existing connection was forcibly closed by the remote host', None, 10054, None))"
noc26_ge64,"Error: ('Connection aborted.', ConnectionResetError(10054, 'An existing connection was forcibly closed by the remote host', None, 10054, None))"
noc26_ge65,"Error: ('Connection aborted.', ConnectionResetError(10054, 'An existing connection was forcibly closed by the remote host', None, 10054, None))"
noc26_ge66,"Error: ('Connection aborted.', ConnectionResetError(10054, 'An existing connection was forcibly closed by the remote host', None, 10054, None))"
noc26_ge67,"Error: ('Connection aborted.', ConnectionResetError(10054, 'An existing connection was forcibly closed by the remote host', None, 10054, None))"
noc26_ge68,"Error: HTTPSConnectionPool(host='onlinecourses.nptel.ac.in', port=443): Max retries exceeded with url: /e-learning/api/coursepreview?course_id=noc26_ge68 (Caused by NewConnectionError(""HTTPSConnection(host='onlinecourses.nptel.ac.in', port=443): Failed to establish a new connection: [WinError 10053] An established connection was aborted by the software in your host machine""))"
noc26_ge69,"Error: HTTPSConnectionPool(host='onlinecourses.nptel.ac.in', port=443): Max retries exceeded with url: /e-learning/api/coursepreview?course_id=noc26_ge69 (Caused by NewConnectionError(""HTTPSConnection(host='onlinecourses.nptel.ac.in', port=443): Failed to establish a new connection: [WinError 10053] An established connection was aborted by the software in your host machine""))"
noc26_ge70,"Error: HTTPSConnectionPool(host='onlinecourses.nptel.ac.in', port=443): Max retries exceeded with url: /e-learning/api/coursepreview?course_id=noc26_ge70 (Caused by NewConnectionError(""HTTPSConnection(host='onlinecourses.nptel.ac.in', port=443): Failed to establish a new connection: [WinError 10053] An established connection was aborted by the software in your host machine""))"
noc26_ge71,"Error: HTTPSConnectionPool(host='onlinecourses.nptel.ac.in', port=443): Max retries exceeded with url: /e-learning/api/coursepreview?course_id=noc26_ge71 (Caused by NameResolutionError(""HTTPSConnection(host='onlinecourses.nptel.ac.in', port=443): Failed to resolve 'onlinecourses.nptel.ac.in' ([Errno 11001] getaddrinfo failed)""))"
noc26_ge72,"Error: HTTPSConnectionPool(host='onlinecourses.nptel.ac.in', port=443): Max retries exceeded with url: /e-learning/api/coursepreview?course_id=noc26_ge72 (Caused by NameResolutionError(""HTTPSConnection(host='onlinecourses.nptel.ac.in', port=443): Failed to resolve 'onlinecourses.nptel.ac.in' ([Errno 11001] getaddrinfo failed)""))"
noc26_ge73,"Error: HTTPSConnectionPool(host='onlinecourses.nptel.ac.in', port=443): Max retries exceeded with url: /e-learning/api/coursepreview?course_id=noc26_ge73 (Caused by NameResolutionError(""HTTPSConnection(host='onlinecourses.nptel.ac.in', port=443): Failed to resolve 'onlinecourses.nptel.ac.in' ([Errno 11001] getaddrinfo failed)""))"
noc26_ge74,"Error: HTTPSConnectionPool(host='onlinecourses.nptel.ac.in', port=443): Max retries exceeded with url: /e-learning/api/coursepreview?course_id=noc26_ge74 (Caused by NameResolutionError(""HTTPSConnection(host='onlinecourses.nptel.ac.in', port=443): Failed to resolve 'onlinecourses.nptel.ac.in' ([Errno 11001] getaddrinfo failed)""))"
noc26_ge75,"Error: HTTPSConnectionPool(host='onlinecourses.nptel.ac.in', port=443): Max retries exceeded with url: /e-learning/api/coursepreview?course_id=noc26_ge75 (Caused by NameResolutionError(""HTTPSConnection(host='onlinecourses.nptel.ac.in', port=443): Failed to resolve 'onlinecourses.nptel.ac.in' ([Errno 11001] getaddrinfo failed)""))"
noc26_ge76,"Error: HTTPSConnectionPool(host='onlinecourses.nptel.ac.in', port=443): Max retries exceeded with url: /e-learning/api/coursepreview?course_id=noc26_ge76 (Caused by NameResolutionError(""HTTPSConnection(host='onlinecourses.nptel.ac.in', port=443): Failed to resolve 'onlinecourses.nptel.ac.in' ([Errno 11001] getaddrinfo failed)""))"
noc26_ge77,"Error: HTTPSConnectionPool(host='onlinecourses.nptel.ac.in', port=443): Max retries exceeded with url: /e-learning/api/coursepreview?course_id=noc26_ge77 (Caused by NameResolutionError(""HTTPSConnection(host='onlinecourses.nptel.ac.in', port=443): Failed to resolve 'onlinecourses.nptel.ac.in' ([Errno 11001] getaddrinfo failed)""))"
noc26_ge78,"Error: HTTPSConnectionPool(host='onlinecourses.nptel.ac.in', port=443): Max retries exceeded with url: /e-learning/api/coursepreview?course_id=noc26_ge78 (Caused by NameResolutionError(""HTTPSConnection(host='onlinecourses.nptel.ac.in', port=443): Failed to resolve 'onlinecourses.nptel.ac.in' ([Errno 11001] getaddrinfo failed)""))"
noc26_ge79,"Error: HTTPSConnectionPool(host='onlinecourses.nptel.ac.in', port=443): Max retries exceeded with url: /e-learning/api/coursepreview?course_id=noc26_ge79 (Caused by NameResolutionError(""HTTPSConnection(host='onlinecourses.nptel.ac.in', port=443): Failed to resolve 'onlinecourses.nptel.ac.in' ([Errno 11001] getaddrinfo failed)""))"
noc26_ge80,"Error: HTTPSConnectionPool(host='onlinecourses.nptel.ac.in', port=443): Max retries exceeded with url: /e-learning/api/coursepreview?course_id=noc26_ge80 (Caused by NameResolutionError(""HTTPSConnection(host='onlinecourses.nptel.ac.in', port=443): Failed to resolve 'onlinecourses.nptel.ac.in' ([Errno 11001] getaddrinfo failed)""))"
noc26_ge81,"Error: HTTPSConnectionPool(host='onlinecourses.nptel.ac.in', port=443): Max retries exceeded with url: /e-learning/api/coursepreview?course_id=noc26_ge81 (Caused by NameResolutionError(""HTTPSConnection(host='onlinecourses.nptel.ac.in', port=443): Failed to resolve 'onlinecourses.nptel.ac.in' ([Errno 11001] getaddrinfo failed)""))"
noc26_ge82,"Error: HTTPSConnectionPool(host='onlinecourses.nptel.ac.in', port=443): Max retries exceeded with url: /e-learning/api/coursepreview?course_id=noc26_ge82 (Caused by NameResolutionError(""HTTPSConnection(host='onlinecourses.nptel.ac.in', port=443): Failed to resolve 'onlinecourses.nptel.ac.in' ([Errno 11001] getaddrinfo failed)""))"
noc26_ge83,"Error: HTTPSConnectionPool(host='onlinecourses.nptel.ac.in', port=443): Max retries exceeded with url: /e-learning/api/coursepreview?course_id=noc26_ge83 (Caused by NameResolutionError(""HTTPSConnection(host='onlinecourses.nptel.ac.in', port=443): Failed to resolve 'onlinecourses.nptel.ac.in' ([Errno 11001] getaddrinfo failed)""))"
noc26_ge84,"Error: HTTPSConnectionPool(host='onlinecourses.nptel.ac.in', port=443): Max retries exceeded with url: /e-learning/api/coursepreview?course_id=noc26_ge84 (Caused by NameResolutionError(""HTTPSConnection(host='onlinecourses.nptel.ac.in', port=443): Failed to resolve 'onlinecourses.nptel.ac.in' ([Errno 11001] getaddrinfo failed)""))"
noc26_ge85,"Error: HTTPSConnectionPool(host='onlinecourses.nptel.ac.in', port=443): Max retries exceeded with url: /e-learning/api/coursepreview?course_id=noc26_ge85 (Caused by NameResolutionError(""HTTPSConnection(host='onlinecourses.nptel.ac.in', port=443): Failed to resolve 'onlinecourses.nptel.ac.in' ([Errno 11001] getaddrinfo failed)""))"
noc26_ge86,"Error: HTTPSConnectionPool(host='onlinecourses.nptel.ac.in', port=443): Max retries exceeded with url: /e-learning/api/coursepreview?course_id=noc26_ge86 (Caused by NameResolutionError(""HTTPSConnection(host='onlinecourses.nptel.ac.in', port=443): Failed to resolve 'onlinecourses.nptel.ac.in' ([Errno 11001] getaddrinfo failed)""))"
noc26_ge87,"Error: HTTPSConnectionPool(host='onlinecourses.nptel.ac.in', port=443): Max retries exceeded with url: /e-learning/api/coursepreview?course_id=noc26_ge87 (Caused by NameResolutionError(""HTTPSConnection(host='onlinecourses.nptel.ac.in', port=443): Failed to resolve 'onlinecourses.nptel.ac.in' ([Errno 11001] getaddrinfo failed)""))"
noc26_ge88,"Error: HTTPSConnectionPool(host='onlinecourses.nptel.ac.in', port=443): Max retries exceeded with url: /e-learning/api/coursepreview?course_id=noc26_ge88 (Caused by NameResolutionError(""HTTPSConnection(host='onlinecourses.nptel.ac.in', port=443): Failed to resolve 'onlinecourses.nptel.ac.in' ([Errno 11001] getaddrinfo failed)""))"
noc26_ge89,"Error: HTTPSConnectionPool(host='onlinecourses.nptel.ac.in', port=443): Max retries exceeded with url: /e-learning/api/coursepreview?course_id=noc26_ge89 (Caused by NameResolutionError(""HTTPSConnection(host='onlinecourses.nptel.ac.in', port=443): Failed to resolve 'onlinecourses.nptel.ac.in' ([Errno 11001] getaddrinfo failed)""))"
noc26_ge90,"Error: HTTPSConnectionPool(host='onlinecourses.nptel.ac.in', port=443): Max retries exceeded with url: /e-learning/api/coursepreview?course_id=noc26_ge90 (Caused by NameResolutionError(""HTTPSConnection(host='onlinecourses.nptel.ac.in', port=443): Failed to resolve 'onlinecourses.nptel.ac.in' ([Errno 11001] getaddrinfo failed)""))"
noc26_ge91,"Error: HTTPSConnectionPool(host='onlinecourses.nptel.ac.in', port=443): Max retries exceeded with url: /e-learning/api/coursepreview?course_id=noc26_ge91 (Caused by NameResolutionError(""HTTPSConnection(host='onlinecourses.nptel.ac.in', port=443): Failed to resolve 'onlinecourses.nptel.ac.in' ([Errno 11001] getaddrinfo failed)""))"
noc26_ge92,"Error: HTTPSConnectionPool(host='onlinecourses.nptel.ac.in', port=443): Max retries exceeded with url: /e-learning/api/coursepreview?course_id=noc26_ge92 (Caused by NameResolutionError(""HTTPSConnection(host='onlinecourses.nptel.ac.in', port=443): Failed to resolve 'onlinecourses.nptel.ac.in' ([Errno 11001] getaddrinfo failed)""))"
noc26_ge93,"Error: HTTPSConnectionPool(host='onlinecourses.nptel.ac.in', port=443): Max retries exceeded with url: /e-learning/api/coursepreview?course_id=noc26_ge93 (Caused by NameResolutionError(""HTTPSConnection(host='onlinecourses.nptel.ac.in', port=443): Failed to resolve 'onlinecourses.nptel.ac.in' ([Errno 11001] getaddrinfo failed)""))"
noc26_ge94,"Error: HTTPSConnectionPool(host='onlinecourses.nptel.ac.in', port=443): Max retries exceeded with url: /e-learning/api/coursepreview?course_id=noc26_ge94 (Caused by NameResolutionError(""HTTPSConnection(host='onlinecourses.nptel.ac.in', port=443): Failed to resolve 'onlinecourses.nptel.ac.in' ([Errno 11001] getaddrinfo failed)""))"
noc26_ge95,"Error: HTTPSConnectionPool(host='onlinecourses.nptel.ac.in', port=443): Max retries exceeded with url: /e-learning/api/coursepreview?course_id=noc26_ge95 (Caused by NameResolutionError(""HTTPSConnection(host='onlinecourses.nptel.ac.in', port=443): Failed to resolve 'onlinecourses.nptel.ac.in' ([Errno 11001] getaddrinfo failed)""))"
noc26_ge96,"Error: HTTPSConnectionPool(host='onlinecourses.nptel.ac.in', port=443): Max retries exceeded with url: /e-learning/api/coursepreview?course_id=noc26_ge96 (Caused by NameResolutionError(""HTTPSConnection(host='onlinecourses.nptel.ac.in', port=443): Failed to resolve 'onlinecourses.nptel.ac.in' ([Errno 11001] getaddrinfo failed)""))"
noc26_ge97,"Error: HTTPSConnectionPool(host='onlinecourses.nptel.ac.in', port=443): Max retries exceeded with url: /e-learning/api/coursepreview?course_id=noc26_ge97 (Caused by NameResolutionError(""HTTPSConnection(host='onlinecourses.nptel.ac.in', port=443): Failed to resolve 'onlinecourses.nptel.ac.in' ([Errno 11001] getaddrinfo failed)""))"
noc26_ge98,"Error: HTTPSConnectionPool(host='onlinecourses.nptel.ac.in', port=443): Max retries exceeded with url: /e-learning/api/coursepreview?course_id=noc26_ge98 (Caused by NameResolutionError(""HTTPSConnection(host='onlinecourses.nptel.ac.in', port=443): Failed to resolve 'onlinecourses.nptel.ac.in' ([Errno 11001] getaddrinfo failed)""))"
noc26_ge99,"Error: HTTPSConnectionPool(host='onlinecourses.nptel.ac.in', port=443): Max retries exceeded with url: /e-learning/api/coursepreview?course_id=noc26_ge99 (Caused by NameResolutionError(""HTTPSConnection(host='onlinecourses.nptel.ac.in', port=443): Failed to resolve 'onlinecourses.nptel.ac.in' ([Errno 11001] getaddrinfo failed)""))"
noc26_hs121,"Error: HTTPSConnectionPool(host='onlinecourses.nptel.ac.in', port=443): Max retries exceeded with url: /e-learning/api/coursepreview?course_id=noc26_hs121 (Caused by NameResolutionError(""HTTPSConnection(host='onlinecourses.nptel.ac.in', port=443): Failed to resolve 'onlinecourses.nptel.ac.in' ([Errno 11001] getaddrinfo failed)""))"
noc26_hs123,"Error: HTTPSConnectionPool(host='onlinecourses.nptel.ac.in', port=443): Max retries exceeded with url: /e-learning/api/coursepreview?course_id=noc26_hs123 (Caused by NameResolutionError(""HTTPSConnection(host='onlinecourses.nptel.ac.in', port=443): Failed to resolve 'onlinecourses.nptel.ac.in' ([Errno 11001] getaddrinfo failed)""))"
noc26_hs124,"Error: HTTPSConnectionPool(host='onlinecourses.nptel.ac.in', port=443): Max retries exceeded with url: /e-learning/api/coursepreview?course_id=noc26_hs124 (Caused by NameResolutionError(""HTTPSConnection(host='onlinecourses.nptel.ac.in', port=443): Failed to resolve 'onlinecourses.nptel.ac.in' ([Errno 11001] getaddrinfo failed)""))"
noc26_hs125,"Error: HTTPSConnectionPool(host='onlinecourses.nptel.ac.in', port=443): Max retries exceeded with url: /e-learning/api/coursepreview?course_id=noc26_hs125 (Caused by NameResolutionError(""HTTPSConnection(host='onlinecourses.nptel.ac.in', port=443): Failed to resolve 'onlinecourses.nptel.ac.in' ([Errno 11001] getaddrinfo failed)""))"
noc26_hs126,"Error: HTTPSConnectionPool(host='onlinecourses.nptel.ac.in', port=443): Max retries exceeded with url: /e-learning/api/coursepreview?course_id=noc26_hs126 (Caused by NameResolutionError(""HTTPSConnection(host='onlinecourses.nptel.ac.in', port=443): Failed to resolve 'onlinecourses.nptel.ac.in' ([Errno 11001] getaddrinfo failed)""))"
noc26_hs127,"Error: HTTPSConnectionPool(host='onlinecourses.nptel.ac.in', port=443): Max retries exceeded with url: /e-learning/api/coursepreview?course_id=noc26_hs127 (Caused by NameResolutionError(""HTTPSConnection(host='onlinecourses.nptel.ac.in', port=443): Failed to resolve 'onlinecourses.nptel.ac.in' ([Errno 11001] getaddrinfo failed)""))"
noc26_hs131,"Error: HTTPSConnectionPool(host='onlinecourses.nptel.ac.in', port=443): Max retries exceeded with url: /e-learning/api/coursepreview?course_id=noc26_hs131 (Caused by NameResolutionError(""HTTPSConnection(host='onlinecourses.nptel.ac.in', port=443): Failed to resolve 'onlinecourses.nptel.ac.in' ([Errno 11001] getaddrinfo failed)""))"
noc26_hs133,"Error: HTTPSConnectionPool(host='onlinecourses.nptel.ac.in', port=443): Max retries exceeded with url: /e-learning/api/coursepreview?course_id=noc26_hs133 (Caused by NameResolutionError(""HTTPSConnection(host='onlinecourses.nptel.ac.in', port=443): Failed to resolve 'onlinecourses.nptel.ac.in' ([Errno 11001] getaddrinfo failed)""))"
noc26_hs135,"Error: HTTPSConnectionPool(host='onlinecourses.nptel.ac.in', port=443): Max retries exceeded with url: /e-learning/api/coursepreview?course_id=noc26_hs135 (Caused by NameResolutionError(""HTTPSConnection(host='onlinecourses.nptel.ac.in', port=443): Failed to resolve 'onlinecourses.nptel.ac.in' ([Errno 11001] getaddrinfo failed)""))"
noc26_hs136,"Error: HTTPSConnectionPool(host='onlinecourses.nptel.ac.in', port=443): Max retries exceeded with url: /e-learning/api/coursepreview?course_id=noc26_hs136 (Caused by NameResolutionError(""HTTPSConnection(host='onlinecourses.nptel.ac.in', port=443): Failed to resolve 'onlinecourses.nptel.ac.in' ([Errno 11001] getaddrinfo failed)""))"
noc26_hs137,"Error: HTTPSConnectionPool(host='onlinecourses.nptel.ac.in', port=443): Max retries exceeded with url: /e-learning/api/coursepreview?course_id=noc26_hs137 (Caused by NameResolutionError(""HTTPSConnection(host='onlinecourses.nptel.ac.in', port=443): Failed to resolve 'onlinecourses.nptel.ac.in' ([Errno 11001] getaddrinfo failed)""))"
noc26_hs138,"Error: HTTPSConnectionPool(host='onlinecourses.nptel.ac.in', port=443): Max retries exceeded with url: /e-learning/api/coursepreview?course_id=noc26_hs138 (Caused by NameResolutionError(""HTTPSConnection(host='onlinecourses.nptel.ac.in', port=443): Failed to resolve 'onlinecourses.nptel.ac.in' ([Errno 11001] getaddrinfo failed)""))"
noc26_hs139,"Error: HTTPSConnectionPool(host='onlinecourses.nptel.ac.in', port=443): Max retries exceeded with url: /e-learning/api/coursepreview?course_id=noc26_hs139 (Caused by NameResolutionError(""HTTPSConnection(host='onlinecourses.nptel.ac.in', port=443): Failed to resolve 'onlinecourses.nptel.ac.in' ([Errno 11001] getaddrinfo failed)""))"
noc26_hs140,"Error: HTTPSConnectionPool(host='onlinecourses.nptel.ac.in', port=443): Max retries exceeded with url: /e-learning/api/coursepreview?course_id=noc26_hs140 (Caused by NameResolutionError(""HTTPSConnection(host='onlinecourses.nptel.ac.in', port=443): Failed to resolve 'onlinecourses.nptel.ac.in' ([Errno 11001] getaddrinfo failed)""))"
noc26_hs141,"Error: HTTPSConnectionPool(host='onlinecourses.nptel.ac.in', port=443): Max retries exceeded with url: /e-learning/api/coursepreview?course_id=noc26_hs141 (Caused by NameResolutionError(""HTTPSConnection(host='onlinecourses.nptel.ac.in', port=443): Failed to resolve 'onlinecourses.nptel.ac.in' ([Errno 11001] getaddrinfo failed)""))"
noc26_hs142,"Error: HTTPSConnectionPool(host='onlinecourses.nptel.ac.in', port=443): Max retries exceeded with url: /e-learning/api/coursepreview?course_id=noc26_hs142 (Caused by NameResolutionError(""HTTPSConnection(host='onlinecourses.nptel.ac.in', port=443): Failed to resolve 'onlinecourses.nptel.ac.in' ([Errno 11001] getaddrinfo failed)""))"
noc26_hs143,"Error: HTTPSConnectionPool(host='onlinecourses.nptel.ac.in', port=443): Max retries exceeded with url: /e-learning/api/coursepreview?course_id=noc26_hs143 (Caused by NameResolutionError(""HTTPSConnection(host='onlinecourses.nptel.ac.in', port=443): Failed to resolve 'onlinecourses.nptel.ac.in' ([Errno 11001] getaddrinfo failed)""))"
noc26_hs144,"Error: HTTPSConnectionPool(host='onlinecourses.nptel.ac.in', port=443): Max retries exceeded with url: /e-learning/api/coursepreview?course_id=noc26_hs144 (Caused by NameResolutionError(""HTTPSConnection(host='onlinecourses.nptel.ac.in', port=443): Failed to resolve 'onlinecourses.nptel.ac.in' ([Errno 11001] getaddrinfo failed)""))"
noc26_hs145,"Error: HTTPSConnectionPool(host='onlinecourses.nptel.ac.in', port=443): Max retries exceeded with url: /e-learning/api/coursepreview?course_id=noc26_hs145 (Caused by NameResolutionError(""HTTPSConnection(host='onlinecourses.nptel.ac.in', port=443): Failed to resolve 'onlinecourses.nptel.ac.in' ([Errno 11001] getaddrinfo failed)""))"
noc26_hs146,"Error: HTTPSConnectionPool(host='onlinecourses.nptel.ac.in', port=443): Max retries exceeded with url: /e-learning/api/coursepreview?course_id=noc26_hs146 (Caused by NameResolutionError(""HTTPSConnection(host='onlinecourses.nptel.ac.in', port=443): Failed to resolve 'onlinecourses.nptel.ac.in' ([Errno 11001] getaddrinfo failed)""))"
noc26_hs147,"Error: HTTPSConnectionPool(host='onlinecourses.nptel.ac.in', port=443): Max retries exceeded with url: /e-learning/api/coursepreview?course_id=noc26_hs147 (Caused by NameResolutionError(""HTTPSConnection(host='onlinecourses.nptel.ac.in', port=443): Failed to resolve 'onlinecourses.nptel.ac.in' ([Errno 11001] getaddrinfo failed)""))"
noc26_hs148,"Error: HTTPSConnectionPool(host='onlinecourses.nptel.ac.in', port=443): Max retries exceeded with url: /e-learning/api/coursepreview?course_id=noc26_hs148 (Caused by NameResolutionError(""HTTPSConnection(host='onlinecourses.nptel.ac.in', port=443): Failed to resolve 'onlinecourses.nptel.ac.in' ([Errno 11001] getaddrinfo failed)""))"
noc26_hs149,"Error: HTTPSConnectionPool(host='onlinecourses.nptel.ac.in', port=443): Max retries exceeded with url: /e-learning/api/coursepreview?course_id=noc26_hs149 (Caused by NameResolutionError(""HTTPSConnection(host='onlinecourses.nptel.ac.in', port=443): Failed to resolve 'onlinecourses.nptel.ac.in' ([Errno 11001] getaddrinfo failed)""))"
noc26_hs150,"Error: HTTPSConnectionPool(host='onlinecourses.nptel.ac.in', port=443): Max retries exceeded with url: /e-learning/api/coursepreview?course_id=noc26_hs150 (Caused by NameResolutionError(""HTTPSConnection(host='onlinecourses.nptel.ac.in', port=443): Failed to resolve 'onlinecourses.nptel.ac.in' ([Errno 11001] getaddrinfo failed)""))"
noc26_hs151,"Error: HTTPSConnectionPool(host='onlinecourses.nptel.ac.in', port=443): Max retries exceeded with url: /e-learning/api/coursepreview?course_id=noc26_hs151 (Caused by NameResolutionError(""HTTPSConnection(host='onlinecourses.nptel.ac.in', port=443): Failed to resolve 'onlinecourses.nptel.ac.in' ([Errno 11001] getaddrinfo failed)""))"
noc26_hs152,"Error: HTTPSConnectionPool(host='onlinecourses.nptel.ac.in', port=443): Max retries exceeded with url: /e-learning/api/coursepreview?course_id=noc26_hs152 (Caused by NameResolutionError(""HTTPSConnection(host='onlinecourses.nptel.ac.in', port=443): Failed to resolve 'onlinecourses.nptel.ac.in' ([Errno 11001] getaddrinfo failed)""))"
noc26_hs153,"Error: HTTPSConnectionPool(host='onlinecourses.nptel.ac.in', port=443): Max retries exceeded with url: /e-learning/api/coursepreview?course_id=noc26_hs153 (Caused by NameResolutionError(""HTTPSConnection(host='onlinecourses.nptel.ac.in', port=443): Failed to resolve 'onlinecourses.nptel.ac.in' ([Errno 11001] getaddrinfo failed)""))"
noc26_hs154,"Error: HTTPSConnectionPool(host='onlinecourses.nptel.ac.in', port=443): Max retries exceeded with url: /e-learning/api/coursepreview?course_id=noc26_hs154 (Caused by NameResolutionError(""HTTPSConnection(host='onlinecourses.nptel.ac.in', port=443): Failed to resolve 'onlinecourses.nptel.ac.in' ([Errno 11001] getaddrinfo failed)""))"
noc26_hs155,"Error: HTTPSConnectionPool(host='onlinecourses.nptel.ac.in', port=443): Max retries exceeded with url: /e-learning/api/coursepreview?course_id=noc26_hs155 (Caused by NameResolutionError(""HTTPSConnection(host='onlinecourses.nptel.ac.in', port=443): Failed to resolve 'onlinecourses.nptel.ac.in' ([Errno 11001] getaddrinfo failed)""))"
noc26_hs156,"Error: HTTPSConnectionPool(host='onlinecourses.nptel.ac.in', port=443): Max retries exceeded with url: /e-learning/api/coursepreview?course_id=noc26_hs156 (Caused by NameResolutionError(""HTTPSConnection(host='onlinecourses.nptel.ac.in', port=443): Failed to resolve 'onlinecourses.nptel.ac.in' ([Errno 11001] getaddrinfo failed)""))"
noc26_hs157,"Error: HTTPSConnectionPool(host='onlinecourses.nptel.ac.in', port=443): Max retries exceeded with url: /e-learning/api/coursepreview?course_id=noc26_hs157 (Caused by NameResolutionError(""HTTPSConnection(host='onlinecourses.nptel.ac.in', port=443): Failed to resolve 'onlinecourses.nptel.ac.in' ([Errno 11001] getaddrinfo failed)""))"
noc26_hs158,"Error: HTTPSConnectionPool(host='onlinecourses.nptel.ac.in', port=443): Max retries exceeded with url: /e-learning/api/coursepreview?course_id=noc26_hs158 (Caused by NameResolutionError(""HTTPSConnection(host='onlinecourses.nptel.ac.in', port=443): Failed to resolve 'onlinecourses.nptel.ac.in' ([Errno 11001] getaddrinfo failed)""))"
noc26_hs159,"Error: HTTPSConnectionPool(host='onlinecourses.nptel.ac.in', port=443): Max retries exceeded with url: /e-learning/api/coursepreview?course_id=noc26_hs159 (Caused by NameResolutionError(""HTTPSConnection(host='onlinecourses.nptel.ac.in', port=443): Failed to resolve 'onlinecourses.nptel.ac.in' ([Errno 11001] getaddrinfo failed)""))"
noc26_hs160,"Error: HTTPSConnectionPool(host='onlinecourses.nptel.ac.in', port=443): Max retries exceeded with url: /e-learning/api/coursepreview?course_id=noc26_hs160 (Caused by NameResolutionError(""HTTPSConnection(host='onlinecourses.nptel.ac.in', port=443): Failed to resolve 'onlinecourses.nptel.ac.in' ([Errno 11001] getaddrinfo failed)""))"
noc26_hs161,"Error: HTTPSConnectionPool(host='onlinecourses.nptel.ac.in', port=443): Max retries exceeded with url: /e-learning/api/coursepreview?course_id=noc26_hs161 (Caused by NameResolutionError(""HTTPSConnection(host='onlinecourses.nptel.ac.in', port=443): Failed to resolve 'onlinecourses.nptel.ac.in' ([Errno 11001] getaddrinfo failed)""))"
noc26_hs162,"Error: HTTPSConnectionPool(host='onlinecourses.nptel.ac.in', port=443): Max retries exceeded with url: /e-learning/api/coursepreview?course_id=noc26_hs162 (Caused by NameResolutionError(""HTTPSConnection(host='onlinecourses.nptel.ac.in', port=443): Failed to resolve 'onlinecourses.nptel.ac.in' ([Errno 11001] getaddrinfo failed)""))"
noc26_hs163,"Error: HTTPSConnectionPool(host='onlinecourses.nptel.ac.in', port=443): Max retries exceeded with url: /e-learning/api/coursepreview?course_id=noc26_hs163 (Caused by NameResolutionError(""HTTPSConnection(host='onlinecourses.nptel.ac.in', port=443): Failed to resolve 'onlinecourses.nptel.ac.in' ([Errno 11001] getaddrinfo failed)""))"
noc26_hs164,"Error: HTTPSConnectionPool(host='onlinecourses.nptel.ac.in', port=443): Max retries exceeded with url: /e-learning/api/coursepreview?course_id=noc26_hs164 (Caused by NameResolutionError(""HTTPSConnection(host='onlinecourses.nptel.ac.in', port=443): Failed to resolve 'onlinecourses.nptel.ac.in' ([Errno 11001] getaddrinfo failed)""))"
noc26_hs165,"Error: HTTPSConnectionPool(host='onlinecourses.nptel.ac.in', port=443): Max retries exceeded with url: /e-learning/api/coursepreview?course_id=noc26_hs165 (Caused by NameResolutionError(""HTTPSConnection(host='onlinecourses.nptel.ac.in', port=443): Failed to resolve 'onlinecourses.nptel.ac.in' ([Errno 11001] getaddrinfo failed)""))"
noc26_hs166,"Error: HTTPSConnectionPool(host='onlinecourses.nptel.ac.in', port=443): Max retries exceeded with url: /e-learning/api/coursepreview?course_id=noc26_hs166 (Caused by NameResolutionError(""HTTPSConnection(host='onlinecourses.nptel.ac.in', port=443): Failed to resolve 'onlinecourses.nptel.ac.in' ([Errno 11001] getaddrinfo failed)""))"
noc26_hs167,"Error: HTTPSConnectionPool(host='onlinecourses.nptel.ac.in', port=443): Max retries exceeded with url: /e-learning/api/coursepreview?course_id=noc26_hs167 (Caused by NameResolutionError(""HTTPSConnection(host='onlinecourses.nptel.ac.in', port=443): Failed to resolve 'onlinecourses.nptel.ac.in' ([Errno 11001] getaddrinfo failed)""))"
noc26_hs168,"Error: HTTPSConnectionPool(host='onlinecourses.nptel.ac.in', port=443): Max retries exceeded with url: /e-learning/api/coursepreview?course_id=noc26_hs168 (Caused by NameResolutionError(""HTTPSConnection(host='onlinecourses.nptel.ac.in', port=443): Failed to resolve 'onlinecourses.nptel.ac.in' ([Errno 11001] getaddrinfo failed)""))"
noc26_hs169,"Error: HTTPSConnectionPool(host='onlinecourses.nptel.ac.in', port=443): Max retries exceeded with url: /e-learning/api/coursepreview?course_id=noc26_hs169 (Caused by NameResolutionError(""HTTPSConnection(host='onlinecourses.nptel.ac.in', port=443): Failed to resolve 'onlinecourses.nptel.ac.in' ([Errno 11001] getaddrinfo failed)""))"
noc26_hs170,"Error: HTTPSConnectionPool(host='onlinecourses.nptel.ac.in', port=443): Max retries exceeded with url: /e-learning/api/coursepreview?course_id=noc26_hs170 (Caused by NameResolutionError(""HTTPSConnection(host='onlinecourses.nptel.ac.in', port=443): Failed to resolve 'onlinecourses.nptel.ac.in' ([Errno 11001] getaddrinfo failed)""))"
noc26_hs171,"Error: HTTPSConnectionPool(host='onlinecourses.nptel.ac.in', port=443): Max retries exceeded with url: /e-learning/api/coursepreview?course_id=noc26_hs171 (Caused by NameResolutionError(""HTTPSConnection(host='onlinecourses.nptel.ac.in', port=443): Failed to resolve 'onlinecourses.nptel.ac.in' ([Errno 11001] getaddrinfo failed)""))"
noc26_hs172,"Error: HTTPSConnectionPool(host='onlinecourses.nptel.ac.in', port=443): Max retries exceeded with url: /e-learning/api/coursepreview?course_id=noc26_hs172 (Caused by NameResolutionError(""HTTPSConnection(host='onlinecourses.nptel.ac.in', port=443): Failed to resolve 'onlinecourses.nptel.ac.in' ([Errno 11001] getaddrinfo failed)""))"
noc26_hs173,"Error: HTTPSConnectionPool(host='onlinecourses.nptel.ac.in', port=443): Max retries exceeded with url: /e-learning/api/coursepreview?course_id=noc26_hs173 (Caused by NameResolutionError(""HTTPSConnection(host='onlinecourses.nptel.ac.in', port=443): Failed to resolve 'onlinecourses.nptel.ac.in' ([Errno 11001] getaddrinfo failed)""))"
noc26_hs174,"Error: HTTPSConnectionPool(host='onlinecourses.nptel.ac.in', port=443): Max retries exceeded with url: /e-learning/api/coursepreview?course_id=noc26_hs174 (Caused by NameResolutionError(""HTTPSConnection(host='onlinecourses.nptel.ac.in', port=443): Failed to resolve 'onlinecourses.nptel.ac.in' ([Errno 11001] getaddrinfo failed)""))"
noc26_hs175,"Error: HTTPSConnectionPool(host='onlinecourses.nptel.ac.in', port=443): Max retries exceeded with url: /e-learning/api/coursepreview?course_id=noc26_hs175 (Caused by NameResolutionError(""HTTPSConnection(host='onlinecourses.nptel.ac.in', port=443): Failed to resolve 'onlinecourses.nptel.ac.in' ([Errno 11001] getaddrinfo failed)""))"
noc26_hs176,"Error: HTTPSConnectionPool(host='onlinecourses.nptel.ac.in', port=443): Max retries exceeded with url: /e-learning/api/coursepreview?course_id=noc26_hs176 (Caused by NameResolutionError(""HTTPSConnection(host='onlinecourses.nptel.ac.in', port=443): Failed to resolve 'onlinecourses.nptel.ac.in' ([Errno 11001] getaddrinfo failed)""))"
noc26_hs177,"Error: HTTPSConnectionPool(host='onlinecourses.nptel.ac.in', port=443): Max retries exceeded with url: /e-learning/api/coursepreview?course_id=noc26_hs177 (Caused by NameResolutionError(""HTTPSConnection(host='onlinecourses.nptel.ac.in', port=443): Failed to resolve 'onlinecourses.nptel.ac.in' ([Errno 11001] getaddrinfo failed)""))"
noc26_hs178,"Error: HTTPSConnectionPool(host='onlinecourses.nptel.ac.in', port=443): Max retries exceeded with url: /e-learning/api/coursepreview?course_id=noc26_hs178 (Caused by NameResolutionError(""HTTPSConnection(host='onlinecourses.nptel.ac.in', port=443): Failed to resolve 'onlinecourses.nptel.ac.in' ([Errno 11001] getaddrinfo failed)""))"
noc26_hs179,"Error: HTTPSConnectionPool(host='onlinecourses.nptel.ac.in', port=443): Max retries exceeded with url: /e-learning/api/coursepreview?course_id=noc26_hs179 (Caused by NameResolutionError(""HTTPSConnection(host='onlinecourses.nptel.ac.in', port=443): Failed to resolve 'onlinecourses.nptel.ac.in' ([Errno 11001] getaddrinfo failed)""))"
noc26_hs180,"Error: HTTPSConnectionPool(host='onlinecourses.nptel.ac.in', port=443): Max retries exceeded with url: /e-learning/api/coursepreview?course_id=noc26_hs180 (Caused by NameResolutionError(""HTTPSConnection(host='onlinecourses.nptel.ac.in', port=443): Failed to resolve 'onlinecourses.nptel.ac.in' ([Errno 11001] getaddrinfo failed)""))"
noc26_hs181,"Error: HTTPSConnectionPool(host='onlinecourses.nptel.ac.in', port=443): Max retries exceeded with url: /e-learning/api/coursepreview?course_id=noc26_hs181 (Caused by NameResolutionError(""HTTPSConnection(host='onlinecourses.nptel.ac.in', port=443): Failed to resolve 'onlinecourses.nptel.ac.in' ([Errno 11001] getaddrinfo failed)""))"
noc26_hs182,"Error: HTTPSConnectionPool(host='onlinecourses.nptel.ac.in', port=443): Max retries exceeded with url: /e-learning/api/coursepreview?course_id=noc26_hs182 (Caused by NameResolutionError(""HTTPSConnection(host='onlinecourses.nptel.ac.in', port=443): Failed to resolve 'onlinecourses.nptel.ac.in' ([Errno 11001] getaddrinfo failed)""))"
noc26_hs183,"Error: HTTPSConnectionPool(host='onlinecourses.nptel.ac.in', port=443): Max retries exceeded with url: /e-learning/api/coursepreview?course_id=noc26_hs183 (Caused by NameResolutionError(""HTTPSConnection(host='onlinecourses.nptel.ac.in', port=443): Failed to resolve 'onlinecourses.nptel.ac.in' ([Errno 11001] getaddrinfo failed)""))"
noc26_hs184,"Error: HTTPSConnectionPool(host='onlinecourses.nptel.ac.in', port=443): Max retries exceeded with url: /e-learning/api/coursepreview?course_id=noc26_hs184 (Caused by NameResolutionError(""HTTPSConnection(host='onlinecourses.nptel.ac.in', port=443): Failed to resolve 'onlinecourses.nptel.ac.in' ([Errno 11001] getaddrinfo failed)""))"
noc26_hs185,"Error: HTTPSConnectionPool(host='onlinecourses.nptel.ac.in', port=443): Max retries exceeded with url: /e-learning/api/coursepreview?course_id=noc26_hs185 (Caused by NameResolutionError(""HTTPSConnection(host='onlinecourses.nptel.ac.in', port=443): Failed to resolve 'onlinecourses.nptel.ac.in' ([Errno 11001] getaddrinfo failed)""))"
noc26_hs186,"Error: HTTPSConnectionPool(host='onlinecourses.nptel.ac.in', port=443): Max retries exceeded with url: /e-learning/api/coursepreview?course_id=noc26_hs186 (Caused by NameResolutionError(""HTTPSConnection(host='onlinecourses.nptel.ac.in', port=443): Failed to resolve 'onlinecourses.nptel.ac.in' ([Errno 11001] getaddrinfo failed)""))"
noc26_hs187,"Error: HTTPSConnectionPool(host='onlinecourses.nptel.ac.in', port=443): Max retries exceeded with url: /e-learning/api/coursepreview?course_id=noc26_hs187 (Caused by NameResolutionError(""HTTPSConnection(host='onlinecourses.nptel.ac.in', port=443): Failed to resolve 'onlinecourses.nptel.ac.in' ([Errno 11001] getaddrinfo failed)""))"
noc26_hs188,"Error: HTTPSConnectionPool(host='onlinecourses.nptel.ac.in', port=443): Max retries exceeded with url: /e-learning/api/coursepreview?course_id=noc26_hs188 (Caused by NameResolutionError(""HTTPSConnection(host='onlinecourses.nptel.ac.in', port=443): Failed to resolve 'onlinecourses.nptel.ac.in' ([Errno 11001] getaddrinfo failed)""))"
noc26_hs189,"Error: HTTPSConnectionPool(host='onlinecourses.nptel.ac.in', port=443): Max retries exceeded with url: /e-learning/api/coursepreview?course_id=noc26_hs189 (Caused by NameResolutionError(""HTTPSConnection(host='onlinecourses.nptel.ac.in', port=443): Failed to resolve 'onlinecourses.nptel.ac.in' ([Errno 11001] getaddrinfo failed)""))"
noc26_hs190,"Error: HTTPSConnectionPool(host='onlinecourses.nptel.ac.in', port=443): Max retries exceeded with url: /e-learning/api/coursepreview?course_id=noc26_hs190 (Caused by NameResolutionError(""HTTPSConnection(host='onlinecourses.nptel.ac.in', port=443): Failed to resolve 'onlinecourses.nptel.ac.in' ([Errno 11001] getaddrinfo failed)""))"
noc26_hs191,"Error: HTTPSConnectionPool(host='onlinecourses.nptel.ac.in', port=443): Max retries exceeded with url: /e-learning/api/coursepreview?course_id=noc26_hs191 (Caused by NameResolutionError(""HTTPSConnection(host='onlinecourses.nptel.ac.in', port=443): Failed to resolve 'onlinecourses.nptel.ac.in' ([Errno 11001] getaddrinfo failed)""))"
noc26_hs192,"Error: HTTPSConnectionPool(host='onlinecourses.nptel.ac.in', port=443): Max retries exceeded with url: /e-learning/api/coursepreview?course_id=noc26_hs192 (Caused by NameResolutionError(""HTTPSConnection(host='onlinecourses.nptel.ac.in', port=443): Failed to resolve 'onlinecourses.nptel.ac.in' ([Errno 11001] getaddrinfo failed)""))"
noc26_hs193,"Error: HTTPSConnectionPool(host='onlinecourses.nptel.ac.in', port=443): Max retries exceeded with url: /e-learning/api/coursepreview?course_id=noc26_hs193 (Caused by NameResolutionError(""HTTPSConnection(host='onlinecourses.nptel.ac.in', port=443): Failed to resolve 'onlinecourses.nptel.ac.in' ([Errno 11001] getaddrinfo failed)""))"
noc26_hs194,"Error: HTTPSConnectionPool(host='onlinecourses.nptel.ac.in', port=443): Max retries exceeded with url: /e-learning/api/coursepreview?course_id=noc26_hs194 (Caused by NameResolutionError(""HTTPSConnection(host='onlinecourses.nptel.ac.in', port=443): Failed to resolve 'onlinecourses.nptel.ac.in' ([Errno 11001] getaddrinfo failed)""))"
noc26_hs195,"Error: HTTPSConnectionPool(host='onlinecourses.nptel.ac.in', port=443): Max retries exceeded with url: /e-learning/api/coursepreview?course_id=noc26_hs195 (Caused by NameResolutionError(""HTTPSConnection(host='onlinecourses.nptel.ac.in', port=443): Failed to resolve 'onlinecourses.nptel.ac.in' ([Errno 11001] getaddrinfo failed)""))"
noc26_hs196,"Error: HTTPSConnectionPool(host='onlinecourses.nptel.ac.in', port=443): Max retries exceeded with url: /e-learning/api/coursepreview?course_id=noc26_hs196 (Caused by NameResolutionError(""HTTPSConnection(host='onlinecourses.nptel.ac.in', port=443): Failed to resolve 'onlinecourses.nptel.ac.in' ([Errno 11001] getaddrinfo failed)""))"
noc26_hs197,"Error: HTTPSConnectionPool(host='onlinecourses.nptel.ac.in', port=443): Max retries exceeded with url: /e-learning/api/coursepreview?course_id=noc26_hs197 (Caused by NameResolutionError(""HTTPSConnection(host='onlinecourses.nptel.ac.in', port=443): Failed to resolve 'onlinecourses.nptel.ac.in' ([Errno 11001] getaddrinfo failed)""))"
noc26_hs198,"Error: HTTPSConnectionPool(host='onlinecourses.nptel.ac.in', port=443): Max retries exceeded with url: /e-learning/api/coursepreview?course_id=noc26_hs198 (Caused by NameResolutionError(""HTTPSConnection(host='onlinecourses.nptel.ac.in', port=443): Failed to resolve 'onlinecourses.nptel.ac.in' ([Errno 11001] getaddrinfo failed)""))"
noc26_hs199,"Error: HTTPSConnectionPool(host='onlinecourses.nptel.ac.in', port=443): Max retries exceeded with url: /e-learning/api/coursepreview?course_id=noc26_hs199 (Caused by NameResolutionError(""HTTPSConnection(host='onlinecourses.nptel.ac.in', port=443): Failed to resolve 'onlinecourses.nptel.ac.in' ([Errno 11001] getaddrinfo failed)""))"
noc26_hs200,"Error: HTTPSConnectionPool(host='onlinecourses.nptel.ac.in', port=443): Max retries exceeded with url: /e-learning/api/coursepreview?course_id=noc26_hs200 (Caused by NameResolutionError(""HTTPSConnection(host='onlinecourses.nptel.ac.in', port=443): Failed to resolve 'onlinecourses.nptel.ac.in' ([Errno 11001] getaddrinfo failed)""))"
noc26_hs201,"Error: HTTPSConnectionPool(host='onlinecourses.nptel.ac.in', port=443): Max retries exceeded with url: /e-learning/api/coursepreview?course_id=noc26_hs201 (Caused by NameResolutionError(""HTTPSConnection(host='onlinecourses.nptel.ac.in', port=443): Failed to resolve 'onlinecourses.nptel.ac.in' ([Errno 11001] getaddrinfo failed)""))"
noc26_hs202,"Error: HTTPSConnectionPool(host='onlinecourses.nptel.ac.in', port=443): Max retries exceeded with url: /e-learning/api/coursepreview?course_id=noc26_hs202 (Caused by NameResolutionError(""HTTPSConnection(host='onlinecourses.nptel.ac.in', port=443): Failed to resolve 'onlinecourses.nptel.ac.in' ([Errno 11001] getaddrinfo failed)""))"
noc26_hs203,"Error: HTTPSConnectionPool(host='onlinecourses.nptel.ac.in', port=443): Max retries exceeded with url: /e-learning/api/coursepreview?course_id=noc26_hs203 (Caused by NameResolutionError(""HTTPSConnection(host='onlinecourses.nptel.ac.in', port=443): Failed to resolve 'onlinecourses.nptel.ac.in' ([Errno 11001] getaddrinfo failed)""))"
noc26_hs204,"Error: HTTPSConnectionPool(host='onlinecourses.nptel.ac.in', port=443): Max retries exceeded with url: /e-learning/api/coursepreview?course_id=noc26_hs204 (Caused by NameResolutionError(""HTTPSConnection(host='onlinecourses.nptel.ac.in', port=443): Failed to resolve 'onlinecourses.nptel.ac.in' ([Errno 11001] getaddrinfo failed)""))"
noc26_hs206,"Error: HTTPSConnectionPool(host='onlinecourses.nptel.ac.in', port=443): Max retries exceeded with url: /e-learning/api/coursepreview?course_id=noc26_hs206 (Caused by NameResolutionError(""HTTPSConnection(host='onlinecourses.nptel.ac.in', port=443): Failed to resolve 'onlinecourses.nptel.ac.in' ([Errno 11001] getaddrinfo failed)""))"
noc26_hs207,"Error: HTTPSConnectionPool(host='onlinecourses.nptel.ac.in', port=443): Max retries exceeded with url: /e-learning/api/coursepreview?course_id=noc26_hs207 (Caused by NameResolutionError(""HTTPSConnection(host='onlinecourses.nptel.ac.in', port=443): Failed to resolve 'onlinecourses.nptel.ac.in' ([Errno 11001] getaddrinfo failed)""))"
noc26_hs208,"Error: HTTPSConnectionPool(host='onlinecourses.nptel.ac.in', port=443): Max retries exceeded with url: /e-learning/api/coursepreview?course_id=noc26_hs208 (Caused by NameResolutionError(""HTTPSConnection(host='onlinecourses.nptel.ac.in', port=443): Failed to resolve 'onlinecourses.nptel.ac.in' ([Errno 11001] getaddrinfo failed)""))"
noc26_hs209,"Error: HTTPSConnectionPool(host='onlinecourses.nptel.ac.in', port=443): Max retries exceeded with url: /e-learning/api/coursepreview?course_id=noc26_hs209 (Caused by NameResolutionError(""HTTPSConnection(host='onlinecourses.nptel.ac.in', port=443): Failed to resolve 'onlinecourses.nptel.ac.in' ([Errno 11001] getaddrinfo failed)""))"
noc26_hs210,"Error: HTTPSConnectionPool(host='onlinecourses.nptel.ac.in', port=443): Max retries exceeded with url: /e-learning/api/coursepreview?course_id=noc26_hs210 (Caused by NameResolutionError(""HTTPSConnection(host='onlinecourses.nptel.ac.in', port=443): Failed to resolve 'onlinecourses.nptel.ac.in' ([Errno 11001] getaddrinfo failed)""))"
noc26_hs211,"Error: HTTPSConnectionPool(host='onlinecourses.nptel.ac.in', port=443): Max retries exceeded with url: /e-learning/api/coursepreview?course_id=noc26_hs211 (Caused by NameResolutionError(""HTTPSConnection(host='onlinecourses.nptel.ac.in', port=443): Failed to resolve 'onlinecourses.nptel.ac.in' ([Errno 11001] getaddrinfo failed)""))"
noc26_hs212,"Error: HTTPSConnectionPool(host='onlinecourses.nptel.ac.in', port=443): Max retries exceeded with url: /e-learning/api/coursepreview?course_id=noc26_hs212 (Caused by NameResolutionError(""HTTPSConnection(host='onlinecourses.nptel.ac.in', port=443): Failed to resolve 'onlinecourses.nptel.ac.in' ([Errno 11001] getaddrinfo failed)""))"
noc26_hs213,"Error: HTTPSConnectionPool(host='onlinecourses.nptel.ac.in', port=443): Max retries exceeded with url: /e-learning/api/coursepreview?course_id=noc26_hs213 (Caused by NameResolutionError(""HTTPSConnection(host='onlinecourses.nptel.ac.in', port=443): Failed to resolve 'onlinecourses.nptel.ac.in' ([Errno 11001] getaddrinfo failed)""))"
noc26_hs214,"Error: HTTPSConnectionPool(host='onlinecourses.nptel.ac.in', port=443): Max retries exceeded with url: /e-learning/api/coursepreview?course_id=noc26_hs214 (Caused by NameResolutionError(""HTTPSConnection(host='onlinecourses.nptel.ac.in', port=443): Failed to resolve 'onlinecourses.nptel.ac.in' ([Errno 11001] getaddrinfo failed)""))"
noc26_hs215,"Error: HTTPSConnectionPool(host='onlinecourses.nptel.ac.in', port=443): Max retries exceeded with url: /e-learning/api/coursepreview?course_id=noc26_hs215 (Caused by NameResolutionError(""HTTPSConnection(host='onlinecourses.nptel.ac.in', port=443): Failed to resolve 'onlinecourses.nptel.ac.in' ([Errno 11001] getaddrinfo failed)""))"
noc26_hs216,"Error: HTTPSConnectionPool(host='onlinecourses.nptel.ac.in', port=443): Max retries exceeded with url: /e-learning/api/coursepreview?course_id=noc26_hs216 (Caused by NameResolutionError(""HTTPSConnection(host='onlinecourses.nptel.ac.in', port=443): Failed to resolve 'onlinecourses.nptel.ac.in' ([Errno 11001] getaddrinfo failed)""))"
noc26_hs217,"Error: HTTPSConnectionPool(host='onlinecourses.nptel.ac.in', port=443): Max retries exceeded with url: /e-learning/api/coursepreview?course_id=noc26_hs217 (Caused by NameResolutionError(""HTTPSConnection(host='onlinecourses.nptel.ac.in', port=443): Failed to resolve 'onlinecourses.nptel.ac.in' ([Errno 11001] getaddrinfo failed)""))"
noc26_hs218,"Error: HTTPSConnectionPool(host='onlinecourses.nptel.ac.in', port=443): Max retries exceeded with url: /e-learning/api/coursepreview?course_id=noc26_hs218 (Caused by NameResolutionError(""HTTPSConnection(host='onlinecourses.nptel.ac.in', port=443): Failed to resolve 'onlinecourses.nptel.ac.in' ([Errno 11001] getaddrinfo failed)""))"
noc26_hs219,"Error: HTTPSConnectionPool(host='onlinecourses.nptel.ac.in', port=443): Max retries exceeded with url: /e-learning/api/coursepreview?course_id=noc26_hs219 (Caused by NameResolutionError(""HTTPSConnection(host='onlinecourses.nptel.ac.in', port=443): Failed to resolve 'onlinecourses.nptel.ac.in' ([Errno 11001] getaddrinfo failed)""))"
noc26_hs220,"Error: HTTPSConnectionPool(host='onlinecourses.nptel.ac.in', port=443): Max retries exceeded with url: /e-learning/api/coursepreview?course_id=noc26_hs220 (Caused by NameResolutionError(""HTTPSConnection(host='onlinecourses.nptel.ac.in', port=443): Failed to resolve 'onlinecourses.nptel.ac.in' ([Errno 11001] getaddrinfo failed)""))"
noc26_hs221,"Error: HTTPSConnectionPool(host='onlinecourses.nptel.ac.in', port=443): Max retries exceeded with url: /e-learning/api/coursepreview?course_id=noc26_hs221 (Caused by NameResolutionError(""HTTPSConnection(host='onlinecourses.nptel.ac.in', port=443): Failed to resolve 'onlinecourses.nptel.ac.in' ([Errno 11001] getaddrinfo failed)""))"
noc26_hs222,"Error: HTTPSConnectionPool(host='onlinecourses.nptel.ac.in', port=443): Max retries exceeded with url: /e-learning/api/coursepreview?course_id=noc26_hs222 (Caused by NameResolutionError(""HTTPSConnection(host='onlinecourses.nptel.ac.in', port=443): Failed to resolve 'onlinecourses.nptel.ac.in' ([Errno 11001] getaddrinfo failed)""))"
noc26_hs223,"Error: HTTPSConnectionPool(host='onlinecourses.nptel.ac.in', port=443): Max retries exceeded with url: /e-learning/api/coursepreview?course_id=noc26_hs223 (Caused by NameResolutionError(""HTTPSConnection(host='onlinecourses.nptel.ac.in', port=443): Failed to resolve 'onlinecourses.nptel.ac.in' ([Errno 11001] getaddrinfo failed)""))"
noc26_hs224,"Error: HTTPSConnectionPool(host='onlinecourses.nptel.ac.in', port=443): Max retries exceeded with url: /e-learning/api/coursepreview?course_id=noc26_hs224 (Caused by NameResolutionError(""HTTPSConnection(host='onlinecourses.nptel.ac.in', port=443): Failed to resolve 'onlinecourses.nptel.ac.in' ([Errno 11001] getaddrinfo failed)""))"
noc26_hs225,"Error: HTTPSConnectionPool(host='onlinecourses.nptel.ac.in', port=443): Max retries exceeded with url: /e-learning/api/coursepreview?course_id=noc26_hs225 (Caused by NameResolutionError(""HTTPSConnection(host='onlinecourses.nptel.ac.in', port=443): Failed to resolve 'onlinecourses.nptel.ac.in' ([Errno 11001] getaddrinfo failed)""))"
noc26_hs226,"Error: HTTPSConnectionPool(host='onlinecourses.nptel.ac.in', port=443): Max retries exceeded with url: /e-learning/api/coursepreview?course_id=noc26_hs226 (Caused by NameResolutionError(""HTTPSConnection(host='onlinecourses.nptel.ac.in', port=443): Failed to resolve 'onlinecourses.nptel.ac.in' ([Errno 11001] getaddrinfo failed)""))"
noc26_hs228,"Error: HTTPSConnectionPool(host='onlinecourses.nptel.ac.in', port=443): Max retries exceeded with url: /e-learning/api/coursepreview?course_id=noc26_hs228 (Caused by NameResolutionError(""HTTPSConnection(host='onlinecourses.nptel.ac.in', port=443): Failed to resolve 'onlinecourses.nptel.ac.in' ([Errno 11001] getaddrinfo failed)""))"
noc26_hs229,"Error: HTTPSConnectionPool(host='onlinecourses.nptel.ac.in', port=443): Max retries exceeded with url: /e-learning/api/coursepreview?course_id=noc26_hs229 (Caused by NameResolutionError(""HTTPSConnection(host='onlinecourses.nptel.ac.in', port=443): Failed to resolve 'onlinecourses.nptel.ac.in' ([Errno 11001] getaddrinfo failed)""))"
noc26_hs230,"Error: HTTPSConnectionPool(host='onlinecourses.nptel.ac.in', port=443): Max retries exceeded with url: /e-learning/api/coursepreview?course_id=noc26_hs230 (Caused by NameResolutionError(""HTTPSConnection(host='onlinecourses.nptel.ac.in', port=443): Failed to resolve 'onlinecourses.nptel.ac.in' ([Errno 11001] getaddrinfo failed)""))"
noc26_hs231,"Error: HTTPSConnectionPool(host='onlinecourses.nptel.ac.in', port=443): Max retries exceeded with url: /e-learning/api/coursepreview?course_id=noc26_hs231 (Caused by NameResolutionError(""HTTPSConnection(host='onlinecourses.nptel.ac.in', port=443): Failed to resolve 'onlinecourses.nptel.ac.in' ([Errno 11001] getaddrinfo failed)""))"
noc26_hs232,"Error: HTTPSConnectionPool(host='onlinecourses.nptel.ac.in', port=443): Max retries exceeded with url: /e-learning/api/coursepreview?course_id=noc26_hs232 (Caused by NameResolutionError(""HTTPSConnection(host='onlinecourses.nptel.ac.in', port=443): Failed to resolve 'onlinecourses.nptel.ac.in' ([Errno 11001] getaddrinfo failed)""))"
noc26_hs233,"Error: HTTPSConnectionPool(host='onlinecourses.nptel.ac.in', port=443): Max retries exceeded with url: /e-learning/api/coursepreview?course_id=noc26_hs233 (Caused by NameResolutionError(""HTTPSConnection(host='onlinecourses.nptel.ac.in', port=443): Failed to resolve 'onlinecourses.nptel.ac.in' ([Errno 11001] getaddrinfo failed)""))"
noc26_hs234,"Error: HTTPSConnectionPool(host='onlinecourses.nptel.ac.in', port=443): Max retries exceeded with url: /e-learning/api/coursepreview?course_id=noc26_hs234 (Caused by NameResolutionError(""HTTPSConnection(host='onlinecourses.nptel.ac.in', port=443): Failed to resolve 'onlinecourses.nptel.ac.in' ([Errno 11001] getaddrinfo failed)""))"
noc26_hs235,"Error: HTTPSConnectionPool(host='onlinecourses.nptel.ac.in', port=443): Max retries exceeded with url: /e-learning/api/coursepreview?course_id=noc26_hs235 (Caused by NameResolutionError(""HTTPSConnection(host='onlinecourses.nptel.ac.in', port=443): Failed to resolve 'onlinecourses.nptel.ac.in' ([Errno 11001] getaddrinfo failed)""))"
noc26_hs236,"Error: HTTPSConnectionPool(host='onlinecourses.nptel.ac.in', port=443): Max retries exceeded with url: /e-learning/api/coursepreview?course_id=noc26_hs236 (Caused by NameResolutionError(""HTTPSConnection(host='onlinecourses.nptel.ac.in', port=443): Failed to resolve 'onlinecourses.nptel.ac.in' ([Errno 11001] getaddrinfo failed)""))"
noc26_hs237,"Error: HTTPSConnectionPool(host='onlinecourses.nptel.ac.in', port=443): Max retries exceeded with url: /e-learning/api/coursepreview?course_id=noc26_hs237 (Caused by NameResolutionError(""HTTPSConnection(host='onlinecourses.nptel.ac.in', port=443): Failed to resolve 'onlinecourses.nptel.ac.in' ([Errno 11001] getaddrinfo failed)""))"
noc26_hs238,"Error: HTTPSConnectionPool(host='onlinecourses.nptel.ac.in', port=443): Max retries exceeded with url: /e-learning/api/coursepreview?course_id=noc26_hs238 (Caused by NameResolutionError(""HTTPSConnection(host='onlinecourses.nptel.ac.in', port=443): Failed to resolve 'onlinecourses.nptel.ac.in' ([Errno 11001] getaddrinfo failed)""))"
noc26_hs239,"Error: HTTPSConnectionPool(host='onlinecourses.nptel.ac.in', port=443): Max retries exceeded with url: /e-learning/api/coursepreview?course_id=noc26_hs239 (Caused by NameResolutionError(""HTTPSConnection(host='onlinecourses.nptel.ac.in', port=443): Failed to resolve 'onlinecourses.nptel.ac.in' ([Errno 11001] getaddrinfo failed)""))"
noc26_hs240,"Error: HTTPSConnectionPool(host='onlinecourses.nptel.ac.in', port=443): Max retries exceeded with url: /e-learning/api/coursepreview?course_id=noc26_hs240 (Caused by NameResolutionError(""HTTPSConnection(host='onlinecourses.nptel.ac.in', port=443): Failed to resolve 'onlinecourses.nptel.ac.in' ([Errno 11001] getaddrinfo failed)""))"
noc26_hs241,"Error: HTTPSConnectionPool(host='onlinecourses.nptel.ac.in', port=443): Max retries exceeded with url: /e-learning/api/coursepreview?course_id=noc26_hs241 (Caused by NameResolutionError(""HTTPSConnection(host='onlinecourses.nptel.ac.in', port=443): Failed to resolve 'onlinecourses.nptel.ac.in' ([Errno 11001] getaddrinfo failed)""))"
noc26_hs242,"Error: HTTPSConnectionPool(host='onlinecourses.nptel.ac.in', port=443): Max retries exceeded with url: /e-learning/api/coursepreview?course_id=noc26_hs242 (Caused by NameResolutionError(""HTTPSConnection(host='onlinecourses.nptel.ac.in', port=443): Failed to resolve 'onlinecourses.nptel.ac.in' ([Errno 11001] getaddrinfo failed)""))"
noc26_hs243,"Error: HTTPSConnectionPool(host='onlinecourses.nptel.ac.in', port=443): Max retries exceeded with url: /e-learning/api/coursepreview?course_id=noc26_hs243 (Caused by NameResolutionError(""HTTPSConnection(host='onlinecourses.nptel.ac.in', port=443): Failed to resolve 'onlinecourses.nptel.ac.in' ([Errno 11001] getaddrinfo failed)""))"
noc26_hs244,"Error: HTTPSConnectionPool(host='onlinecourses.nptel.ac.in', port=443): Max retries exceeded with url: /e-learning/api/coursepreview?course_id=noc26_hs244 (Caused by NameResolutionError(""HTTPSConnection(host='onlinecourses.nptel.ac.in', port=443): Failed to resolve 'onlinecourses.nptel.ac.in' ([Errno 11001] getaddrinfo failed)""))"
noc26_hs245,"Error: HTTPSConnectionPool(host='onlinecourses.nptel.ac.in', port=443): Max retries exceeded with url: /e-learning/api/coursepreview?course_id=noc26_hs245 (Caused by NameResolutionError(""HTTPSConnection(host='onlinecourses.nptel.ac.in', port=443): Failed to resolve 'onlinecourses.nptel.ac.in' ([Errno 11001] getaddrinfo failed)""))"
noc26_hs246,"Error: HTTPSConnectionPool(host='onlinecourses.nptel.ac.in', port=443): Max retries exceeded with url: /e-learning/api/coursepreview?course_id=noc26_hs246 (Caused by NameResolutionError(""HTTPSConnection(host='onlinecourses.nptel.ac.in', port=443): Failed to resolve 'onlinecourses.nptel.ac.in' ([Errno 11001] getaddrinfo failed)""))"
noc26_hs247,"Error: HTTPSConnectionPool(host='onlinecourses.nptel.ac.in', port=443): Max retries exceeded with url: /e-learning/api/coursepreview?course_id=noc26_hs247 (Caused by NameResolutionError(""HTTPSConnection(host='onlinecourses.nptel.ac.in', port=443): Failed to resolve 'onlinecourses.nptel.ac.in' ([Errno 11001] getaddrinfo failed)""))"
noc26_hs248,"Error: HTTPSConnectionPool(host='onlinecourses.nptel.ac.in', port=443): Max retries exceeded with url: /e-learning/api/coursepreview?course_id=noc26_hs248 (Caused by NameResolutionError(""HTTPSConnection(host='onlinecourses.nptel.ac.in', port=443): Failed to resolve 'onlinecourses.nptel.ac.in' ([Errno 11001] getaddrinfo failed)""))"
noc26_hs249,"Error: HTTPSConnectionPool(host='onlinecourses.nptel.ac.in', port=443): Max retries exceeded with url: /e-learning/api/coursepreview?course_id=noc26_hs249 (Caused by NameResolutionError(""HTTPSConnection(host='onlinecourses.nptel.ac.in', port=443): Failed to resolve 'onlinecourses.nptel.ac.in' ([Errno 11001] getaddrinfo failed)""))"
noc26_hs250,"Error: HTTPSConnectionPool(host='onlinecourses.nptel.ac.in', port=443): Max retries exceeded with url: /e-learning/api/coursepreview?course_id=noc26_hs250 (Caused by NameResolutionError(""HTTPSConnection(host='onlinecourses.nptel.ac.in', port=443): Failed to resolve 'onlinecourses.nptel.ac.in' ([Errno 11001] getaddrinfo failed)""))"
noc26_hs251,"Error: HTTPSConnectionPool(host='onlinecourses.nptel.ac.in', port=443): Max retries exceeded with url: /e-learning/api/coursepreview?course_id=noc26_hs251 (Caused by NameResolutionError(""HTTPSConnection(host='onlinecourses.nptel.ac.in', port=443): Failed to resolve 'onlinecourses.nptel.ac.in' ([Errno 11001] getaddrinfo failed)""))"
noc26_hs252,"Error: HTTPSConnectionPool(host='onlinecourses.nptel.ac.in', port=443): Max retries exceeded with url: /e-learning/api/coursepreview?course_id=noc26_hs252 (Caused by NameResolutionError(""HTTPSConnection(host='onlinecourses.nptel.ac.in', port=443): Failed to resolve 'onlinecourses.nptel.ac.in' ([Errno 11001] getaddrinfo failed)""))"
noc26_hs253,"Error: HTTPSConnectionPool(host='onlinecourses.nptel.ac.in', port=443): Max retries exceeded with url: /e-learning/api/coursepreview?course_id=noc26_hs253 (Caused by NameResolutionError(""HTTPSConnection(host='onlinecourses.nptel.ac.in', port=443): Failed to resolve 'onlinecourses.nptel.ac.in' ([Errno 11001] getaddrinfo failed)""))"
noc26_hs254,"Error: HTTPSConnectionPool(host='onlinecourses.nptel.ac.in', port=443): Max retries exceeded with url: /e-learning/api/coursepreview?course_id=noc26_hs254 (Caused by NameResolutionError(""HTTPSConnection(host='onlinecourses.nptel.ac.in', port=443): Failed to resolve 'onlinecourses.nptel.ac.in' ([Errno 11001] getaddrinfo failed)""))"
noc26_lw11,"Error: HTTPSConnectionPool(host='onlinecourses.nptel.ac.in', port=443): Max retries exceeded with url: /e-learning/api/coursepreview?course_id=noc26_lw11 (Caused by NameResolutionError(""HTTPSConnection(host='onlinecourses.nptel.ac.in', port=443): Failed to resolve 'onlinecourses.nptel.ac.in' ([Errno 11001] getaddrinfo failed)""))"
noc26_lw12,"Error: HTTPSConnectionPool(host='onlinecourses.nptel.ac.in', port=443): Max retries exceeded with url: /e-learning/api/coursepreview?course_id=noc26_lw12 (Caused by NameResolutionError(""HTTPSConnection(host='onlinecourses.nptel.ac.in', port=443): Failed to resolve 'onlinecourses.nptel.ac.in' ([Errno 11001] getaddrinfo failed)""))"
noc26_lw13,"Error: HTTPSConnectionPool(host='onlinecourses.nptel.ac.in', port=443): Max retries exceeded with url: /e-learning/api/coursepreview?course_id=noc26_lw13 (Caused by NameResolutionError(""HTTPSConnection(host='onlinecourses.nptel.ac.in', port=443): Failed to resolve 'onlinecourses.nptel.ac.in' ([Errno 11001] getaddrinfo failed)""))"
noc26_lw14,"Error: HTTPSConnectionPool(host='onlinecourses.nptel.ac.in', port=443): Max retries exceeded with url: /e-learning/api/coursepreview?course_id=noc26_lw14 (Caused by NameResolutionError(""HTTPSConnection(host='onlinecourses.nptel.ac.in', port=443): Failed to resolve 'onlinecourses.nptel.ac.in' ([Errno 11001] getaddrinfo failed)""))"
noc26_lw15,"Error: HTTPSConnectionPool(host='onlinecourses.nptel.ac.in', port=443): Max retries exceeded with url: /e-learning/api/coursepreview?course_id=noc26_lw15 (Caused by NameResolutionError(""HTTPSConnection(host='onlinecourses.nptel.ac.in', port=443): Failed to resolve 'onlinecourses.nptel.ac.in' ([Errno 11001] getaddrinfo failed)""))"
noc26_lw16,"Error: HTTPSConnectionPool(host='onlinecourses.nptel.ac.in', port=443): Max retries exceeded with url: /e-learning/api/coursepreview?course_id=noc26_lw16 (Caused by NameResolutionError(""HTTPSConnection(host='onlinecourses.nptel.ac.in', port=443): Failed to resolve 'onlinecourses.nptel.ac.in' ([Errno 11001] getaddrinfo failed)""))"
noc26_lw17,"Error: HTTPSConnectionPool(host='onlinecourses.nptel.ac.in', port=443): Max retries exceeded with url: /e-learning/api/coursepreview?course_id=noc26_lw17 (Caused by NameResolutionError(""HTTPSConnection(host='onlinecourses.nptel.ac.in', port=443): Failed to resolve 'onlinecourses.nptel.ac.in' ([Errno 11001] getaddrinfo failed)""))"
noc26_lw18,"Error: HTTPSConnectionPool(host='onlinecourses.nptel.ac.in', port=443): Max retries exceeded with url: /e-learning/api/coursepreview?course_id=noc26_lw18 (Caused by NameResolutionError(""HTTPSConnection(host='onlinecourses.nptel.ac.in', port=443): Failed to resolve 'onlinecourses.nptel.ac.in' ([Errno 11001] getaddrinfo failed)""))"
noc26_lw19,"Error: HTTPSConnectionPool(host='onlinecourses.nptel.ac.in', port=443): Max retries exceeded with url: /e-learning/api/coursepreview?course_id=noc26_lw19 (Caused by NameResolutionError(""HTTPSConnection(host='onlinecourses.nptel.ac.in', port=443): Failed to resolve 'onlinecourses.nptel.ac.in' ([Errno 11001] getaddrinfo failed)""))"
noc26_lw20,"Error: HTTPSConnectionPool(host='onlinecourses.nptel.ac.in', port=443): Max retries exceeded with url: /e-learning/api/coursepreview?course_id=noc26_lw20 (Caused by NameResolutionError(""HTTPSConnection(host='onlinecourses.nptel.ac.in', port=443): Failed to resolve 'onlinecourses.nptel.ac.in' ([Errno 11001] getaddrinfo failed)""))"
noc26_lw21,"Error: HTTPSConnectionPool(host='onlinecourses.nptel.ac.in', port=443): Max retries exceeded with url: /e-learning/api/coursepreview?course_id=noc26_lw21 (Caused by NameResolutionError(""HTTPSConnection(host='onlinecourses.nptel.ac.in', port=443): Failed to resolve 'onlinecourses.nptel.ac.in' ([Errno 11001] getaddrinfo failed)""))"
noc26_lw22,"Error: HTTPSConnectionPool(host='onlinecourses.nptel.ac.in', port=443): Max retries exceeded with url: /e-learning/api/coursepreview?course_id=noc26_lw22 (Caused by NameResolutionError(""HTTPSConnection(host='onlinecourses.nptel.ac.in', port=443): Failed to resolve 'onlinecourses.nptel.ac.in' ([Errno 11001] getaddrinfo failed)""))"
noc26_lw23,"Error: HTTPSConnectionPool(host='onlinecourses.nptel.ac.in', port=443): Max retries exceeded with url: /e-learning/api/coursepreview?course_id=noc26_lw23 (Caused by NameResolutionError(""HTTPSConnection(host='onlinecourses.nptel.ac.in', port=443): Failed to resolve 'onlinecourses.nptel.ac.in' ([Errno 11001] getaddrinfo failed)""))"
noc26_lw24,"Error: HTTPSConnectionPool(host='onlinecourses.nptel.ac.in', port=443): Max retries exceeded with url: /e-learning/api/coursepreview?course_id=noc26_lw24 (Caused by NameResolutionError(""HTTPSConnection(host='onlinecourses.nptel.ac.in', port=443): Failed to resolve 'onlinecourses.nptel.ac.in' ([Errno 11001] getaddrinfo failed)""))"
noc26_lw25,"Error: HTTPSConnectionPool(host='onlinecourses.nptel.ac.in', port=443): Max retries exceeded with url: /e-learning/api/coursepreview?course_id=noc26_lw25 (Caused by NameResolutionError(""HTTPSConnection(host='onlinecourses.nptel.ac.in', port=443): Failed to resolve 'onlinecourses.nptel.ac.in' ([Errno 11001] getaddrinfo failed)""))"
noc26_lw26,"Error: HTTPSConnectionPool(host='onlinecourses.nptel.ac.in', port=443): Max retries exceeded with url: /e-learning/api/coursepreview?course_id=noc26_lw26 (Caused by NameResolutionError(""HTTPSConnection(host='onlinecourses.nptel.ac.in', port=443): Failed to resolve 'onlinecourses.nptel.ac.in' ([Errno 11001] getaddrinfo failed)""))"
noc26_lw27,"Error: HTTPSConnectionPool(host='onlinecourses.nptel.ac.in', port=443): Max retries exceeded with url: /e-learning/api/coursepreview?course_id=noc26_lw27 (Caused by NameResolutionError(""HTTPSConnection(host='onlinecourses.nptel.ac.in', port=443): Failed to resolve 'onlinecourses.nptel.ac.in' ([Errno 11001] getaddrinfo failed)""))"
noc26_lw28,"Error: HTTPSConnectionPool(host='onlinecourses.nptel.ac.in', port=443): Max retries exceeded with url: /e-learning/api/coursepreview?course_id=noc26_lw28 (Caused by NameResolutionError(""HTTPSConnection(host='onlinecourses.nptel.ac.in', port=443): Failed to resolve 'onlinecourses.nptel.ac.in' ([Errno 11001] getaddrinfo failed)""))"
noc26_ma100,"Error: HTTPSConnectionPool(host='onlinecourses.nptel.ac.in', port=443): Max retries exceeded with url: /e-learning/api/coursepreview?course_id=noc26_ma100 (Caused by NameResolutionError(""HTTPSConnection(host='onlinecourses.nptel.ac.in', port=443): Failed to resolve 'onlinecourses.nptel.ac.in' ([Errno 11001] getaddrinfo failed)""))"
noc26_ma101,"Error: HTTPSConnectionPool(host='onlinecourses.nptel.ac.in', port=443): Max retries exceeded with url: /e-learning/api/coursepreview?course_id=noc26_ma101 (Caused by NameResolutionError(""HTTPSConnection(host='onlinecourses.nptel.ac.in', port=443): Failed to resolve 'onlinecourses.nptel.ac.in' ([Errno 11001] getaddrinfo failed)""))"
noc26_ma102,"Error: HTTPSConnectionPool(host='onlinecourses.nptel.ac.in', port=443): Max retries exceeded with url: /e-learning/api/coursepreview?course_id=noc26_ma102 (Caused by NameResolutionError(""HTTPSConnection(host='onlinecourses.nptel.ac.in', port=443): Failed to resolve 'onlinecourses.nptel.ac.in' ([Errno 11001] getaddrinfo failed)""))"
noc26_ma103,"Error: HTTPSConnectionPool(host='onlinecourses.nptel.ac.in', port=443): Max retries exceeded with url: /e-learning/api/coursepreview?course_id=noc26_ma103 (Caused by NameResolutionError(""HTTPSConnection(host='onlinecourses.nptel.ac.in', port=443): Failed to resolve 'onlinecourses.nptel.ac.in' ([Errno 11001] getaddrinfo failed)""))"
noc26_ma104,"Error: HTTPSConnectionPool(host='onlinecourses.nptel.ac.in', port=443): Max retries exceeded with url: /e-learning/api/coursepreview?course_id=noc26_ma104 (Caused by NameResolutionError(""HTTPSConnection(host='onlinecourses.nptel.ac.in', port=443): Failed to resolve 'onlinecourses.nptel.ac.in' ([Errno 11001] getaddrinfo failed)""))"
noc26_ma105,"Error: HTTPSConnectionPool(host='onlinecourses.nptel.ac.in', port=443): Max retries exceeded with url: /e-learning/api/coursepreview?course_id=noc26_ma105 (Caused by NameResolutionError(""HTTPSConnection(host='onlinecourses.nptel.ac.in', port=443): Failed to resolve 'onlinecourses.nptel.ac.in' ([Errno 11001] getaddrinfo failed)""))"
noc26_ma106,"Error: HTTPSConnectionPool(host='onlinecourses.nptel.ac.in', port=443): Max retries exceeded with url: /e-learning/api/coursepreview?course_id=noc26_ma106 (Caused by NameResolutionError(""HTTPSConnection(host='onlinecourses.nptel.ac.in', port=443): Failed to resolve 'onlinecourses.nptel.ac.in' ([Errno 11001] getaddrinfo failed)""))"
noc26_ma107,"Error: HTTPSConnectionPool(host='onlinecourses.nptel.ac.in', port=443): Max retries exceeded with url: /e-learning/api/coursepreview?course_id=noc26_ma107 (Caused by NameResolutionError(""HTTPSConnection(host='onlinecourses.nptel.ac.in', port=443): Failed to resolve 'onlinecourses.nptel.ac.in' ([Errno 11001] getaddrinfo failed)""))"
noc26_ma108,"Error: HTTPSConnectionPool(host='onlinecourses.nptel.ac.in', port=443): Max retries exceeded with url: /e-learning/api/coursepreview?course_id=noc26_ma108 (Caused by NameResolutionError(""HTTPSConnection(host='onlinecourses.nptel.ac.in', port=443): Failed to resolve 'onlinecourses.nptel.ac.in' ([Errno 11001] getaddrinfo failed)""))"
noc26_ma109,"Error: HTTPSConnectionPool(host='onlinecourses.nptel.ac.in', port=443): Max retries exceeded with url: /e-learning/api/coursepreview?course_id=noc26_ma109 (Caused by NameResolutionError(""HTTPSConnection(host='onlinecourses.nptel.ac.in', port=443): Failed to resolve 'onlinecourses.nptel.ac.in' ([Errno 11001] getaddrinfo failed)""))"
noc26_ma110,"Error: HTTPSConnectionPool(host='onlinecourses.nptel.ac.in', port=443): Max retries exceeded with url: /e-learning/api/coursepreview?course_id=noc26_ma110 (Caused by NameResolutionError(""HTTPSConnection(host='onlinecourses.nptel.ac.in', port=443): Failed to resolve 'onlinecourses.nptel.ac.in' ([Errno 11001] getaddrinfo failed)""))"
noc26_ma111,"Error: HTTPSConnectionPool(host='onlinecourses.nptel.ac.in', port=443): Max retries exceeded with url: /e-learning/api/coursepreview?course_id=noc26_ma111 (Caused by NameResolutionError(""HTTPSConnection(host='onlinecourses.nptel.ac.in', port=443): Failed to resolve 'onlinecourses.nptel.ac.in' ([Errno 11001] getaddrinfo failed)""))"
noc26_ma112,"Error: HTTPSConnectionPool(host='onlinecourses.nptel.ac.in', port=443): Max retries exceeded with url: /e-learning/api/coursepreview?course_id=noc26_ma112 (Caused by NameResolutionError(""HTTPSConnection(host='onlinecourses.nptel.ac.in', port=443): Failed to resolve 'onlinecourses.nptel.ac.in' ([Errno 11001] getaddrinfo failed)""))"
noc26_ma113,"Error: HTTPSConnectionPool(host='onlinecourses.nptel.ac.in', port=443): Max retries exceeded with url: /e-learning/api/coursepreview?course_id=noc26_ma113 (Caused by NameResolutionError(""HTTPSConnection(host='onlinecourses.nptel.ac.in', port=443): Failed to resolve 'onlinecourses.nptel.ac.in' ([Errno 11001] getaddrinfo failed)""))"
noc26_ma114,"Error: HTTPSConnectionPool(host='onlinecourses.nptel.ac.in', port=443): Max retries exceeded with url: /e-learning/api/coursepreview?course_id=noc26_ma114 (Caused by NameResolutionError(""HTTPSConnection(host='onlinecourses.nptel.ac.in', port=443): Failed to resolve 'onlinecourses.nptel.ac.in' ([Errno 11001] getaddrinfo failed)""))"
noc26_ma115,"Error: HTTPSConnectionPool(host='onlinecourses.nptel.ac.in', port=443): Max retries exceeded with url: /e-learning/api/coursepreview?course_id=noc26_ma115 (Caused by NameResolutionError(""HTTPSConnection(host='onlinecourses.nptel.ac.in', port=443): Failed to resolve 'onlinecourses.nptel.ac.in' ([Errno 11001] getaddrinfo failed)""))"
noc26_ma116,"Error: HTTPSConnectionPool(host='onlinecourses.nptel.ac.in', port=443): Max retries exceeded with url: /e-learning/api/coursepreview?course_id=noc26_ma116 (Caused by NameResolutionError(""HTTPSConnection(host='onlinecourses.nptel.ac.in', port=443): Failed to resolve 'onlinecourses.nptel.ac.in' ([Errno 11001] getaddrinfo failed)""))"
noc26_ma117,"Error: HTTPSConnectionPool(host='onlinecourses.nptel.ac.in', port=443): Max retries exceeded with url: /e-learning/api/coursepreview?course_id=noc26_ma117 (Caused by NameResolutionError(""HTTPSConnection(host='onlinecourses.nptel.ac.in', port=443): Failed to resolve 'onlinecourses.nptel.ac.in' ([Errno 11001] getaddrinfo failed)""))"
noc26_ma118,"Error: HTTPSConnectionPool(host='onlinecourses.nptel.ac.in', port=443): Max retries exceeded with url: /e-learning/api/coursepreview?course_id=noc26_ma118 (Caused by NameResolutionError(""HTTPSConnection(host='onlinecourses.nptel.ac.in', port=443): Failed to resolve 'onlinecourses.nptel.ac.in' ([Errno 11001] getaddrinfo failed)""))"
noc26_ma119,"Error: HTTPSConnectionPool(host='onlinecourses.nptel.ac.in', port=443): Max retries exceeded with url: /e-learning/api/coursepreview?course_id=noc26_ma119 (Caused by NameResolutionError(""HTTPSConnection(host='onlinecourses.nptel.ac.in', port=443): Failed to resolve 'onlinecourses.nptel.ac.in' ([Errno 11001] getaddrinfo failed)""))"
noc26_ma120,"Error: HTTPSConnectionPool(host='onlinecourses.nptel.ac.in', port=443): Max retries exceeded with url: /e-learning/api/coursepreview?course_id=noc26_ma120 (Caused by NameResolutionError(""HTTPSConnection(host='onlinecourses.nptel.ac.in', port=443): Failed to resolve 'onlinecourses.nptel.ac.in' ([Errno 11001] getaddrinfo failed)""))"
noc26_ma121,"Error: HTTPSConnectionPool(host='onlinecourses.nptel.ac.in', port=443): Max retries exceeded with url: /e-learning/api/coursepreview?course_id=noc26_ma121 (Caused by NameResolutionError(""HTTPSConnection(host='onlinecourses.nptel.ac.in', port=443): Failed to resolve 'onlinecourses.nptel.ac.in' ([Errno 11001] getaddrinfo failed)""))"
noc26_ma122,"Error: HTTPSConnectionPool(host='onlinecourses.nptel.ac.in', port=443): Max retries exceeded with url: /e-learning/api/coursepreview?course_id=noc26_ma122 (Caused by NameResolutionError(""HTTPSConnection(host='onlinecourses.nptel.ac.in', port=443): Failed to resolve 'onlinecourses.nptel.ac.in' ([Errno 11001] getaddrinfo failed)""))"
noc26_ma123,"Error: HTTPSConnectionPool(host='onlinecourses.nptel.ac.in', port=443): Max retries exceeded with url: /e-learning/api/coursepreview?course_id=noc26_ma123 (Caused by NameResolutionError(""HTTPSConnection(host='onlinecourses.nptel.ac.in', port=443): Failed to resolve 'onlinecourses.nptel.ac.in' ([Errno 11001] getaddrinfo failed)""))"
noc26_ma124,"Error: HTTPSConnectionPool(host='onlinecourses.nptel.ac.in', port=443): Max retries exceeded with url: /e-learning/api/coursepreview?course_id=noc26_ma124 (Caused by NameResolutionError(""HTTPSConnection(host='onlinecourses.nptel.ac.in', port=443): Failed to resolve 'onlinecourses.nptel.ac.in' ([Errno 11001] getaddrinfo failed)""))"
noc26_ma125,"Error: HTTPSConnectionPool(host='onlinecourses.nptel.ac.in', port=443): Max retries exceeded with url: /e-learning/api/coursepreview?course_id=noc26_ma125 (Caused by NameResolutionError(""HTTPSConnection(host='onlinecourses.nptel.ac.in', port=443): Failed to resolve 'onlinecourses.nptel.ac.in' ([Errno 11001] getaddrinfo failed)""))"
noc26_ma126,"Error: HTTPSConnectionPool(host='onlinecourses.nptel.ac.in', port=443): Max retries exceeded with url: /e-learning/api/coursepreview?course_id=noc26_ma126 (Caused by NameResolutionError(""HTTPSConnection(host='onlinecourses.nptel.ac.in', port=443): Failed to resolve 'onlinecourses.nptel.ac.in' ([Errno 11001] getaddrinfo failed)""))"
noc26_ma127,"Error: HTTPSConnectionPool(host='onlinecourses.nptel.ac.in', port=443): Max retries exceeded with url: /e-learning/api/coursepreview?course_id=noc26_ma127 (Caused by NameResolutionError(""HTTPSConnection(host='onlinecourses.nptel.ac.in', port=443): Failed to resolve 'onlinecourses.nptel.ac.in' ([Errno 11001] getaddrinfo failed)""))"
noc26_ma128,"Error: HTTPSConnectionPool(host='onlinecourses.nptel.ac.in', port=443): Max retries exceeded with url: /e-learning/api/coursepreview?course_id=noc26_ma128 (Caused by NameResolutionError(""HTTPSConnection(host='onlinecourses.nptel.ac.in', port=443): Failed to resolve 'onlinecourses.nptel.ac.in' ([Errno 11001] getaddrinfo failed)""))"
noc26_ma129,"Error: HTTPSConnectionPool(host='onlinecourses.nptel.ac.in', port=443): Max retries exceeded with url: /e-learning/api/coursepreview?course_id=noc26_ma129 (Caused by NameResolutionError(""HTTPSConnection(host='onlinecourses.nptel.ac.in', port=443): Failed to resolve 'onlinecourses.nptel.ac.in' ([Errno 11001] getaddrinfo failed)""))"
noc26_ma130,"Error: HTTPSConnectionPool(host='onlinecourses.nptel.ac.in', port=443): Max retries exceeded with url: /e-learning/api/coursepreview?course_id=noc26_ma130 (Caused by NameResolutionError(""HTTPSConnection(host='onlinecourses.nptel.ac.in', port=443): Failed to resolve 'onlinecourses.nptel.ac.in' ([Errno 11001] getaddrinfo failed)""))"
noc26_ma131,"Error: HTTPSConnectionPool(host='onlinecourses.nptel.ac.in', port=443): Max retries exceeded with url: /e-learning/api/coursepreview?course_id=noc26_ma131 (Caused by NameResolutionError(""HTTPSConnection(host='onlinecourses.nptel.ac.in', port=443): Failed to resolve 'onlinecourses.nptel.ac.in' ([Errno 11001] getaddrinfo failed)""))"
noc26_ma132,"Error: HTTPSConnectionPool(host='onlinecourses.nptel.ac.in', port=443): Max retries exceeded with url: /e-learning/api/coursepreview?course_id=noc26_ma132 (Caused by NameResolutionError(""HTTPSConnection(host='onlinecourses.nptel.ac.in', port=443): Failed to resolve 'onlinecourses.nptel.ac.in' ([Errno 11001] getaddrinfo failed)""))"
noc26_ma133,"Error: HTTPSConnectionPool(host='onlinecourses.nptel.ac.in', port=443): Max retries exceeded with url: /e-learning/api/coursepreview?course_id=noc26_ma133 (Caused by NameResolutionError(""HTTPSConnection(host='onlinecourses.nptel.ac.in', port=443): Failed to resolve 'onlinecourses.nptel.ac.in' ([Errno 11001] getaddrinfo failed)""))"
noc26_ma134,"Error: HTTPSConnectionPool(host='onlinecourses.nptel.ac.in', port=443): Max retries exceeded with url: /e-learning/api/coursepreview?course_id=noc26_ma134 (Caused by NameResolutionError(""HTTPSConnection(host='onlinecourses.nptel.ac.in', port=443): Failed to resolve 'onlinecourses.nptel.ac.in' ([Errno 11001] getaddrinfo failed)""))"
noc26_ma135,"Error: HTTPSConnectionPool(host='onlinecourses.nptel.ac.in', port=443): Max retries exceeded with url: /e-learning/api/coursepreview?course_id=noc26_ma135 (Caused by NameResolutionError(""HTTPSConnection(host='onlinecourses.nptel.ac.in', port=443): Failed to resolve 'onlinecourses.nptel.ac.in' ([Errno 11001] getaddrinfo failed)""))"
noc26_ma136,"Error: HTTPSConnectionPool(host='onlinecourses.nptel.ac.in', port=443): Max retries exceeded with url: /e-learning/api/coursepreview?course_id=noc26_ma136 (Caused by NameResolutionError(""HTTPSConnection(host='onlinecourses.nptel.ac.in', port=443): Failed to resolve 'onlinecourses.nptel.ac.in' ([Errno 11001] getaddrinfo failed)""))"
noc26_ma137,"Error: HTTPSConnectionPool(host='onlinecourses.nptel.ac.in', port=443): Max retries exceeded with url: /e-learning/api/coursepreview?course_id=noc26_ma137 (Caused by NameResolutionError(""HTTPSConnection(host='onlinecourses.nptel.ac.in', port=443): Failed to resolve 'onlinecourses.nptel.ac.in' ([Errno 11001] getaddrinfo failed)""))"
noc26_ma138,"Error: HTTPSConnectionPool(host='onlinecourses.nptel.ac.in', port=443): Max retries exceeded with url: /e-learning/api/coursepreview?course_id=noc26_ma138 (Caused by NameResolutionError(""HTTPSConnection(host='onlinecourses.nptel.ac.in', port=443): Failed to resolve 'onlinecourses.nptel.ac.in' ([Errno 11001] getaddrinfo failed)""))"
noc26_ma139,"Error: HTTPSConnectionPool(host='onlinecourses.nptel.ac.in', port=443): Max retries exceeded with url: /e-learning/api/coursepreview?course_id=noc26_ma139 (Caused by NameResolutionError(""HTTPSConnection(host='onlinecourses.nptel.ac.in', port=443): Failed to resolve 'onlinecourses.nptel.ac.in' ([Errno 11001] getaddrinfo failed)""))"
noc26_ma140,"Error: HTTPSConnectionPool(host='onlinecourses.nptel.ac.in', port=443): Max retries exceeded with url: /e-learning/api/coursepreview?course_id=noc26_ma140 (Caused by NameResolutionError(""HTTPSConnection(host='onlinecourses.nptel.ac.in', port=443): Failed to resolve 'onlinecourses.nptel.ac.in' ([Errno 11001] getaddrinfo failed)""))"
noc26_ma141,"Error: HTTPSConnectionPool(host='onlinecourses.nptel.ac.in', port=443): Max retries exceeded with url: /e-learning/api/coursepreview?course_id=noc26_ma141 (Caused by NameResolutionError(""HTTPSConnection(host='onlinecourses.nptel.ac.in', port=443): Failed to resolve 'onlinecourses.nptel.ac.in' ([Errno 11001] getaddrinfo failed)""))"
noc26_ma142,"Error: HTTPSConnectionPool(host='onlinecourses.nptel.ac.in', port=443): Max retries exceeded with url: /e-learning/api/coursepreview?course_id=noc26_ma142 (Caused by NameResolutionError(""HTTPSConnection(host='onlinecourses.nptel.ac.in', port=443): Failed to resolve 'onlinecourses.nptel.ac.in' ([Errno 11001] getaddrinfo failed)""))"
noc26_ma143,"Error: HTTPSConnectionPool(host='onlinecourses.nptel.ac.in', port=443): Max retries exceeded with url: /e-learning/api/coursepreview?course_id=noc26_ma143 (Caused by NameResolutionError(""HTTPSConnection(host='onlinecourses.nptel.ac.in', port=443): Failed to resolve 'onlinecourses.nptel.ac.in' ([Errno 11001] getaddrinfo failed)""))"
noc26_ma144,"Error: HTTPSConnectionPool(host='onlinecourses.nptel.ac.in', port=443): Max retries exceeded with url: /e-learning/api/coursepreview?course_id=noc26_ma144 (Caused by NameResolutionError(""HTTPSConnection(host='onlinecourses.nptel.ac.in', port=443): Failed to resolve 'onlinecourses.nptel.ac.in' ([Errno 11001] getaddrinfo failed)""))"
noc26_ma145,"Error: HTTPSConnectionPool(host='onlinecourses.nptel.ac.in', port=443): Max retries exceeded with url: /e-learning/api/coursepreview?course_id=noc26_ma145 (Caused by NameResolutionError(""HTTPSConnection(host='onlinecourses.nptel.ac.in', port=443): Failed to resolve 'onlinecourses.nptel.ac.in' ([Errno 11001] getaddrinfo failed)""))"
noc26_ma71,"Error: HTTPSConnectionPool(host='onlinecourses.nptel.ac.in', port=443): Max retries exceeded with url: /e-learning/api/coursepreview?course_id=noc26_ma71 (Caused by NameResolutionError(""HTTPSConnection(host='onlinecourses.nptel.ac.in', port=443): Failed to resolve 'onlinecourses.nptel.ac.in' ([Errno 11001] getaddrinfo failed)""))"
noc26_ma72,"Error: HTTPSConnectionPool(host='onlinecourses.nptel.ac.in', port=443): Max retries exceeded with url: /e-learning/api/coursepreview?course_id=noc26_ma72 (Caused by NameResolutionError(""HTTPSConnection(host='onlinecourses.nptel.ac.in', port=443): Failed to resolve 'onlinecourses.nptel.ac.in' ([Errno 11001] getaddrinfo failed)""))"
noc26_ma73,"Error: HTTPSConnectionPool(host='onlinecourses.nptel.ac.in', port=443): Max retries exceeded with url: /e-learning/api/coursepreview?course_id=noc26_ma73 (Caused by NameResolutionError(""HTTPSConnection(host='onlinecourses.nptel.ac.in', port=443): Failed to resolve 'onlinecourses.nptel.ac.in' ([Errno 11001] getaddrinfo failed)""))"
noc26_ma74,"Error: HTTPSConnectionPool(host='onlinecourses.nptel.ac.in', port=443): Max retries exceeded with url: /e-learning/api/coursepreview?course_id=noc26_ma74 (Caused by NameResolutionError(""HTTPSConnection(host='onlinecourses.nptel.ac.in', port=443): Failed to resolve 'onlinecourses.nptel.ac.in' ([Errno 11001] getaddrinfo failed)""))"
noc26_ma75,"Error: HTTPSConnectionPool(host='onlinecourses.nptel.ac.in', port=443): Max retries exceeded with url: /e-learning/api/coursepreview?course_id=noc26_ma75 (Caused by NameResolutionError(""HTTPSConnection(host='onlinecourses.nptel.ac.in', port=443): Failed to resolve 'onlinecourses.nptel.ac.in' ([Errno 11001] getaddrinfo failed)""))"
noc26_ma77,"Error: HTTPSConnectionPool(host='onlinecourses.nptel.ac.in', port=443): Max retries exceeded with url: /e-learning/api/coursepreview?course_id=noc26_ma77 (Caused by NameResolutionError(""HTTPSConnection(host='onlinecourses.nptel.ac.in', port=443): Failed to resolve 'onlinecourses.nptel.ac.in' ([Errno 11001] getaddrinfo failed)""))"
noc26_ma78,"Error: HTTPSConnectionPool(host='onlinecourses.nptel.ac.in', port=443): Max retries exceeded with url: /e-learning/api/coursepreview?course_id=noc26_ma78 (Caused by NameResolutionError(""HTTPSConnection(host='onlinecourses.nptel.ac.in', port=443): Failed to resolve 'onlinecourses.nptel.ac.in' ([Errno 11001] getaddrinfo failed)""))"
noc26_ma79,"Error: HTTPSConnectionPool(host='onlinecourses.nptel.ac.in', port=443): Max retries exceeded with url: /e-learning/api/coursepreview?course_id=noc26_ma79 (Caused by NameResolutionError(""HTTPSConnection(host='onlinecourses.nptel.ac.in', port=443): Failed to resolve 'onlinecourses.nptel.ac.in' ([Errno 11001] getaddrinfo failed)""))"
noc26_ma80,"Error: HTTPSConnectionPool(host='onlinecourses.nptel.ac.in', port=443): Max retries exceeded with url: /e-learning/api/coursepreview?course_id=noc26_ma80 (Caused by NameResolutionError(""HTTPSConnection(host='onlinecourses.nptel.ac.in', port=443): Failed to resolve 'onlinecourses.nptel.ac.in' ([Errno 11001] getaddrinfo failed)""))"
noc26_ma81,"Error: HTTPSConnectionPool(host='onlinecourses.nptel.ac.in', port=443): Max retries exceeded with url: /e-learning/api/coursepreview?course_id=noc26_ma81 (Caused by NameResolutionError(""HTTPSConnection(host='onlinecourses.nptel.ac.in', port=443): Failed to resolve 'onlinecourses.nptel.ac.in' ([Errno 11001] getaddrinfo failed)""))"
noc26_ma83,"Error: HTTPSConnectionPool(host='onlinecourses.nptel.ac.in', port=443): Max retries exceeded with url: /e-learning/api/coursepreview?course_id=noc26_ma83 (Caused by NameResolutionError(""HTTPSConnection(host='onlinecourses.nptel.ac.in', port=443): Failed to resolve 'onlinecourses.nptel.ac.in' ([Errno 11001] getaddrinfo failed)""))"
noc26_ma84,"Error: HTTPSConnectionPool(host='onlinecourses.nptel.ac.in', port=443): Max retries exceeded with url: /e-learning/api/coursepreview?course_id=noc26_ma84 (Caused by NameResolutionError(""HTTPSConnection(host='onlinecourses.nptel.ac.in', port=443): Failed to resolve 'onlinecourses.nptel.ac.in' ([Errno 11001] getaddrinfo failed)""))"
noc26_ma85,"Error: HTTPSConnectionPool(host='onlinecourses.nptel.ac.in', port=443): Max retries exceeded with url: /e-learning/api/coursepreview?course_id=noc26_ma85 (Caused by NameResolutionError(""HTTPSConnection(host='onlinecourses.nptel.ac.in', port=443): Failed to resolve 'onlinecourses.nptel.ac.in' ([Errno 11001] getaddrinfo failed)""))"
noc26_ma86,"Error: HTTPSConnectionPool(host='onlinecourses.nptel.ac.in', port=443): Max retries exceeded with url: /e-learning/api/coursepreview?course_id=noc26_ma86 (Caused by NameResolutionError(""HTTPSConnection(host='onlinecourses.nptel.ac.in', port=443): Failed to resolve 'onlinecourses.nptel.ac.in' ([Errno 11001] getaddrinfo failed)""))"
noc26_ma87,"Error: HTTPSConnectionPool(host='onlinecourses.nptel.ac.in', port=443): Max retries exceeded with url: /e-learning/api/coursepreview?course_id=noc26_ma87 (Caused by NameResolutionError(""HTTPSConnection(host='onlinecourses.nptel.ac.in', port=443): Failed to resolve 'onlinecourses.nptel.ac.in' ([Errno 11001] getaddrinfo failed)""))"
noc26_ma88,"Error: HTTPSConnectionPool(host='onlinecourses.nptel.ac.in', port=443): Max retries exceeded with url: /e-learning/api/coursepreview?course_id=noc26_ma88 (Caused by NameResolutionError(""HTTPSConnection(host='onlinecourses.nptel.ac.in', port=443): Failed to resolve 'onlinecourses.nptel.ac.in' ([Errno 11001] getaddrinfo failed)""))"
noc26_ma89,"Error: HTTPSConnectionPool(host='onlinecourses.nptel.ac.in', port=443): Max retries exceeded with url: /e-learning/api/coursepreview?course_id=noc26_ma89 (Caused by NameResolutionError(""HTTPSConnection(host='onlinecourses.nptel.ac.in', port=443): Failed to resolve 'onlinecourses.nptel.ac.in' ([Errno 11001] getaddrinfo failed)""))"
noc26_ma90,"Error: HTTPSConnectionPool(host='onlinecourses.nptel.ac.in', port=443): Max retries exceeded with url: /e-learning/api/coursepreview?course_id=noc26_ma90 (Caused by NameResolutionError(""HTTPSConnection(host='onlinecourses.nptel.ac.in', port=443): Failed to resolve 'onlinecourses.nptel.ac.in' ([Errno 11001] getaddrinfo failed)""))"
noc26_ma91,"Error: HTTPSConnectionPool(host='onlinecourses.nptel.ac.in', port=443): Max retries exceeded with url: /e-learning/api/coursepreview?course_id=noc26_ma91 (Caused by NameResolutionError(""HTTPSConnection(host='onlinecourses.nptel.ac.in', port=443): Failed to resolve 'onlinecourses.nptel.ac.in' ([Errno 11001] getaddrinfo failed)""))"
noc26_ma92,"Error: HTTPSConnectionPool(host='onlinecourses.nptel.ac.in', port=443): Max retries exceeded with url: /e-learning/api/coursepreview?course_id=noc26_ma92 (Caused by NameResolutionError(""HTTPSConnection(host='onlinecourses.nptel.ac.in', port=443): Failed to resolve 'onlinecourses.nptel.ac.in' ([Errno 11001] getaddrinfo failed)""))"
noc26_ma93,"Error: HTTPSConnectionPool(host='onlinecourses.nptel.ac.in', port=443): Max retries exceeded with url: /e-learning/api/coursepreview?course_id=noc26_ma93 (Caused by NameResolutionError(""HTTPSConnection(host='onlinecourses.nptel.ac.in', port=443): Failed to resolve 'onlinecourses.nptel.ac.in' ([Errno 11001] getaddrinfo failed)""))"
noc26_ma94,"Error: HTTPSConnectionPool(host='onlinecourses.nptel.ac.in', port=443): Max retries exceeded with url: /e-learning/api/coursepreview?course_id=noc26_ma94 (Caused by NameResolutionError(""HTTPSConnection(host='onlinecourses.nptel.ac.in', port=443): Failed to resolve 'onlinecourses.nptel.ac.in' ([Errno 11001] getaddrinfo failed)""))"
noc26_ma95,"Error: HTTPSConnectionPool(host='onlinecourses.nptel.ac.in', port=443): Max retries exceeded with url: /e-learning/api/coursepreview?course_id=noc26_ma95 (Caused by NameResolutionError(""HTTPSConnection(host='onlinecourses.nptel.ac.in', port=443): Failed to resolve 'onlinecourses.nptel.ac.in' ([Errno 11001] getaddrinfo failed)""))"
noc26_ma96,"Error: HTTPSConnectionPool(host='onlinecourses.nptel.ac.in', port=443): Max retries exceeded with url: /e-learning/api/coursepreview?course_id=noc26_ma96 (Caused by NameResolutionError(""HTTPSConnection(host='onlinecourses.nptel.ac.in', port=443): Failed to resolve 'onlinecourses.nptel.ac.in' ([Errno 11001] getaddrinfo failed)""))"
noc26_ma97,"Error: HTTPSConnectionPool(host='onlinecourses.nptel.ac.in', port=443): Max retries exceeded with url: /e-learning/api/coursepreview?course_id=noc26_ma97 (Caused by NameResolutionError(""HTTPSConnection(host='onlinecourses.nptel.ac.in', port=443): Failed to resolve 'onlinecourses.nptel.ac.in' ([Errno 11001] getaddrinfo failed)""))"
noc26_ma98,"Error: HTTPSConnectionPool(host='onlinecourses.nptel.ac.in', port=443): Max retries exceeded with url: /e-learning/api/coursepreview?course_id=noc26_ma98 (Caused by NameResolutionError(""HTTPSConnection(host='onlinecourses.nptel.ac.in', port=443): Failed to resolve 'onlinecourses.nptel.ac.in' ([Errno 11001] getaddrinfo failed)""))"
noc26_ma99,"Error: HTTPSConnectionPool(host='onlinecourses.nptel.ac.in', port=443): Max retries exceeded with url: /e-learning/api/coursepreview?course_id=noc26_ma99 (Caused by NameResolutionError(""HTTPSConnection(host='onlinecourses.nptel.ac.in', port=443): Failed to resolve 'onlinecourses.nptel.ac.in' ([Errno 11001] getaddrinfo failed)""))"
noc26_me104,"Error: HTTPSConnectionPool(host='onlinecourses.nptel.ac.in', port=443): Max retries exceeded with url: /e-learning/api/coursepreview?course_id=noc26_me104 (Caused by NameResolutionError(""HTTPSConnection(host='onlinecourses.nptel.ac.in', port=443): Failed to resolve 'onlinecourses.nptel.ac.in' ([Errno 11001] getaddrinfo failed)""))"
noc26_me105,"Error: HTTPSConnectionPool(host='onlinecourses.nptel.ac.in', port=443): Max retries exceeded with url: /e-learning/api/coursepreview?course_id=noc26_me105 (Caused by NameResolutionError(""HTTPSConnection(host='onlinecourses.nptel.ac.in', port=443): Failed to resolve 'onlinecourses.nptel.ac.in' ([Errno 11001] getaddrinfo failed)""))"
noc26_me106,"Error: HTTPSConnectionPool(host='onlinecourses.nptel.ac.in', port=443): Max retries exceeded with url: /e-learning/api/coursepreview?course_id=noc26_me106 (Caused by NameResolutionError(""HTTPSConnection(host='onlinecourses.nptel.ac.in', port=443): Failed to resolve 'onlinecourses.nptel.ac.in' ([Errno 11001] getaddrinfo failed)""))"
noc26_me107,"Error: HTTPSConnectionPool(host='onlinecourses.nptel.ac.in', port=443): Max retries exceeded with url: /e-learning/api/coursepreview?course_id=noc26_me107 (Caused by NameResolutionError(""HTTPSConnection(host='onlinecourses.nptel.ac.in', port=443): Failed to resolve 'onlinecourses.nptel.ac.in' ([Errno 11001] getaddrinfo failed)""))"
noc26_me108,"Error: HTTPSConnectionPool(host='onlinecourses.nptel.ac.in', port=443): Max retries exceeded with url: /e-learning/api/coursepreview?course_id=noc26_me108 (Caused by NameResolutionError(""HTTPSConnection(host='onlinecourses.nptel.ac.in', port=443): Failed to resolve 'onlinecourses.nptel.ac.in' ([Errno 11001] getaddrinfo failed)""))"
noc26_me109,"Error: HTTPSConnectionPool(host='onlinecourses.nptel.ac.in', port=443): Max retries exceeded with url: /e-learning/api/coursepreview?course_id=noc26_me109 (Caused by NameResolutionError(""HTTPSConnection(host='onlinecourses.nptel.ac.in', port=443): Failed to resolve 'onlinecourses.nptel.ac.in' ([Errno 11001] getaddrinfo failed)""))"
noc26_me110,"Error: HTTPSConnectionPool(host='onlinecourses.nptel.ac.in', port=443): Max retries exceeded with url: /e-learning/api/coursepreview?course_id=noc26_me110 (Caused by NameResolutionError(""HTTPSConnection(host='onlinecourses.nptel.ac.in', port=443): Failed to resolve 'onlinecourses.nptel.ac.in' ([Errno 11001] getaddrinfo failed)""))"
noc26_me111,"Error: HTTPSConnectionPool(host='onlinecourses.nptel.ac.in', port=443): Max retries exceeded with url: /e-learning/api/coursepreview?course_id=noc26_me111 (Caused by NameResolutionError(""HTTPSConnection(host='onlinecourses.nptel.ac.in', port=443): Failed to resolve 'onlinecourses.nptel.ac.in' ([Errno 11001] getaddrinfo failed)""))"
noc26_me112,"Error: HTTPSConnectionPool(host='onlinecourses.nptel.ac.in', port=443): Max retries exceeded with url: /e-learning/api/coursepreview?course_id=noc26_me112 (Caused by NameResolutionError(""HTTPSConnection(host='onlinecourses.nptel.ac.in', port=443): Failed to resolve 'onlinecourses.nptel.ac.in' ([Errno 11001] getaddrinfo failed)""))"
noc26_me113,"Error: HTTPSConnectionPool(host='onlinecourses.nptel.ac.in', port=443): Max retries exceeded with url: /e-learning/api/coursepreview?course_id=noc26_me113 (Caused by NameResolutionError(""HTTPSConnection(host='onlinecourses.nptel.ac.in', port=443): Failed to resolve 'onlinecourses.nptel.ac.in' ([Errno 11001] getaddrinfo failed)""))"
noc26_me114,"Error: HTTPSConnectionPool(host='onlinecourses.nptel.ac.in', port=443): Max retries exceeded with url: /e-learning/api/coursepreview?course_id=noc26_me114 (Caused by NameResolutionError(""HTTPSConnection(host='onlinecourses.nptel.ac.in', port=443): Failed to resolve 'onlinecourses.nptel.ac.in' ([Errno 11001] getaddrinfo failed)""))"
noc26_me115,"Error: HTTPSConnectionPool(host='onlinecourses.nptel.ac.in', port=443): Max retries exceeded with url: /e-learning/api/coursepreview?course_id=noc26_me115 (Caused by NameResolutionError(""HTTPSConnection(host='onlinecourses.nptel.ac.in', port=443): Failed to resolve 'onlinecourses.nptel.ac.in' ([Errno 11001] getaddrinfo failed)""))"
noc26_me116,"Error: HTTPSConnectionPool(host='onlinecourses.nptel.ac.in', port=443): Max retries exceeded with url: /e-learning/api/coursepreview?course_id=noc26_me116 (Caused by NameResolutionError(""HTTPSConnection(host='onlinecourses.nptel.ac.in', port=443): Failed to resolve 'onlinecourses.nptel.ac.in' ([Errno 11001] getaddrinfo failed)""))"
noc26_me117,"Error: HTTPSConnectionPool(host='onlinecourses.nptel.ac.in', port=443): Max retries exceeded with url: /e-learning/api/coursepreview?course_id=noc26_me117 (Caused by NameResolutionError(""HTTPSConnection(host='onlinecourses.nptel.ac.in', port=443): Failed to resolve 'onlinecourses.nptel.ac.in' ([Errno 11001] getaddrinfo failed)""))"
noc26_me118,"Error: HTTPSConnectionPool(host='onlinecourses.nptel.ac.in', port=443): Max retries exceeded with url: /e-learning/api/coursepreview?course_id=noc26_me118 (Caused by NameResolutionError(""HTTPSConnection(host='onlinecourses.nptel.ac.in', port=443): Failed to resolve 'onlinecourses.nptel.ac.in' ([Errno 11001] getaddrinfo failed)""))"
noc26_me119,"Error: HTTPSConnectionPool(host='onlinecourses.nptel.ac.in', port=443): Max retries exceeded with url: /e-learning/api/coursepreview?course_id=noc26_me119 (Caused by NameResolutionError(""HTTPSConnection(host='onlinecourses.nptel.ac.in', port=443): Failed to resolve 'onlinecourses.nptel.ac.in' ([Errno 11001] getaddrinfo failed)""))"
noc26_me120,"Error: HTTPSConnectionPool(host='onlinecourses.nptel.ac.in', port=443): Max retries exceeded with url: /e-learning/api/coursepreview?course_id=noc26_me120 (Caused by NameResolutionError(""HTTPSConnection(host='onlinecourses.nptel.ac.in', port=443): Failed to resolve 'onlinecourses.nptel.ac.in' ([Errno 11001] getaddrinfo failed)""))"
noc26_me121,"Error: HTTPSConnectionPool(host='onlinecourses.nptel.ac.in', port=443): Max retries exceeded with url: /e-learning/api/coursepreview?course_id=noc26_me121 (Caused by NameResolutionError(""HTTPSConnection(host='onlinecourses.nptel.ac.in', port=443): Failed to resolve 'onlinecourses.nptel.ac.in' ([Errno 11001] getaddrinfo failed)""))"
noc26_me122,"Error: HTTPSConnectionPool(host='onlinecourses.nptel.ac.in', port=443): Max retries exceeded with url: /e-learning/api/coursepreview?course_id=noc26_me122 (Caused by NameResolutionError(""HTTPSConnection(host='onlinecourses.nptel.ac.in', port=443): Failed to resolve 'onlinecourses.nptel.ac.in' ([Errno 11001] getaddrinfo failed)""))"
noc26_me123,"Error: HTTPSConnectionPool(host='onlinecourses.nptel.ac.in', port=443): Max retries exceeded with url: /e-learning/api/coursepreview?course_id=noc26_me123 (Caused by NameResolutionError(""HTTPSConnection(host='onlinecourses.nptel.ac.in', port=443): Failed to resolve 'onlinecourses.nptel.ac.in' ([Errno 11001] getaddrinfo failed)""))"
noc26_me124,"Error: HTTPSConnectionPool(host='onlinecourses.nptel.ac.in', port=443): Max retries exceeded with url: /e-learning/api/coursepreview?course_id=noc26_me124 (Caused by NameResolutionError(""HTTPSConnection(host='onlinecourses.nptel.ac.in', port=443): Failed to resolve 'onlinecourses.nptel.ac.in' ([Errno 11001] getaddrinfo failed)""))"
noc26_me125,"Error: HTTPSConnectionPool(host='onlinecourses.nptel.ac.in', port=443): Max retries exceeded with url: /e-learning/api/coursepreview?course_id=noc26_me125 (Caused by NameResolutionError(""HTTPSConnection(host='onlinecourses.nptel.ac.in', port=443): Failed to resolve 'onlinecourses.nptel.ac.in' ([Errno 11001] getaddrinfo failed)""))"
noc26_me126,"Error: HTTPSConnectionPool(host='onlinecourses.nptel.ac.in', port=443): Max retries exceeded with url: /e-learning/api/coursepreview?course_id=noc26_me126 (Caused by NameResolutionError(""HTTPSConnection(host='onlinecourses.nptel.ac.in', port=443): Failed to resolve 'onlinecourses.nptel.ac.in' ([Errno 11001] getaddrinfo failed)""))"
noc26_me127,"Error: HTTPSConnectionPool(host='onlinecourses.nptel.ac.in', port=443): Max retries exceeded with url: /e-learning/api/coursepreview?course_id=noc26_me127 (Caused by NameResolutionError(""HTTPSConnection(host='onlinecourses.nptel.ac.in', port=443): Failed to resolve 'onlinecourses.nptel.ac.in' ([Errno 11001] getaddrinfo failed)""))"
noc26_me128,"Error: HTTPSConnectionPool(host='onlinecourses.nptel.ac.in', port=443): Max retries exceeded with url: /e-learning/api/coursepreview?course_id=noc26_me128 (Caused by NameResolutionError(""HTTPSConnection(host='onlinecourses.nptel.ac.in', port=443): Failed to resolve 'onlinecourses.nptel.ac.in' ([Errno 11001] getaddrinfo failed)""))"
noc26_me129,"Error: HTTPSConnectionPool(host='onlinecourses.nptel.ac.in', port=443): Max retries exceeded with url: /e-learning/api/coursepreview?course_id=noc26_me129 (Caused by NameResolutionError(""HTTPSConnection(host='onlinecourses.nptel.ac.in', port=443): Failed to resolve 'onlinecourses.nptel.ac.in' ([Errno 11001] getaddrinfo failed)""))"
noc26_me130,"Error: HTTPSConnectionPool(host='onlinecourses.nptel.ac.in', port=443): Max retries exceeded with url: /e-learning/api/coursepreview?course_id=noc26_me130 (Caused by NameResolutionError(""HTTPSConnection(host='onlinecourses.nptel.ac.in', port=443): Failed to resolve 'onlinecourses.nptel.ac.in' ([Errno 11001] getaddrinfo failed)""))"
noc26_me131,"Error: HTTPSConnectionPool(host='onlinecourses.nptel.ac.in', port=443): Max retries exceeded with url: /e-learning/api/coursepreview?course_id=noc26_me131 (Caused by NameResolutionError(""HTTPSConnection(host='onlinecourses.nptel.ac.in', port=443): Failed to resolve 'onlinecourses.nptel.ac.in' ([Errno 11001] getaddrinfo failed)""))"
noc26_me132,"Error: HTTPSConnectionPool(host='onlinecourses.nptel.ac.in', port=443): Max retries exceeded with url: /e-learning/api/coursepreview?course_id=noc26_me132 (Caused by NameResolutionError(""HTTPSConnection(host='onlinecourses.nptel.ac.in', port=443): Failed to resolve 'onlinecourses.nptel.ac.in' ([Errno 11001] getaddrinfo failed)""))"
noc26_me133,"Error: HTTPSConnectionPool(host='onlinecourses.nptel.ac.in', port=443): Max retries exceeded with url: /e-learning/api/coursepreview?course_id=noc26_me133 (Caused by NameResolutionError(""HTTPSConnection(host='onlinecourses.nptel.ac.in', port=443): Failed to resolve 'onlinecourses.nptel.ac.in' ([Errno 11001] getaddrinfo failed)""))"
noc26_me134,"Error: HTTPSConnectionPool(host='onlinecourses.nptel.ac.in', port=443): Max retries exceeded with url: /e-learning/api/coursepreview?course_id=noc26_me134 (Caused by NameResolutionError(""HTTPSConnection(host='onlinecourses.nptel.ac.in', port=443): Failed to resolve 'onlinecourses.nptel.ac.in' ([Errno 11001] getaddrinfo failed)""))"
noc26_me135,"Error: HTTPSConnectionPool(host='onlinecourses.nptel.ac.in', port=443): Max retries exceeded with url: /e-learning/api/coursepreview?course_id=noc26_me135 (Caused by NameResolutionError(""HTTPSConnection(host='onlinecourses.nptel.ac.in', port=443): Failed to resolve 'onlinecourses.nptel.ac.in' ([Errno 11001] getaddrinfo failed)""))"
noc26_me136,"Error: HTTPSConnectionPool(host='onlinecourses.nptel.ac.in', port=443): Max retries exceeded with url: /e-learning/api/coursepreview?course_id=noc26_me136 (Caused by NameResolutionError(""HTTPSConnection(host='onlinecourses.nptel.ac.in', port=443): Failed to resolve 'onlinecourses.nptel.ac.in' ([Errno 11001] getaddrinfo failed)""))"
noc26_me137,"Error: HTTPSConnectionPool(host='onlinecourses.nptel.ac.in', port=443): Max retries exceeded with url: /e-learning/api/coursepreview?course_id=noc26_me137 (Caused by NameResolutionError(""HTTPSConnection(host='onlinecourses.nptel.ac.in', port=443): Failed to resolve 'onlinecourses.nptel.ac.in' ([Errno 11001] getaddrinfo failed)""))"
noc26_me138,"Error: HTTPSConnectionPool(host='onlinecourses.nptel.ac.in', port=443): Max retries exceeded with url: /e-learning/api/coursepreview?course_id=noc26_me138 (Caused by NameResolutionError(""HTTPSConnection(host='onlinecourses.nptel.ac.in', port=443): Failed to resolve 'onlinecourses.nptel.ac.in' ([Errno 11001] getaddrinfo failed)""))"
noc26_me139,"Error: HTTPSConnectionPool(host='onlinecourses.nptel.ac.in', port=443): Max retries exceeded with url: /e-learning/api/coursepreview?course_id=noc26_me139 (Caused by NameResolutionError(""HTTPSConnection(host='onlinecourses.nptel.ac.in', port=443): Failed to resolve 'onlinecourses.nptel.ac.in' ([Errno 11001] getaddrinfo failed)""))"
noc26_me140,"Error: HTTPSConnectionPool(host='onlinecourses.nptel.ac.in', port=443): Max retries exceeded with url: /e-learning/api/coursepreview?course_id=noc26_me140 (Caused by NameResolutionError(""HTTPSConnection(host='onlinecourses.nptel.ac.in', port=443): Failed to resolve 'onlinecourses.nptel.ac.in' ([Errno 11001] getaddrinfo failed)""))"
noc26_me141,"Error: HTTPSConnectionPool(host='onlinecourses.nptel.ac.in', port=443): Max retries exceeded with url: /e-learning/api/coursepreview?course_id=noc26_me141 (Caused by NameResolutionError(""HTTPSConnection(host='onlinecourses.nptel.ac.in', port=443): Failed to resolve 'onlinecourses.nptel.ac.in' ([Errno 11001] getaddrinfo failed)""))"
noc26_me142,"Error: HTTPSConnectionPool(host='onlinecourses.nptel.ac.in', port=443): Max retries exceeded with url: /e-learning/api/coursepreview?course_id=noc26_me142 (Caused by NameResolutionError(""HTTPSConnection(host='onlinecourses.nptel.ac.in', port=443): Failed to resolve 'onlinecourses.nptel.ac.in' ([Errno 11001] getaddrinfo failed)""))"
noc26_me143,"Error: HTTPSConnectionPool(host='onlinecourses.nptel.ac.in', port=443): Max retries exceeded with url: /e-learning/api/coursepreview?course_id=noc26_me143 (Caused by NameResolutionError(""HTTPSConnection(host='onlinecourses.nptel.ac.in', port=443): Failed to resolve 'onlinecourses.nptel.ac.in' ([Errno 11001] getaddrinfo failed)""))"
noc26_me144,"Error: HTTPSConnectionPool(host='onlinecourses.nptel.ac.in', port=443): Max retries exceeded with url: /e-learning/api/coursepreview?course_id=noc26_me144 (Caused by NameResolutionError(""HTTPSConnection(host='onlinecourses.nptel.ac.in', port=443): Failed to resolve 'onlinecourses.nptel.ac.in' ([Errno 11001] getaddrinfo failed)""))"
noc26_me145,"Error: HTTPSConnectionPool(host='onlinecourses.nptel.ac.in', port=443): Max retries exceeded with url: /e-learning/api/coursepreview?course_id=noc26_me145 (Caused by NameResolutionError(""HTTPSConnection(host='onlinecourses.nptel.ac.in', port=443): Failed to resolve 'onlinecourses.nptel.ac.in' ([Errno 11001] getaddrinfo failed)""))"
noc26_me146,"Error: HTTPSConnectionPool(host='onlinecourses.nptel.ac.in', port=443): Max retries exceeded with url: /e-learning/api/coursepreview?course_id=noc26_me146 (Caused by NameResolutionError(""HTTPSConnection(host='onlinecourses.nptel.ac.in', port=443): Failed to resolve 'onlinecourses.nptel.ac.in' ([Errno 11001] getaddrinfo failed)""))"
noc26_me147,"Error: HTTPSConnectionPool(host='onlinecourses.nptel.ac.in', port=443): Max retries exceeded with url: /e-learning/api/coursepreview?course_id=noc26_me147 (Caused by NameResolutionError(""HTTPSConnection(host='onlinecourses.nptel.ac.in', port=443): Failed to resolve 'onlinecourses.nptel.ac.in' ([Errno 11001] getaddrinfo failed)""))"
noc26_me148,"Error: HTTPSConnectionPool(host='onlinecourses.nptel.ac.in', port=443): Max retries exceeded with url: /e-learning/api/coursepreview?course_id=noc26_me148 (Caused by NameResolutionError(""HTTPSConnection(host='onlinecourses.nptel.ac.in', port=443): Failed to resolve 'onlinecourses.nptel.ac.in' ([Errno 11001] getaddrinfo failed)""))"
noc26_me149,"Error: HTTPSConnectionPool(host='onlinecourses.nptel.ac.in', port=443): Max retries exceeded with url: /e-learning/api/coursepreview?course_id=noc26_me149 (Caused by NameResolutionError(""HTTPSConnection(host='onlinecourses.nptel.ac.in', port=443): Failed to resolve 'onlinecourses.nptel.ac.in' ([Errno 11001] getaddrinfo failed)""))"
noc26_me150,"Error: HTTPSConnectionPool(host='onlinecourses.nptel.ac.in', port=443): Max retries exceeded with url: /e-learning/api/coursepreview?course_id=noc26_me150 (Caused by NameResolutionError(""HTTPSConnection(host='onlinecourses.nptel.ac.in', port=443): Failed to resolve 'onlinecourses.nptel.ac.in' ([Errno 11001] getaddrinfo failed)""))"
noc26_me151,"Error: HTTPSConnectionPool(host='onlinecourses.nptel.ac.in', port=443): Max retries exceeded with url: /e-learning/api/coursepreview?course_id=noc26_me151 (Caused by NameResolutionError(""HTTPSConnection(host='onlinecourses.nptel.ac.in', port=443): Failed to resolve 'onlinecourses.nptel.ac.in' ([Errno 11001] getaddrinfo failed)""))"
noc26_me152,"Error: HTTPSConnectionPool(host='onlinecourses.nptel.ac.in', port=443): Max retries exceeded with url: /e-learning/api/coursepreview?course_id=noc26_me152 (Caused by NameResolutionError(""HTTPSConnection(host='onlinecourses.nptel.ac.in', port=443): Failed to resolve 'onlinecourses.nptel.ac.in' ([Errno 11001] getaddrinfo failed)""))"
noc26_me153,"Error: HTTPSConnectionPool(host='onlinecourses.nptel.ac.in', port=443): Max retries exceeded with url: /e-learning/api/coursepreview?course_id=noc26_me153 (Caused by NameResolutionError(""HTTPSConnection(host='onlinecourses.nptel.ac.in', port=443): Failed to resolve 'onlinecourses.nptel.ac.in' ([Errno 11001] getaddrinfo failed)""))"
noc26_me154,"Error: HTTPSConnectionPool(host='onlinecourses.nptel.ac.in', port=443): Max retries exceeded with url: /e-learning/api/coursepreview?course_id=noc26_me154 (Caused by NameResolutionError(""HTTPSConnection(host='onlinecourses.nptel.ac.in', port=443): Failed to resolve 'onlinecourses.nptel.ac.in' ([Errno 11001] getaddrinfo failed)""))"
noc26_me155,"Error: HTTPSConnectionPool(host='onlinecourses.nptel.ac.in', port=443): Max retries exceeded with url: /e-learning/api/coursepreview?course_id=noc26_me155 (Caused by NameResolutionError(""HTTPSConnection(host='onlinecourses.nptel.ac.in', port=443): Failed to resolve 'onlinecourses.nptel.ac.in' ([Errno 11001] getaddrinfo failed)""))"
noc26_me156,"Error: HTTPSConnectionPool(host='onlinecourses.nptel.ac.in', port=443): Max retries exceeded with url: /e-learning/api/coursepreview?course_id=noc26_me156 (Caused by NameResolutionError(""HTTPSConnection(host='onlinecourses.nptel.ac.in', port=443): Failed to resolve 'onlinecourses.nptel.ac.in' ([Errno 11001] getaddrinfo failed)""))"
noc26_me157,"Error: HTTPSConnectionPool(host='onlinecourses.nptel.ac.in', port=443): Max retries exceeded with url: /e-learning/api/coursepreview?course_id=noc26_me157 (Caused by NameResolutionError(""HTTPSConnection(host='onlinecourses.nptel.ac.in', port=443): Failed to resolve 'onlinecourses.nptel.ac.in' ([Errno 11001] getaddrinfo failed)""))"
noc26_me158,"Error: HTTPSConnectionPool(host='onlinecourses.nptel.ac.in', port=443): Max retries exceeded with url: /e-learning/api/coursepreview?course_id=noc26_me158 (Caused by NameResolutionError(""HTTPSConnection(host='onlinecourses.nptel.ac.in', port=443): Failed to resolve 'onlinecourses.nptel.ac.in' ([Errno 11001] getaddrinfo failed)""))"
noc26_me159,"Error: HTTPSConnectionPool(host='onlinecourses.nptel.ac.in', port=443): Max retries exceeded with url: /e-learning/api/coursepreview?course_id=noc26_me159 (Caused by NameResolutionError(""HTTPSConnection(host='onlinecourses.nptel.ac.in', port=443): Failed to resolve 'onlinecourses.nptel.ac.in' ([Errno 11001] getaddrinfo failed)""))"
noc26_me160,"Error: HTTPSConnectionPool(host='onlinecourses.nptel.ac.in', port=443): Max retries exceeded with url: /e-learning/api/coursepreview?course_id=noc26_me160 (Caused by NameResolutionError(""HTTPSConnection(host='onlinecourses.nptel.ac.in', port=443): Failed to resolve 'onlinecourses.nptel.ac.in' ([Errno 11001] getaddrinfo failed)""))"
noc26_me161,"Error: HTTPSConnectionPool(host='onlinecourses.nptel.ac.in', port=443): Max retries exceeded with url: /e-learning/api/coursepreview?course_id=noc26_me161 (Caused by NameResolutionError(""HTTPSConnection(host='onlinecourses.nptel.ac.in', port=443): Failed to resolve 'onlinecourses.nptel.ac.in' ([Errno 11001] getaddrinfo failed)""))"
noc26_me162,"Error: HTTPSConnectionPool(host='onlinecourses.nptel.ac.in', port=443): Max retries exceeded with url: /e-learning/api/coursepreview?course_id=noc26_me162 (Caused by NameResolutionError(""HTTPSConnection(host='onlinecourses.nptel.ac.in', port=443): Failed to resolve 'onlinecourses.nptel.ac.in' ([Errno 11001] getaddrinfo failed)""))"
noc26_me163,"Error: HTTPSConnectionPool(host='onlinecourses.nptel.ac.in', port=443): Max retries exceeded with url: /e-learning/api/coursepreview?course_id=noc26_me163 (Caused by NameResolutionError(""HTTPSConnection(host='onlinecourses.nptel.ac.in', port=443): Failed to resolve 'onlinecourses.nptel.ac.in' ([Errno 11001] getaddrinfo failed)""))"
noc26_me164,"Error: HTTPSConnectionPool(host='onlinecourses.nptel.ac.in', port=443): Max retries exceeded with url: /e-learning/api/coursepreview?course_id=noc26_me164 (Caused by NameResolutionError(""HTTPSConnection(host='onlinecourses.nptel.ac.in', port=443): Failed to resolve 'onlinecourses.nptel.ac.in' ([Errno 11001] getaddrinfo failed)""))"
noc26_me165,"Error: HTTPSConnectionPool(host='onlinecourses.nptel.ac.in', port=443): Max retries exceeded with url: /e-learning/api/coursepreview?course_id=noc26_me165 (Caused by NameResolutionError(""HTTPSConnection(host='onlinecourses.nptel.ac.in', port=443): Failed to resolve 'onlinecourses.nptel.ac.in' ([Errno 11001] getaddrinfo failed)""))"
noc26_me166,"Error: HTTPSConnectionPool(host='onlinecourses.nptel.ac.in', port=443): Max retries exceeded with url: /e-learning/api/coursepreview?course_id=noc26_me166 (Caused by NameResolutionError(""HTTPSConnection(host='onlinecourses.nptel.ac.in', port=443): Failed to resolve 'onlinecourses.nptel.ac.in' ([Errno 11001] getaddrinfo failed)""))"
noc26_me167,"Error: HTTPSConnectionPool(host='onlinecourses.nptel.ac.in', port=443): Max retries exceeded with url: /e-learning/api/coursepreview?course_id=noc26_me167 (Caused by NameResolutionError(""HTTPSConnection(host='onlinecourses.nptel.ac.in', port=443): Failed to resolve 'onlinecourses.nptel.ac.in' ([Errno 11001] getaddrinfo failed)""))"
noc26_me168,"Error: HTTPSConnectionPool(host='onlinecourses.nptel.ac.in', port=443): Max retries exceeded with url: /e-learning/api/coursepreview?course_id=noc26_me168 (Caused by NameResolutionError(""HTTPSConnection(host='onlinecourses.nptel.ac.in', port=443): Failed to resolve 'onlinecourses.nptel.ac.in' ([Errno 11001] getaddrinfo failed)""))"
noc26_me169,"Error: HTTPSConnectionPool(host='onlinecourses.nptel.ac.in', port=443): Max retries exceeded with url: /e-learning/api/coursepreview?course_id=noc26_me169 (Caused by NameResolutionError(""HTTPSConnection(host='onlinecourses.nptel.ac.in', port=443): Failed to resolve 'onlinecourses.nptel.ac.in' ([Errno 11001] getaddrinfo failed)""))"
noc26_me170,"Error: HTTPSConnectionPool(host='onlinecourses.nptel.ac.in', port=443): Max retries exceeded with url: /e-learning/api/coursepreview?course_id=noc26_me170 (Caused by NameResolutionError(""HTTPSConnection(host='onlinecourses.nptel.ac.in', port=443): Failed to resolve 'onlinecourses.nptel.ac.in' ([Errno 11001] getaddrinfo failed)""))"
noc26_me171,"Error: HTTPSConnectionPool(host='onlinecourses.nptel.ac.in', port=443): Max retries exceeded with url: /e-learning/api/coursepreview?course_id=noc26_me171 (Caused by NameResolutionError(""HTTPSConnection(host='onlinecourses.nptel.ac.in', port=443): Failed to resolve 'onlinecourses.nptel.ac.in' ([Errno 11001] getaddrinfo failed)""))"
noc26_me172,"Error: HTTPSConnectionPool(host='onlinecourses.nptel.ac.in', port=443): Max retries exceeded with url: /e-learning/api/coursepreview?course_id=noc26_me172 (Caused by NameResolutionError(""HTTPSConnection(host='onlinecourses.nptel.ac.in', port=443): Failed to resolve 'onlinecourses.nptel.ac.in' ([Errno 11001] getaddrinfo failed)""))"
noc26_me173,"Error: HTTPSConnectionPool(host='onlinecourses.nptel.ac.in', port=443): Max retries exceeded with url: /e-learning/api/coursepreview?course_id=noc26_me173 (Caused by NameResolutionError(""HTTPSConnection(host='onlinecourses.nptel.ac.in', port=443): Failed to resolve 'onlinecourses.nptel.ac.in' ([Errno 11001] getaddrinfo failed)""))"
noc26_me174,"Error: HTTPSConnectionPool(host='onlinecourses.nptel.ac.in', port=443): Max retries exceeded with url: /e-learning/api/coursepreview?course_id=noc26_me174 (Caused by NameResolutionError(""HTTPSConnection(host='onlinecourses.nptel.ac.in', port=443): Failed to resolve 'onlinecourses.nptel.ac.in' ([Errno 11001] getaddrinfo failed)""))"
noc26_me175,"Error: HTTPSConnectionPool(host='onlinecourses.nptel.ac.in', port=443): Max retries exceeded with url: /e-learning/api/coursepreview?course_id=noc26_me175 (Caused by NameResolutionError(""HTTPSConnection(host='onlinecourses.nptel.ac.in', port=443): Failed to resolve 'onlinecourses.nptel.ac.in' ([Errno 11001] getaddrinfo failed)""))"
noc26_me176,"Error: HTTPSConnectionPool(host='onlinecourses.nptel.ac.in', port=443): Max retries exceeded with url: /e-learning/api/coursepreview?course_id=noc26_me176 (Caused by NameResolutionError(""HTTPSConnection(host='onlinecourses.nptel.ac.in', port=443): Failed to resolve 'onlinecourses.nptel.ac.in' ([Errno 11001] getaddrinfo failed)""))"
noc26_me177,"Error: HTTPSConnectionPool(host='onlinecourses.nptel.ac.in', port=443): Max retries exceeded with url: /e-learning/api/coursepreview?course_id=noc26_me177 (Caused by NameResolutionError(""HTTPSConnection(host='onlinecourses.nptel.ac.in', port=443): Failed to resolve 'onlinecourses.nptel.ac.in' ([Errno 11001] getaddrinfo failed)""))"
noc26_me178,"Error: HTTPSConnectionPool(host='onlinecourses.nptel.ac.in', port=443): Max retries exceeded with url: /e-learning/api/coursepreview?course_id=noc26_me178 (Caused by NameResolutionError(""HTTPSConnection(host='onlinecourses.nptel.ac.in', port=443): Failed to resolve 'onlinecourses.nptel.ac.in' ([Errno 11001] getaddrinfo failed)""))"
noc26_me179,"Error: HTTPSConnectionPool(host='onlinecourses.nptel.ac.in', port=443): Max retries exceeded with url: /e-learning/api/coursepreview?course_id=noc26_me179 (Caused by NameResolutionError(""HTTPSConnection(host='onlinecourses.nptel.ac.in', port=443): Failed to resolve 'onlinecourses.nptel.ac.in' ([Errno 11001] getaddrinfo failed)""))"
noc26_me180,"Error: HTTPSConnectionPool(host='onlinecourses.nptel.ac.in', port=443): Max retries exceeded with url: /e-learning/api/coursepreview?course_id=noc26_me180 (Caused by NameResolutionError(""HTTPSConnection(host='onlinecourses.nptel.ac.in', port=443): Failed to resolve 'onlinecourses.nptel.ac.in' ([Errno 11001] getaddrinfo failed)""))"
noc26_me181,"Error: HTTPSConnectionPool(host='onlinecourses.nptel.ac.in', port=443): Max retries exceeded with url: /e-learning/api/coursepreview?course_id=noc26_me181 (Caused by NameResolutionError(""HTTPSConnection(host='onlinecourses.nptel.ac.in', port=443): Failed to resolve 'onlinecourses.nptel.ac.in' ([Errno 11001] getaddrinfo failed)""))"
noc26_me182,"Error: HTTPSConnectionPool(host='onlinecourses.nptel.ac.in', port=443): Max retries exceeded with url: /e-learning/api/coursepreview?course_id=noc26_me182 (Caused by NameResolutionError(""HTTPSConnection(host='onlinecourses.nptel.ac.in', port=443): Failed to resolve 'onlinecourses.nptel.ac.in' ([Errno 11001] getaddrinfo failed)""))"
noc26_me183,"Error: HTTPSConnectionPool(host='onlinecourses.nptel.ac.in', port=443): Max retries exceeded with url: /e-learning/api/coursepreview?course_id=noc26_me183 (Caused by NameResolutionError(""HTTPSConnection(host='onlinecourses.nptel.ac.in', port=443): Failed to resolve 'onlinecourses.nptel.ac.in' ([Errno 11001] getaddrinfo failed)""))"
noc26_me184,"Error: HTTPSConnectionPool(host='onlinecourses.nptel.ac.in', port=443): Max retries exceeded with url: /e-learning/api/coursepreview?course_id=noc26_me184 (Caused by NameResolutionError(""HTTPSConnection(host='onlinecourses.nptel.ac.in', port=443): Failed to resolve 'onlinecourses.nptel.ac.in' ([Errno 11001] getaddrinfo failed)""))"
noc26_me185,"Error: HTTPSConnectionPool(host='onlinecourses.nptel.ac.in', port=443): Max retries exceeded with url: /e-learning/api/coursepreview?course_id=noc26_me185 (Caused by NameResolutionError(""HTTPSConnection(host='onlinecourses.nptel.ac.in', port=443): Failed to resolve 'onlinecourses.nptel.ac.in' ([Errno 11001] getaddrinfo failed)""))"
noc26_me186,"Error: HTTPSConnectionPool(host='onlinecourses.nptel.ac.in', port=443): Max retries exceeded with url: /e-learning/api/coursepreview?course_id=noc26_me186 (Caused by NameResolutionError(""HTTPSConnection(host='onlinecourses.nptel.ac.in', port=443): Failed to resolve 'onlinecourses.nptel.ac.in' ([Errno 11001] getaddrinfo failed)""))"
noc26_me187,"Error: HTTPSConnectionPool(host='onlinecourses.nptel.ac.in', port=443): Max retries exceeded with url: /e-learning/api/coursepreview?course_id=noc26_me187 (Caused by NameResolutionError(""HTTPSConnection(host='onlinecourses.nptel.ac.in', port=443): Failed to resolve 'onlinecourses.nptel.ac.in' ([Errno 11001] getaddrinfo failed)""))"
noc26_me188,"Error: HTTPSConnectionPool(host='onlinecourses.nptel.ac.in', port=443): Max retries exceeded with url: /e-learning/api/coursepreview?course_id=noc26_me188 (Caused by NameResolutionError(""HTTPSConnection(host='onlinecourses.nptel.ac.in', port=443): Failed to resolve 'onlinecourses.nptel.ac.in' ([Errno 11001] getaddrinfo failed)""))"
noc26_me189,"Error: HTTPSConnectionPool(host='onlinecourses.nptel.ac.in', port=443): Max retries exceeded with url: /e-learning/api/coursepreview?course_id=noc26_me189 (Caused by NameResolutionError(""HTTPSConnection(host='onlinecourses.nptel.ac.in', port=443): Failed to resolve 'onlinecourses.nptel.ac.in' ([Errno 11001] getaddrinfo failed)""))"
noc26_me190,"Error: HTTPSConnectionPool(host='onlinecourses.nptel.ac.in', port=443): Max retries exceeded with url: /e-learning/api/coursepreview?course_id=noc26_me190 (Caused by NameResolutionError(""HTTPSConnection(host='onlinecourses.nptel.ac.in', port=443): Failed to resolve 'onlinecourses.nptel.ac.in' ([Errno 11001] getaddrinfo failed)""))"
noc26_me191,"Error: HTTPSConnectionPool(host='onlinecourses.nptel.ac.in', port=443): Max retries exceeded with url: /e-learning/api/coursepreview?course_id=noc26_me191 (Caused by NameResolutionError(""HTTPSConnection(host='onlinecourses.nptel.ac.in', port=443): Failed to resolve 'onlinecourses.nptel.ac.in' ([Errno 11001] getaddrinfo failed)""))"
noc26_me192,"Error: HTTPSConnectionPool(host='onlinecourses.nptel.ac.in', port=443): Max retries exceeded with url: /e-learning/api/coursepreview?course_id=noc26_me192 (Caused by NameResolutionError(""HTTPSConnection(host='onlinecourses.nptel.ac.in', port=443): Failed to resolve 'onlinecourses.nptel.ac.in' ([Errno 11001] getaddrinfo failed)""))"
noc26_me193,"Error: HTTPSConnectionPool(host='onlinecourses.nptel.ac.in', port=443): Max retries exceeded with url: /e-learning/api/coursepreview?course_id=noc26_me193 (Caused by NameResolutionError(""HTTPSConnection(host='onlinecourses.nptel.ac.in', port=443): Failed to resolve 'onlinecourses.nptel.ac.in' ([Errno 11001] getaddrinfo failed)""))"
noc26_me194,"Error: HTTPSConnectionPool(host='onlinecourses.nptel.ac.in', port=443): Max retries exceeded with url: /e-learning/api/coursepreview?course_id=noc26_me194 (Caused by NameResolutionError(""HTTPSConnection(host='onlinecourses.nptel.ac.in', port=443): Failed to resolve 'onlinecourses.nptel.ac.in' ([Errno 11001] getaddrinfo failed)""))"
noc26_me195,"Error: HTTPSConnectionPool(host='onlinecourses.nptel.ac.in', port=443): Max retries exceeded with url: /e-learning/api/coursepreview?course_id=noc26_me195 (Caused by NameResolutionError(""HTTPSConnection(host='onlinecourses.nptel.ac.in', port=443): Failed to resolve 'onlinecourses.nptel.ac.in' ([Errno 11001] getaddrinfo failed)""))"
noc26_me196,"Error: HTTPSConnectionPool(host='onlinecourses.nptel.ac.in', port=443): Max retries exceeded with url: /e-learning/api/coursepreview?course_id=noc26_me196 (Caused by NameResolutionError(""HTTPSConnection(host='onlinecourses.nptel.ac.in', port=443): Failed to resolve 'onlinecourses.nptel.ac.in' ([Errno 11001] getaddrinfo failed)""))"
noc26_me197,"Error: HTTPSConnectionPool(host='onlinecourses.nptel.ac.in', port=443): Max retries exceeded with url: /e-learning/api/coursepreview?course_id=noc26_me197 (Caused by NameResolutionError(""HTTPSConnection(host='onlinecourses.nptel.ac.in', port=443): Failed to resolve 'onlinecourses.nptel.ac.in' ([Errno 11001] getaddrinfo failed)""))"
noc26_me198,"Error: HTTPSConnectionPool(host='onlinecourses.nptel.ac.in', port=443): Max retries exceeded with url: /e-learning/api/coursepreview?course_id=noc26_me198 (Caused by NameResolutionError(""HTTPSConnection(host='onlinecourses.nptel.ac.in', port=443): Failed to resolve 'onlinecourses.nptel.ac.in' ([Errno 11001] getaddrinfo failed)""))"
noc26_me199,"Error: HTTPSConnectionPool(host='onlinecourses.nptel.ac.in', port=443): Max retries exceeded with url: /e-learning/api/coursepreview?course_id=noc26_me199 (Caused by NameResolutionError(""HTTPSConnection(host='onlinecourses.nptel.ac.in', port=443): Failed to resolve 'onlinecourses.nptel.ac.in' ([Errno 11001] getaddrinfo failed)""))"
noc26_me200,"Error: HTTPSConnectionPool(host='onlinecourses.nptel.ac.in', port=443): Max retries exceeded with url: /e-learning/api/coursepreview?course_id=noc26_me200 (Caused by NameResolutionError(""HTTPSConnection(host='onlinecourses.nptel.ac.in', port=443): Failed to resolve 'onlinecourses.nptel.ac.in' ([Errno 11001] getaddrinfo failed)""))"
noc26_me201,"Error: HTTPSConnectionPool(host='onlinecourses.nptel.ac.in', port=443): Max retries exceeded with url: /e-learning/api/coursepreview?course_id=noc26_me201 (Caused by NameResolutionError(""HTTPSConnection(host='onlinecourses.nptel.ac.in', port=443): Failed to resolve 'onlinecourses.nptel.ac.in' ([Errno 11001] getaddrinfo failed)""))"
noc26_me202,"Error: HTTPSConnectionPool(host='onlinecourses.nptel.ac.in', port=443): Max retries exceeded with url: /e-learning/api/coursepreview?course_id=noc26_me202 (Caused by NameResolutionError(""HTTPSConnection(host='onlinecourses.nptel.ac.in', port=443): Failed to resolve 'onlinecourses.nptel.ac.in' ([Errno 11001] getaddrinfo failed)""))"
noc26_me203,"Error: HTTPSConnectionPool(host='onlinecourses.nptel.ac.in', port=443): Max retries exceeded with url: /e-learning/api/coursepreview?course_id=noc26_me203 (Caused by NameResolutionError(""HTTPSConnection(host='onlinecourses.nptel.ac.in', port=443): Failed to resolve 'onlinecourses.nptel.ac.in' ([Errno 11001] getaddrinfo failed)""))"
noc26_me204,"Error: HTTPSConnectionPool(host='onlinecourses.nptel.ac.in', port=443): Max retries exceeded with url: /e-learning/api/coursepreview?course_id=noc26_me204 (Caused by NameResolutionError(""HTTPSConnection(host='onlinecourses.nptel.ac.in', port=443): Failed to resolve 'onlinecourses.nptel.ac.in' ([Errno 11001] getaddrinfo failed)""))"
noc26_mg100,"Error: HTTPSConnectionPool(host='onlinecourses.nptel.ac.in', port=443): Max retries exceeded with url: /e-learning/api/coursepreview?course_id=noc26_mg100 (Caused by NameResolutionError(""HTTPSConnection(host='onlinecourses.nptel.ac.in', port=443): Failed to resolve 'onlinecourses.nptel.ac.in' ([Errno 11001] getaddrinfo failed)""))"
noc26_mg101,"Error: HTTPSConnectionPool(host='onlinecourses.nptel.ac.in', port=443): Max retries exceeded with url: /e-learning/api/coursepreview?course_id=noc26_mg101 (Caused by NameResolutionError(""HTTPSConnection(host='onlinecourses.nptel.ac.in', port=443): Failed to resolve 'onlinecourses.nptel.ac.in' ([Errno 11001] getaddrinfo failed)""))"
noc26_mg102,"Error: HTTPSConnectionPool(host='onlinecourses.nptel.ac.in', port=443): Max retries exceeded with url: /e-learning/api/coursepreview?course_id=noc26_mg102 (Caused by NameResolutionError(""HTTPSConnection(host='onlinecourses.nptel.ac.in', port=443): Failed to resolve 'onlinecourses.nptel.ac.in' ([Errno 11001] getaddrinfo failed)""))"
noc26_mg103,"Error: HTTPSConnectionPool(host='onlinecourses.nptel.ac.in', port=443): Max retries exceeded with url: /e-learning/api/coursepreview?course_id=noc26_mg103 (Caused by NameResolutionError(""HTTPSConnection(host='onlinecourses.nptel.ac.in', port=443): Failed to resolve 'onlinecourses.nptel.ac.in' ([Errno 11001] getaddrinfo failed)""))"
noc26_mg104,"Error: HTTPSConnectionPool(host='onlinecourses.nptel.ac.in', port=443): Max retries exceeded with url: /e-learning/api/coursepreview?course_id=noc26_mg104 (Caused by NameResolutionError(""HTTPSConnection(host='onlinecourses.nptel.ac.in', port=443): Failed to resolve 'onlinecourses.nptel.ac.in' ([Errno 11001] getaddrinfo failed)""))"
noc26_mg105,"Error: HTTPSConnectionPool(host='onlinecourses.nptel.ac.in', port=443): Max retries exceeded with url: /e-learning/api/coursepreview?course_id=noc26_mg105 (Caused by NameResolutionError(""HTTPSConnection(host='onlinecourses.nptel.ac.in', port=443): Failed to resolve 'onlinecourses.nptel.ac.in' ([Errno 11001] getaddrinfo failed)""))"
noc26_mg106,"Error: HTTPSConnectionPool(host='onlinecourses.nptel.ac.in', port=443): Max retries exceeded with url: /e-learning/api/coursepreview?course_id=noc26_mg106 (Caused by NameResolutionError(""HTTPSConnection(host='onlinecourses.nptel.ac.in', port=443): Failed to resolve 'onlinecourses.nptel.ac.in' ([Errno 11001] getaddrinfo failed)""))"
noc26_mg107,"Error: HTTPSConnectionPool(host='onlinecourses.nptel.ac.in', port=443): Max retries exceeded with url: /e-learning/api/coursepreview?course_id=noc26_mg107 (Caused by NameResolutionError(""HTTPSConnection(host='onlinecourses.nptel.ac.in', port=443): Failed to resolve 'onlinecourses.nptel.ac.in' ([Errno 11001] getaddrinfo failed)""))"
noc26_mg108,"Error: HTTPSConnectionPool(host='onlinecourses.nptel.ac.in', port=443): Max retries exceeded with url: /e-learning/api/coursepreview?course_id=noc26_mg108 (Caused by NameResolutionError(""HTTPSConnection(host='onlinecourses.nptel.ac.in', port=443): Failed to resolve 'onlinecourses.nptel.ac.in' ([Errno 11001] getaddrinfo failed)""))"
noc26_mg109,"Error: HTTPSConnectionPool(host='onlinecourses.nptel.ac.in', port=443): Max retries exceeded with url: /e-learning/api/coursepreview?course_id=noc26_mg109 (Caused by NameResolutionError(""HTTPSConnection(host='onlinecourses.nptel.ac.in', port=443): Failed to resolve 'onlinecourses.nptel.ac.in' ([Errno 11001] getaddrinfo failed)""))"
noc26_mg110,"Error: HTTPSConnectionPool(host='onlinecourses.nptel.ac.in', port=443): Max retries exceeded with url: /e-learning/api/coursepreview?course_id=noc26_mg110 (Caused by NameResolutionError(""HTTPSConnection(host='onlinecourses.nptel.ac.in', port=443): Failed to resolve 'onlinecourses.nptel.ac.in' ([Errno 11001] getaddrinfo failed)""))"
noc26_mg111,"Error: HTTPSConnectionPool(host='onlinecourses.nptel.ac.in', port=443): Max retries exceeded with url: /e-learning/api/coursepreview?course_id=noc26_mg111 (Caused by NameResolutionError(""HTTPSConnection(host='onlinecourses.nptel.ac.in', port=443): Failed to resolve 'onlinecourses.nptel.ac.in' ([Errno 11001] getaddrinfo failed)""))"
noc26_mg112,"Error: HTTPSConnectionPool(host='onlinecourses.nptel.ac.in', port=443): Max retries exceeded with url: /e-learning/api/coursepreview?course_id=noc26_mg112 (Caused by NameResolutionError(""HTTPSConnection(host='onlinecourses.nptel.ac.in', port=443): Failed to resolve 'onlinecourses.nptel.ac.in' ([Errno 11001] getaddrinfo failed)""))"
noc26_mg113,"Error: HTTPSConnectionPool(host='onlinecourses.nptel.ac.in', port=443): Max retries exceeded with url: /e-learning/api/coursepreview?course_id=noc26_mg113 (Caused by NameResolutionError(""HTTPSConnection(host='onlinecourses.nptel.ac.in', port=443): Failed to resolve 'onlinecourses.nptel.ac.in' ([Errno 11001] getaddrinfo failed)""))"
noc26_mg114,"Error: HTTPSConnectionPool(host='onlinecourses.nptel.ac.in', port=443): Max retries exceeded with url: /e-learning/api/coursepreview?course_id=noc26_mg114 (Caused by NameResolutionError(""HTTPSConnection(host='onlinecourses.nptel.ac.in', port=443): Failed to resolve 'onlinecourses.nptel.ac.in' ([Errno 11001] getaddrinfo failed)""))"
noc26_mg115,"Error: HTTPSConnectionPool(host='onlinecourses.nptel.ac.in', port=443): Max retries exceeded with url: /e-learning/api/coursepreview?course_id=noc26_mg115 (Caused by NameResolutionError(""HTTPSConnection(host='onlinecourses.nptel.ac.in', port=443): Failed to resolve 'onlinecourses.nptel.ac.in' ([Errno 11001] getaddrinfo failed)""))"
noc26_mg116,"Error: HTTPSConnectionPool(host='onlinecourses.nptel.ac.in', port=443): Max retries exceeded with url: /e-learning/api/coursepreview?course_id=noc26_mg116 (Caused by NameResolutionError(""HTTPSConnection(host='onlinecourses.nptel.ac.in', port=443): Failed to resolve 'onlinecourses.nptel.ac.in' ([Errno 11001] getaddrinfo failed)""))"
noc26_mg117,"Error: HTTPSConnectionPool(host='onlinecourses.nptel.ac.in', port=443): Max retries exceeded with url: /e-learning/api/coursepreview?course_id=noc26_mg117 (Caused by NameResolutionError(""HTTPSConnection(host='onlinecourses.nptel.ac.in', port=443): Failed to resolve 'onlinecourses.nptel.ac.in' ([Errno 11001] getaddrinfo failed)""))"
noc26_mg118,"Error: HTTPSConnectionPool(host='onlinecourses.nptel.ac.in', port=443): Max retries exceeded with url: /e-learning/api/coursepreview?course_id=noc26_mg118 (Caused by NameResolutionError(""HTTPSConnection(host='onlinecourses.nptel.ac.in', port=443): Failed to resolve 'onlinecourses.nptel.ac.in' ([Errno 11001] getaddrinfo failed)""))"
noc26_mg119,"Error: HTTPSConnectionPool(host='onlinecourses.nptel.ac.in', port=443): Max retries exceeded with url: /e-learning/api/coursepreview?course_id=noc26_mg119 (Caused by NameResolutionError(""HTTPSConnection(host='onlinecourses.nptel.ac.in', port=443): Failed to resolve 'onlinecourses.nptel.ac.in' ([Errno 11001] getaddrinfo failed)""))"
noc26_mg120,"Error: HTTPSConnectionPool(host='onlinecourses.nptel.ac.in', port=443): Max retries exceeded with url: /e-learning/api/coursepreview?course_id=noc26_mg120 (Caused by NameResolutionError(""HTTPSConnection(host='onlinecourses.nptel.ac.in', port=443): Failed to resolve 'onlinecourses.nptel.ac.in' ([Errno 11001] getaddrinfo failed)""))"
noc26_mg121,"Error: HTTPSConnectionPool(host='onlinecourses.nptel.ac.in', port=443): Max retries exceeded with url: /e-learning/api/coursepreview?course_id=noc26_mg121 (Caused by NameResolutionError(""HTTPSConnection(host='onlinecourses.nptel.ac.in', port=443): Failed to resolve 'onlinecourses.nptel.ac.in' ([Errno 11001] getaddrinfo failed)""))"
noc26_mg122,"Error: HTTPSConnectionPool(host='onlinecourses.nptel.ac.in', port=443): Max retries exceeded with url: /e-learning/api/coursepreview?course_id=noc26_mg122 (Caused by NameResolutionError(""HTTPSConnection(host='onlinecourses.nptel.ac.in', port=443): Failed to resolve 'onlinecourses.nptel.ac.in' ([Errno 11001] getaddrinfo failed)""))"
noc26_mg123,"Error: HTTPSConnectionPool(host='onlinecourses.nptel.ac.in', port=443): Max retries exceeded with url: /e-learning/api/coursepreview?course_id=noc26_mg123 (Caused by NameResolutionError(""HTTPSConnection(host='onlinecourses.nptel.ac.in', port=443): Failed to resolve 'onlinecourses.nptel.ac.in' ([Errno 11001] getaddrinfo failed)""))"
noc26_mg124,"Error: HTTPSConnectionPool(host='onlinecourses.nptel.ac.in', port=443): Max retries exceeded with url: /e-learning/api/coursepreview?course_id=noc26_mg124 (Caused by NameResolutionError(""HTTPSConnection(host='onlinecourses.nptel.ac.in', port=443): Failed to resolve 'onlinecourses.nptel.ac.in' ([Errno 11001] getaddrinfo failed)""))"
noc26_mg125,"Error: HTTPSConnectionPool(host='onlinecourses.nptel.ac.in', port=443): Max retries exceeded with url: /e-learning/api/coursepreview?course_id=noc26_mg125 (Caused by NameResolutionError(""HTTPSConnection(host='onlinecourses.nptel.ac.in', port=443): Failed to resolve 'onlinecourses.nptel.ac.in' ([Errno 11001] getaddrinfo failed)""))"
noc26_mg126,"Error: HTTPSConnectionPool(host='onlinecourses.nptel.ac.in', port=443): Max retries exceeded with url: /e-learning/api/coursepreview?course_id=noc26_mg126 (Caused by NameResolutionError(""HTTPSConnection(host='onlinecourses.nptel.ac.in', port=443): Failed to resolve 'onlinecourses.nptel.ac.in' ([Errno 11001] getaddrinfo failed)""))"
noc26_mg127,"Error: HTTPSConnectionPool(host='onlinecourses.nptel.ac.in', port=443): Max retries exceeded with url: /e-learning/api/coursepreview?course_id=noc26_mg127 (Caused by NameResolutionError(""HTTPSConnection(host='onlinecourses.nptel.ac.in', port=443): Failed to resolve 'onlinecourses.nptel.ac.in' ([Errno 11001] getaddrinfo failed)""))"
noc26_mg128,"Error: HTTPSConnectionPool(host='onlinecourses.nptel.ac.in', port=443): Max retries exceeded with url: /e-learning/api/coursepreview?course_id=noc26_mg128 (Caused by NameResolutionError(""HTTPSConnection(host='onlinecourses.nptel.ac.in', port=443): Failed to resolve 'onlinecourses.nptel.ac.in' ([Errno 11001] getaddrinfo failed)""))"
noc26_mg129,"Error: HTTPSConnectionPool(host='onlinecourses.nptel.ac.in', port=443): Max retries exceeded with url: /e-learning/api/coursepreview?course_id=noc26_mg129 (Caused by NameResolutionError(""HTTPSConnection(host='onlinecourses.nptel.ac.in', port=443): Failed to resolve 'onlinecourses.nptel.ac.in' ([Errno 11001] getaddrinfo failed)""))"
noc26_mg130,"Error: HTTPSConnectionPool(host='onlinecourses.nptel.ac.in', port=443): Max retries exceeded with url: /e-learning/api/coursepreview?course_id=noc26_mg130 (Caused by NameResolutionError(""HTTPSConnection(host='onlinecourses.nptel.ac.in', port=443): Failed to resolve 'onlinecourses.nptel.ac.in' ([Errno 11001] getaddrinfo failed)""))"
noc26_mg131,"Error: HTTPSConnectionPool(host='onlinecourses.nptel.ac.in', port=443): Max retries exceeded with url: /e-learning/api/coursepreview?course_id=noc26_mg131 (Caused by NameResolutionError(""HTTPSConnection(host='onlinecourses.nptel.ac.in', port=443): Failed to resolve 'onlinecourses.nptel.ac.in' ([Errno 11001] getaddrinfo failed)""))"
noc26_mg132,"Error: HTTPSConnectionPool(host='onlinecourses.nptel.ac.in', port=443): Max retries exceeded with url: /e-learning/api/coursepreview?course_id=noc26_mg132 (Caused by NameResolutionError(""HTTPSConnection(host='onlinecourses.nptel.ac.in', port=443): Failed to resolve 'onlinecourses.nptel.ac.in' ([Errno 11001] getaddrinfo failed)""))"
noc26_mg133,"Error: HTTPSConnectionPool(host='onlinecourses.nptel.ac.in', port=443): Max retries exceeded with url: /e-learning/api/coursepreview?course_id=noc26_mg133 (Caused by NameResolutionError(""HTTPSConnection(host='onlinecourses.nptel.ac.in', port=443): Failed to resolve 'onlinecourses.nptel.ac.in' ([Errno 11001] getaddrinfo failed)""))"
noc26_mg134,"Error: HTTPSConnectionPool(host='onlinecourses.nptel.ac.in', port=443): Max retries exceeded with url: /e-learning/api/coursepreview?course_id=noc26_mg134 (Caused by NameResolutionError(""HTTPSConnection(host='onlinecourses.nptel.ac.in', port=443): Failed to resolve 'onlinecourses.nptel.ac.in' ([Errno 11001] getaddrinfo failed)""))"
noc26_mg135,"Error: HTTPSConnectionPool(host='onlinecourses.nptel.ac.in', port=443): Max retries exceeded with url: /e-learning/api/coursepreview?course_id=noc26_mg135 (Caused by NameResolutionError(""HTTPSConnection(host='onlinecourses.nptel.ac.in', port=443): Failed to resolve 'onlinecourses.nptel.ac.in' ([Errno 11001] getaddrinfo failed)""))"
noc26_mg136,"Error: HTTPSConnectionPool(host='onlinecourses.nptel.ac.in', port=443): Max retries exceeded with url: /e-learning/api/coursepreview?course_id=noc26_mg136 (Caused by NameResolutionError(""HTTPSConnection(host='onlinecourses.nptel.ac.in', port=443): Failed to resolve 'onlinecourses.nptel.ac.in' ([Errno 11001] getaddrinfo failed)""))"
noc26_mg137,"Error: HTTPSConnectionPool(host='onlinecourses.nptel.ac.in', port=443): Max retries exceeded with url: /e-learning/api/coursepreview?course_id=noc26_mg137 (Caused by NameResolutionError(""HTTPSConnection(host='onlinecourses.nptel.ac.in', port=443): Failed to resolve 'onlinecourses.nptel.ac.in' ([Errno 11001] getaddrinfo failed)""))"
noc26_mg138,"Error: HTTPSConnectionPool(host='onlinecourses.nptel.ac.in', port=443): Max retries exceeded with url: /e-learning/api/coursepreview?course_id=noc26_mg138 (Caused by NameResolutionError(""HTTPSConnection(host='onlinecourses.nptel.ac.in', port=443): Failed to resolve 'onlinecourses.nptel.ac.in' ([Errno 11001] getaddrinfo failed)""))"
noc26_mg139,"Error: HTTPSConnectionPool(host='onlinecourses.nptel.ac.in', port=443): Max retries exceeded with url: /e-learning/api/coursepreview?course_id=noc26_mg139 (Caused by NameResolutionError(""HTTPSConnection(host='onlinecourses.nptel.ac.in', port=443): Failed to resolve 'onlinecourses.nptel.ac.in' ([Errno 11001] getaddrinfo failed)""))"
noc26_mg142,"Error: HTTPSConnectionPool(host='onlinecourses.nptel.ac.in', port=443): Max retries exceeded with url: /e-learning/api/coursepreview?course_id=noc26_mg142 (Caused by NameResolutionError(""HTTPSConnection(host='onlinecourses.nptel.ac.in', port=443): Failed to resolve 'onlinecourses.nptel.ac.in' ([Errno 11001] getaddrinfo failed)""))"
noc26_mg143,"Error: HTTPSConnectionPool(host='onlinecourses.nptel.ac.in', port=443): Max retries exceeded with url: /e-learning/api/coursepreview?course_id=noc26_mg143 (Caused by NameResolutionError(""HTTPSConnection(host='onlinecourses.nptel.ac.in', port=443): Failed to resolve 'onlinecourses.nptel.ac.in' ([Errno 11001] getaddrinfo failed)""))"
noc26_mg144,"Error: HTTPSConnectionPool(host='onlinecourses.nptel.ac.in', port=443): Max retries exceeded with url: /e-learning/api/coursepreview?course_id=noc26_mg144 (Caused by NameResolutionError(""HTTPSConnection(host='onlinecourses.nptel.ac.in', port=443): Failed to resolve 'onlinecourses.nptel.ac.in' ([Errno 11001] getaddrinfo failed)""))"
noc26_mg145,"Error: HTTPSConnectionPool(host='onlinecourses.nptel.ac.in', port=443): Max retries exceeded with url: /e-learning/api/coursepreview?course_id=noc26_mg145 (Caused by NameResolutionError(""HTTPSConnection(host='onlinecourses.nptel.ac.in', port=443): Failed to resolve 'onlinecourses.nptel.ac.in' ([Errno 11001] getaddrinfo failed)""))"
noc26_mg146,"Error: HTTPSConnectionPool(host='onlinecourses.nptel.ac.in', port=443): Max retries exceeded with url: /e-learning/api/coursepreview?course_id=noc26_mg146 (Caused by NameResolutionError(""HTTPSConnection(host='onlinecourses.nptel.ac.in', port=443): Failed to resolve 'onlinecourses.nptel.ac.in' ([Errno 11001] getaddrinfo failed)""))"
noc26_mg147,"Error: HTTPSConnectionPool(host='onlinecourses.nptel.ac.in', port=443): Max retries exceeded with url: /e-learning/api/coursepreview?course_id=noc26_mg147 (Caused by NameResolutionError(""HTTPSConnection(host='onlinecourses.nptel.ac.in', port=443): Failed to resolve 'onlinecourses.nptel.ac.in' ([Errno 11001] getaddrinfo failed)""))"
noc26_mg148,"Error: HTTPSConnectionPool(host='onlinecourses.nptel.ac.in', port=443): Max retries exceeded with url: /e-learning/api/coursepreview?course_id=noc26_mg148 (Caused by NameResolutionError(""HTTPSConnection(host='onlinecourses.nptel.ac.in', port=443): Failed to resolve 'onlinecourses.nptel.ac.in' ([Errno 11001] getaddrinfo failed)""))"
noc26_mg149,"Error: HTTPSConnectionPool(host='onlinecourses.nptel.ac.in', port=443): Max retries exceeded with url: /e-learning/api/coursepreview?course_id=noc26_mg149 (Caused by NameResolutionError(""HTTPSConnection(host='onlinecourses.nptel.ac.in', port=443): Failed to resolve 'onlinecourses.nptel.ac.in' ([Errno 11001] getaddrinfo failed)""))"
noc26_mg150,"Error: HTTPSConnectionPool(host='onlinecourses.nptel.ac.in', port=443): Max retries exceeded with url: /e-learning/api/coursepreview?course_id=noc26_mg150 (Caused by NameResolutionError(""HTTPSConnection(host='onlinecourses.nptel.ac.in', port=443): Failed to resolve 'onlinecourses.nptel.ac.in' ([Errno 11001] getaddrinfo failed)""))"
noc26_mg151,"Error: HTTPSConnectionPool(host='onlinecourses.nptel.ac.in', port=443): Max retries exceeded with url: /e-learning/api/coursepreview?course_id=noc26_mg151 (Caused by NameResolutionError(""HTTPSConnection(host='onlinecourses.nptel.ac.in', port=443): Failed to resolve 'onlinecourses.nptel.ac.in' ([Errno 11001] getaddrinfo failed)""))"
noc26_mg152,"Error: HTTPSConnectionPool(host='onlinecourses.nptel.ac.in', port=443): Max retries exceeded with url: /e-learning/api/coursepreview?course_id=noc26_mg152 (Caused by NameResolutionError(""HTTPSConnection(host='onlinecourses.nptel.ac.in', port=443): Failed to resolve 'onlinecourses.nptel.ac.in' ([Errno 11001] getaddrinfo failed)""))"
noc26_mg153,"Error: HTTPSConnectionPool(host='onlinecourses.nptel.ac.in', port=443): Max retries exceeded with url: /e-learning/api/coursepreview?course_id=noc26_mg153 (Caused by NameResolutionError(""HTTPSConnection(host='onlinecourses.nptel.ac.in', port=443): Failed to resolve 'onlinecourses.nptel.ac.in' ([Errno 11001] getaddrinfo failed)""))"
noc26_mg154,"Error: HTTPSConnectionPool(host='onlinecourses.nptel.ac.in', port=443): Max retries exceeded with url: /e-learning/api/coursepreview?course_id=noc26_mg154 (Caused by NameResolutionError(""HTTPSConnection(host='onlinecourses.nptel.ac.in', port=443): Failed to resolve 'onlinecourses.nptel.ac.in' ([Errno 11001] getaddrinfo failed)""))"
noc26_mg155,"Error: HTTPSConnectionPool(host='onlinecourses.nptel.ac.in', port=443): Max retries exceeded with url: /e-learning/api/coursepreview?course_id=noc26_mg155 (Caused by NameResolutionError(""HTTPSConnection(host='onlinecourses.nptel.ac.in', port=443): Failed to resolve 'onlinecourses.nptel.ac.in' ([Errno 11001] getaddrinfo failed)""))"
noc26_mg156,"Error: HTTPSConnectionPool(host='onlinecourses.nptel.ac.in', port=443): Max retries exceeded with url: /e-learning/api/coursepreview?course_id=noc26_mg156 (Caused by NameResolutionError(""HTTPSConnection(host='onlinecourses.nptel.ac.in', port=443): Failed to resolve 'onlinecourses.nptel.ac.in' ([Errno 11001] getaddrinfo failed)""))"
noc26_mg157,"Error: HTTPSConnectionPool(host='onlinecourses.nptel.ac.in', port=443): Max retries exceeded with url: /e-learning/api/coursepreview?course_id=noc26_mg157 (Caused by NameResolutionError(""HTTPSConnection(host='onlinecourses.nptel.ac.in', port=443): Failed to resolve 'onlinecourses.nptel.ac.in' ([Errno 11001] getaddrinfo failed)""))"
noc26_mg158,"Error: HTTPSConnectionPool(host='onlinecourses.nptel.ac.in', port=443): Max retries exceeded with url: /e-learning/api/coursepreview?course_id=noc26_mg158 (Caused by NameResolutionError(""HTTPSConnection(host='onlinecourses.nptel.ac.in', port=443): Failed to resolve 'onlinecourses.nptel.ac.in' ([Errno 11001] getaddrinfo failed)""))"
noc26_mg159,"Error: HTTPSConnectionPool(host='onlinecourses.nptel.ac.in', port=443): Max retries exceeded with url: /e-learning/api/coursepreview?course_id=noc26_mg159 (Caused by NameResolutionError(""HTTPSConnection(host='onlinecourses.nptel.ac.in', port=443): Failed to resolve 'onlinecourses.nptel.ac.in' ([Errno 11001] getaddrinfo failed)""))"
noc26_mg80,"Error: HTTPSConnectionPool(host='onlinecourses.nptel.ac.in', port=443): Max retries exceeded with url: /e-learning/api/coursepreview?course_id=noc26_mg80 (Caused by NameResolutionError(""HTTPSConnection(host='onlinecourses.nptel.ac.in', port=443): Failed to resolve 'onlinecourses.nptel.ac.in' ([Errno 11001] getaddrinfo failed)""))"
noc26_mg81,"Error: HTTPSConnectionPool(host='onlinecourses.nptel.ac.in', port=443): Max retries exceeded with url: /e-learning/api/coursepreview?course_id=noc26_mg81 (Caused by NameResolutionError(""HTTPSConnection(host='onlinecourses.nptel.ac.in', port=443): Failed to resolve 'onlinecourses.nptel.ac.in' ([Errno 11001] getaddrinfo failed)""))"
noc26_mg82,"Error: HTTPSConnectionPool(host='onlinecourses.nptel.ac.in', port=443): Max retries exceeded with url: /e-learning/api/coursepreview?course_id=noc26_mg82 (Caused by NameResolutionError(""HTTPSConnection(host='onlinecourses.nptel.ac.in', port=443): Failed to resolve 'onlinecourses.nptel.ac.in' ([Errno 11001] getaddrinfo failed)""))"
noc26_mg83,"Error: HTTPSConnectionPool(host='onlinecourses.nptel.ac.in', port=443): Max retries exceeded with url: /e-learning/api/coursepreview?course_id=noc26_mg83 (Caused by NameResolutionError(""HTTPSConnection(host='onlinecourses.nptel.ac.in', port=443): Failed to resolve 'onlinecourses.nptel.ac.in' ([Errno 11001] getaddrinfo failed)""))"
noc26_mg84,"Error: HTTPSConnectionPool(host='onlinecourses.nptel.ac.in', port=443): Max retries exceeded with url: /e-learning/api/coursepreview?course_id=noc26_mg84 (Caused by NameResolutionError(""HTTPSConnection(host='onlinecourses.nptel.ac.in', port=443): Failed to resolve 'onlinecourses.nptel.ac.in' ([Errno 11001] getaddrinfo failed)""))"
noc26_mg85,"Error: HTTPSConnectionPool(host='onlinecourses.nptel.ac.in', port=443): Max retries exceeded with url: /e-learning/api/coursepreview?course_id=noc26_mg85 (Caused by NameResolutionError(""HTTPSConnection(host='onlinecourses.nptel.ac.in', port=443): Failed to resolve 'onlinecourses.nptel.ac.in' ([Errno 11001] getaddrinfo failed)""))"
noc26_mg86,"Error: HTTPSConnectionPool(host='onlinecourses.nptel.ac.in', port=443): Max retries exceeded with url: /e-learning/api/coursepreview?course_id=noc26_mg86 (Caused by NameResolutionError(""HTTPSConnection(host='onlinecourses.nptel.ac.in', port=443): Failed to resolve 'onlinecourses.nptel.ac.in' ([Errno 11001] getaddrinfo failed)""))"
noc26_mg87,"Error: HTTPSConnectionPool(host='onlinecourses.nptel.ac.in', port=443): Max retries exceeded with url: /e-learning/api/coursepreview?course_id=noc26_mg87 (Caused by NameResolutionError(""HTTPSConnection(host='onlinecourses.nptel.ac.in', port=443): Failed to resolve 'onlinecourses.nptel.ac.in' ([Errno 11001] getaddrinfo failed)""))"
noc26_mg88,"Error: HTTPSConnectionPool(host='onlinecourses.nptel.ac.in', port=443): Max retries exceeded with url: /e-learning/api/coursepreview?course_id=noc26_mg88 (Caused by NameResolutionError(""HTTPSConnection(host='onlinecourses.nptel.ac.in', port=443): Failed to resolve 'onlinecourses.nptel.ac.in' ([Errno 11001] getaddrinfo failed)""))"
noc26_mg89,"Error: HTTPSConnectionPool(host='onlinecourses.nptel.ac.in', port=443): Max retries exceeded with url: /e-learning/api/coursepreview?course_id=noc26_mg89 (Caused by NameResolutionError(""HTTPSConnection(host='onlinecourses.nptel.ac.in', port=443): Failed to resolve 'onlinecourses.nptel.ac.in' ([Errno 11001] getaddrinfo failed)""))"
noc26_mg90,"Error: HTTPSConnectionPool(host='onlinecourses.nptel.ac.in', port=443): Max retries exceeded with url: /e-learning/api/coursepreview?course_id=noc26_mg90 (Caused by NameResolutionError(""HTTPSConnection(host='onlinecourses.nptel.ac.in', port=443): Failed to resolve 'onlinecourses.nptel.ac.in' ([Errno 11001] getaddrinfo failed)""))"
noc26_mg91,"Error: HTTPSConnectionPool(host='onlinecourses.nptel.ac.in', port=443): Max retries exceeded with url: /e-learning/api/coursepreview?course_id=noc26_mg91 (Caused by NameResolutionError(""HTTPSConnection(host='onlinecourses.nptel.ac.in', port=443): Failed to resolve 'onlinecourses.nptel.ac.in' ([Errno 11001] getaddrinfo failed)""))"
noc26_mg92,"Error: HTTPSConnectionPool(host='onlinecourses.nptel.ac.in', port=443): Max retries exceeded with url: /e-learning/api/coursepreview?course_id=noc26_mg92 (Caused by NameResolutionError(""HTTPSConnection(host='onlinecourses.nptel.ac.in', port=443): Failed to resolve 'onlinecourses.nptel.ac.in' ([Errno 11001] getaddrinfo failed)""))"
noc26_mg93,"Error: HTTPSConnectionPool(host='onlinecourses.nptel.ac.in', port=443): Max retries exceeded with url: /e-learning/api/coursepreview?course_id=noc26_mg93 (Caused by NameResolutionError(""HTTPSConnection(host='onlinecourses.nptel.ac.in', port=443): Failed to resolve 'onlinecourses.nptel.ac.in' ([Errno 11001] getaddrinfo failed)""))"
noc26_mg94,"Error: HTTPSConnectionPool(host='onlinecourses.nptel.ac.in', port=443): Max retries exceeded with url: /e-learning/api/coursepreview?course_id=noc26_mg94 (Caused by NameResolutionError(""HTTPSConnection(host='onlinecourses.nptel.ac.in', port=443): Failed to resolve 'onlinecourses.nptel.ac.in' ([Errno 11001] getaddrinfo failed)""))"
noc26_mg95,"Error: HTTPSConnectionPool(host='onlinecourses.nptel.ac.in', port=443): Max retries exceeded with url: /e-learning/api/coursepreview?course_id=noc26_mg95 (Caused by NameResolutionError(""HTTPSConnection(host='onlinecourses.nptel.ac.in', port=443): Failed to resolve 'onlinecourses.nptel.ac.in' ([Errno 11001] getaddrinfo failed)""))"
noc26_mg96,"Error: HTTPSConnectionPool(host='onlinecourses.nptel.ac.in', port=443): Max retries exceeded with url: /e-learning/api/coursepreview?course_id=noc26_mg96 (Caused by NameResolutionError(""HTTPSConnection(host='onlinecourses.nptel.ac.in', port=443): Failed to resolve 'onlinecourses.nptel.ac.in' ([Errno 11001] getaddrinfo failed)""))"
noc26_mg97,"Error: HTTPSConnectionPool(host='onlinecourses.nptel.ac.in', port=443): Max retries exceeded with url: /e-learning/api/coursepreview?course_id=noc26_mg97 (Caused by NameResolutionError(""HTTPSConnection(host='onlinecourses.nptel.ac.in', port=443): Failed to resolve 'onlinecourses.nptel.ac.in' ([Errno 11001] getaddrinfo failed)""))"
noc26_mg98,"Error: HTTPSConnectionPool(host='onlinecourses.nptel.ac.in', port=443): Max retries exceeded with url: /e-learning/api/coursepreview?course_id=noc26_mg98 (Caused by NameResolutionError(""HTTPSConnection(host='onlinecourses.nptel.ac.in', port=443): Failed to resolve 'onlinecourses.nptel.ac.in' ([Errno 11001] getaddrinfo failed)""))"
noc26_mg99,"Error: HTTPSConnectionPool(host='onlinecourses.nptel.ac.in', port=443): Max retries exceeded with url: /e-learning/api/coursepreview?course_id=noc26_mg99 (Caused by NameResolutionError(""HTTPSConnection(host='onlinecourses.nptel.ac.in', port=443): Failed to resolve 'onlinecourses.nptel.ac.in' ([Errno 11001] getaddrinfo failed)""))"
noc26_mm48,"Error: HTTPSConnectionPool(host='onlinecourses.nptel.ac.in', port=443): Max retries exceeded with url: /e-learning/api/coursepreview?course_id=noc26_mm48 (Caused by NameResolutionError(""HTTPSConnection(host='onlinecourses.nptel.ac.in', port=443): Failed to resolve 'onlinecourses.nptel.ac.in' ([Errno 11001] getaddrinfo failed)""))"
noc26_mm49,"Error: HTTPSConnectionPool(host='onlinecourses.nptel.ac.in', port=443): Max retries exceeded with url: /e-learning/api/coursepreview?course_id=noc26_mm49 (Caused by NameResolutionError(""HTTPSConnection(host='onlinecourses.nptel.ac.in', port=443): Failed to resolve 'onlinecourses.nptel.ac.in' ([Errno 11001] getaddrinfo failed)""))"
noc26_mm50,"Error: HTTPSConnectionPool(host='onlinecourses.nptel.ac.in', port=443): Max retries exceeded with url: /e-learning/api/coursepreview?course_id=noc26_mm50 (Caused by NameResolutionError(""HTTPSConnection(host='onlinecourses.nptel.ac.in', port=443): Failed to resolve 'onlinecourses.nptel.ac.in' ([Errno 11001] getaddrinfo failed)""))"
noc26_mm51,"Error: HTTPSConnectionPool(host='onlinecourses.nptel.ac.in', port=443): Max retries exceeded with url: /e-learning/api/coursepreview?course_id=noc26_mm51 (Caused by NameResolutionError(""HTTPSConnection(host='onlinecourses.nptel.ac.in', port=443): Failed to resolve 'onlinecourses.nptel.ac.in' ([Errno 11001] getaddrinfo failed)""))"
noc26_mm53,"Error: HTTPSConnectionPool(host='onlinecourses.nptel.ac.in', port=443): Max retries exceeded with url: /e-learning/api/coursepreview?course_id=noc26_mm53 (Caused by NameResolutionError(""HTTPSConnection(host='onlinecourses.nptel.ac.in', port=443): Failed to resolve 'onlinecourses.nptel.ac.in' ([Errno 11001] getaddrinfo failed)""))"
noc26_mm54,"Error: HTTPSConnectionPool(host='onlinecourses.nptel.ac.in', port=443): Max retries exceeded with url: /e-learning/api/coursepreview?course_id=noc26_mm54 (Caused by NameResolutionError(""HTTPSConnection(host='onlinecourses.nptel.ac.in', port=443): Failed to resolve 'onlinecourses.nptel.ac.in' ([Errno 11001] getaddrinfo failed)""))"
noc26_mm55,"Error: HTTPSConnectionPool(host='onlinecourses.nptel.ac.in', port=443): Max retries exceeded with url: /e-learning/api/coursepreview?course_id=noc26_mm55 (Caused by NameResolutionError(""HTTPSConnection(host='onlinecourses.nptel.ac.in', port=443): Failed to resolve 'onlinecourses.nptel.ac.in' ([Errno 11001] getaddrinfo failed)""))"
noc26_mm56,"Error: HTTPSConnectionPool(host='onlinecourses.nptel.ac.in', port=443): Max retries exceeded with url: /e-learning/api/coursepreview?course_id=noc26_mm56 (Caused by NameResolutionError(""HTTPSConnection(host='onlinecourses.nptel.ac.in', port=443): Failed to resolve 'onlinecourses.nptel.ac.in' ([Errno 11001] getaddrinfo failed)""))"
noc26_mm57,"Error: HTTPSConnectionPool(host='onlinecourses.nptel.ac.in', port=443): Max retries exceeded with url: /e-learning/api/coursepreview?course_id=noc26_mm57 (Caused by NameResolutionError(""HTTPSConnection(host='onlinecourses.nptel.ac.in', port=443): Failed to resolve 'onlinecourses.nptel.ac.in' ([Errno 11001] getaddrinfo failed)""))"
noc26_mm58,"Error: HTTPSConnectionPool(host='onlinecourses.nptel.ac.in', port=443): Max retries exceeded with url: /e-learning/api/coursepreview?course_id=noc26_mm58 (Caused by NameResolutionError(""HTTPSConnection(host='onlinecourses.nptel.ac.in', port=443): Failed to resolve 'onlinecourses.nptel.ac.in' ([Errno 11001] getaddrinfo failed)""))"
noc26_mm59,"Error: HTTPSConnectionPool(host='onlinecourses.nptel.ac.in', port=443): Max retries exceeded with url: /e-learning/api/coursepreview?course_id=noc26_mm59 (Caused by NameResolutionError(""HTTPSConnection(host='onlinecourses.nptel.ac.in', port=443): Failed to resolve 'onlinecourses.nptel.ac.in' ([Errno 11001] getaddrinfo failed)""))"
noc26_mm60,"Error: HTTPSConnectionPool(host='onlinecourses.nptel.ac.in', port=443): Max retries exceeded with url: /e-learning/api/coursepreview?course_id=noc26_mm60 (Caused by NameResolutionError(""HTTPSConnection(host='onlinecourses.nptel.ac.in', port=443): Failed to resolve 'onlinecourses.nptel.ac.in' ([Errno 11001] getaddrinfo failed)""))"
noc26_mm61,"Error: HTTPSConnectionPool(host='onlinecourses.nptel.ac.in', port=443): Max retries exceeded with url: /e-learning/api/coursepreview?course_id=noc26_mm61 (Caused by NameResolutionError(""HTTPSConnection(host='onlinecourses.nptel.ac.in', port=443): Failed to resolve 'onlinecourses.nptel.ac.in' ([Errno 11001] getaddrinfo failed)""))"
noc26_mm62,"Error: HTTPSConnectionPool(host='onlinecourses.nptel.ac.in', port=443): Max retries exceeded with url: /e-learning/api/coursepreview?course_id=noc26_mm62 (Caused by NameResolutionError(""HTTPSConnection(host='onlinecourses.nptel.ac.in', port=443): Failed to resolve 'onlinecourses.nptel.ac.in' ([Errno 11001] getaddrinfo failed)""))"
noc26_mm63,"Error: HTTPSConnectionPool(host='onlinecourses.nptel.ac.in', port=443): Max retries exceeded with url: /e-learning/api/coursepreview?course_id=noc26_mm63 (Caused by NameResolutionError(""HTTPSConnection(host='onlinecourses.nptel.ac.in', port=443): Failed to resolve 'onlinecourses.nptel.ac.in' ([Errno 11001] getaddrinfo failed)""))"
noc26_mm64,"Error: HTTPSConnectionPool(host='onlinecourses.nptel.ac.in', port=443): Max retries exceeded with url: /e-learning/api/coursepreview?course_id=noc26_mm64 (Caused by NameResolutionError(""HTTPSConnection(host='onlinecourses.nptel.ac.in', port=443): Failed to resolve 'onlinecourses.nptel.ac.in' ([Errno 11001] getaddrinfo failed)""))"
noc26_mm65,"Error: HTTPSConnectionPool(host='onlinecourses.nptel.ac.in', port=443): Max retries exceeded with url: /e-learning/api/coursepreview?course_id=noc26_mm65 (Caused by NameResolutionError(""HTTPSConnection(host='onlinecourses.nptel.ac.in', port=443): Failed to resolve 'onlinecourses.nptel.ac.in' ([Errno 11001] getaddrinfo failed)""))"
noc26_mm66,"Error: HTTPSConnectionPool(host='onlinecourses.nptel.ac.in', port=443): Max retries exceeded with url: /e-learning/api/coursepreview?course_id=noc26_mm66 (Caused by NameResolutionError(""HTTPSConnection(host='onlinecourses.nptel.ac.in', port=443): Failed to resolve 'onlinecourses.nptel.ac.in' ([Errno 11001] getaddrinfo failed)""))"
noc26_mm67,"Error: HTTPSConnectionPool(host='onlinecourses.nptel.ac.in', port=443): Max retries exceeded with url: /e-learning/api/coursepreview?course_id=noc26_mm67 (Caused by NameResolutionError(""HTTPSConnection(host='onlinecourses.nptel.ac.in', port=443): Failed to resolve 'onlinecourses.nptel.ac.in' ([Errno 11001] getaddrinfo failed)""))"
noc26_mm68,"Error: HTTPSConnectionPool(host='onlinecourses.nptel.ac.in', port=443): Max retries exceeded with url: /e-learning/api/coursepreview?course_id=noc26_mm68 (Caused by NameResolutionError(""HTTPSConnection(host='onlinecourses.nptel.ac.in', port=443): Failed to resolve 'onlinecourses.nptel.ac.in' ([Errno 11001] getaddrinfo failed)""))"
noc26_mm69,"Error: HTTPSConnectionPool(host='onlinecourses.nptel.ac.in', port=443): Max retries exceeded with url: /e-learning/api/coursepreview?course_id=noc26_mm69 (Caused by NameResolutionError(""HTTPSConnection(host='onlinecourses.nptel.ac.in', port=443): Failed to resolve 'onlinecourses.nptel.ac.in' ([Errno 11001] getaddrinfo failed)""))"
noc26_mm70,"Error: HTTPSConnectionPool(host='onlinecourses.nptel.ac.in', port=443): Max retries exceeded with url: /e-learning/api/coursepreview?course_id=noc26_mm70 (Caused by NameResolutionError(""HTTPSConnection(host='onlinecourses.nptel.ac.in', port=443): Failed to resolve 'onlinecourses.nptel.ac.in' ([Errno 11001] getaddrinfo failed)""))"
noc26_mm71,"Error: HTTPSConnectionPool(host='onlinecourses.nptel.ac.in', port=443): Max retries exceeded with url: /e-learning/api/coursepreview?course_id=noc26_mm71 (Caused by NameResolutionError(""HTTPSConnection(host='onlinecourses.nptel.ac.in', port=443): Failed to resolve 'onlinecourses.nptel.ac.in' ([Errno 11001] getaddrinfo failed)""))"
noc26_mm72,"Error: HTTPSConnectionPool(host='onlinecourses.nptel.ac.in', port=443): Max retries exceeded with url: /e-learning/api/coursepreview?course_id=noc26_mm72 (Caused by NameResolutionError(""HTTPSConnection(host='onlinecourses.nptel.ac.in', port=443): Failed to resolve 'onlinecourses.nptel.ac.in' ([Errno 11001] getaddrinfo failed)""))"
noc26_mm73,"Error: HTTPSConnectionPool(host='onlinecourses.nptel.ac.in', port=443): Max retries exceeded with url: /e-learning/api/coursepreview?course_id=noc26_mm73 (Caused by NameResolutionError(""HTTPSConnection(host='onlinecourses.nptel.ac.in', port=443): Failed to resolve 'onlinecourses.nptel.ac.in' ([Errno 11001] getaddrinfo failed)""))"
noc26_mm74,"Error: HTTPSConnectionPool(host='onlinecourses.nptel.ac.in', port=443): Max retries exceeded with url: /e-learning/api/coursepreview?course_id=noc26_mm74 (Caused by NameResolutionError(""HTTPSConnection(host='onlinecourses.nptel.ac.in', port=443): Failed to resolve 'onlinecourses.nptel.ac.in' ([Errno 11001] getaddrinfo failed)""))"
noc26_mm75,"Error: HTTPSConnectionPool(host='onlinecourses.nptel.ac.in', port=443): Max retries exceeded with url: /e-learning/api/coursepreview?course_id=noc26_mm75 (Caused by NameResolutionError(""HTTPSConnection(host='onlinecourses.nptel.ac.in', port=443): Failed to resolve 'onlinecourses.nptel.ac.in' ([Errno 11001] getaddrinfo failed)""))"
noc26_mm76,"Error: HTTPSConnectionPool(host='onlinecourses.nptel.ac.in', port=443): Max retries exceeded with url: /e-learning/api/coursepreview?course_id=noc26_mm76 (Caused by NameResolutionError(""HTTPSConnection(host='onlinecourses.nptel.ac.in', port=443): Failed to resolve 'onlinecourses.nptel.ac.in' ([Errno 11001] getaddrinfo failed)""))"
noc26_mm77,"Error: HTTPSConnectionPool(host='onlinecourses.nptel.ac.in', port=443): Max retries exceeded with url: /e-learning/api/coursepreview?course_id=noc26_mm77 (Caused by NameResolutionError(""HTTPSConnection(host='onlinecourses.nptel.ac.in', port=443): Failed to resolve 'onlinecourses.nptel.ac.in' ([Errno 11001] getaddrinfo failed)""))"
noc26_mm78,"Error: HTTPSConnectionPool(host='onlinecourses.nptel.ac.in', port=443): Max retries exceeded with url: /e-learning/api/coursepreview?course_id=noc26_mm78 (Caused by NameResolutionError(""HTTPSConnection(host='onlinecourses.nptel.ac.in', port=443): Failed to resolve 'onlinecourses.nptel.ac.in' ([Errno 11001] getaddrinfo failed)""))"
noc26_mm79,"Error: HTTPSConnectionPool(host='onlinecourses.nptel.ac.in', port=443): Max retries exceeded with url: /e-learning/api/coursepreview?course_id=noc26_mm79 (Caused by NameResolutionError(""HTTPSConnection(host='onlinecourses.nptel.ac.in', port=443): Failed to resolve 'onlinecourses.nptel.ac.in' ([Errno 11001] getaddrinfo failed)""))"
noc26_mm80,"Error: HTTPSConnectionPool(host='onlinecourses.nptel.ac.in', port=443): Max retries exceeded with url: /e-learning/api/coursepreview?course_id=noc26_mm80 (Caused by NameResolutionError(""HTTPSConnection(host='onlinecourses.nptel.ac.in', port=443): Failed to resolve 'onlinecourses.nptel.ac.in' ([Errno 11001] getaddrinfo failed)""))"
noc26_mm81,"Error: HTTPSConnectionPool(host='onlinecourses.nptel.ac.in', port=443): Max retries exceeded with url: /e-learning/api/coursepreview?course_id=noc26_mm81 (Caused by NameResolutionError(""HTTPSConnection(host='onlinecourses.nptel.ac.in', port=443): Failed to resolve 'onlinecourses.nptel.ac.in' ([Errno 11001] getaddrinfo failed)""))"
noc26_mm82,"Error: HTTPSConnectionPool(host='onlinecourses.nptel.ac.in', port=443): Max retries exceeded with url: /e-learning/api/coursepreview?course_id=noc26_mm82 (Caused by NameResolutionError(""HTTPSConnection(host='onlinecourses.nptel.ac.in', port=443): Failed to resolve 'onlinecourses.nptel.ac.in' ([Errno 11001] getaddrinfo failed)""))"
noc26_mm83,"Error: HTTPSConnectionPool(host='onlinecourses.nptel.ac.in', port=443): Max retries exceeded with url: /e-learning/api/coursepreview?course_id=noc26_mm83 (Caused by NameResolutionError(""HTTPSConnection(host='onlinecourses.nptel.ac.in', port=443): Failed to resolve 'onlinecourses.nptel.ac.in' ([Errno 11001] getaddrinfo failed)""))"
noc26_mm84,"Error: HTTPSConnectionPool(host='onlinecourses.nptel.ac.in', port=443): Max retries exceeded with url: /e-learning/api/coursepreview?course_id=noc26_mm84 (Caused by NameResolutionError(""HTTPSConnection(host='onlinecourses.nptel.ac.in', port=443): Failed to resolve 'onlinecourses.nptel.ac.in' ([Errno 11001] getaddrinfo failed)""))"
noc26_mm85,"Error: HTTPSConnectionPool(host='onlinecourses.nptel.ac.in', port=443): Max retries exceeded with url: /e-learning/api/coursepreview?course_id=noc26_mm85 (Caused by NameResolutionError(""HTTPSConnection(host='onlinecourses.nptel.ac.in', port=443): Failed to resolve 'onlinecourses.nptel.ac.in' ([Errno 11001] getaddrinfo failed)""))"
noc26_mm86,"Error: HTTPSConnectionPool(host='onlinecourses.nptel.ac.in', port=443): Max retries exceeded with url: /e-learning/api/coursepreview?course_id=noc26_mm86 (Caused by NameResolutionError(""HTTPSConnection(host='onlinecourses.nptel.ac.in', port=443): Failed to resolve 'onlinecourses.nptel.ac.in' ([Errno 11001] getaddrinfo failed)""))"
noc26_mm87,"Error: HTTPSConnectionPool(host='onlinecourses.nptel.ac.in', port=443): Max retries exceeded with url: /e-learning/api/coursepreview?course_id=noc26_mm87 (Caused by NameResolutionError(""HTTPSConnection(host='onlinecourses.nptel.ac.in', port=443): Failed to resolve 'onlinecourses.nptel.ac.in' ([Errno 11001] getaddrinfo failed)""))"
noc26_mm88,"Error: HTTPSConnectionPool(host='onlinecourses.nptel.ac.in', port=443): Max retries exceeded with url: /e-learning/api/coursepreview?course_id=noc26_mm88 (Caused by NameResolutionError(""HTTPSConnection(host='onlinecourses.nptel.ac.in', port=443): Failed to resolve 'onlinecourses.nptel.ac.in' ([Errno 11001] getaddrinfo failed)""))"
noc26_mm89,"Error: HTTPSConnectionPool(host='onlinecourses.nptel.ac.in', port=443): Max retries exceeded with url: /e-learning/api/coursepreview?course_id=noc26_mm89 (Caused by NameResolutionError(""HTTPSConnection(host='onlinecourses.nptel.ac.in', port=443): Failed to resolve 'onlinecourses.nptel.ac.in' ([Errno 11001] getaddrinfo failed)""))"
noc26_mm90,"Error: HTTPSConnectionPool(host='onlinecourses.nptel.ac.in', port=443): Max retries exceeded with url: /e-learning/api/coursepreview?course_id=noc26_mm90 (Caused by NameResolutionError(""HTTPSConnection(host='onlinecourses.nptel.ac.in', port=443): Failed to resolve 'onlinecourses.nptel.ac.in' ([Errno 11001] getaddrinfo failed)""))"
noc26_mm91,"Error: HTTPSConnectionPool(host='onlinecourses.nptel.ac.in', port=443): Max retries exceeded with url: /e-learning/api/coursepreview?course_id=noc26_mm91 (Caused by NameResolutionError(""HTTPSConnection(host='onlinecourses.nptel.ac.in', port=443): Failed to resolve 'onlinecourses.nptel.ac.in' ([Errno 11001] getaddrinfo failed)""))"
noc26_oe05,"Error: HTTPSConnectionPool(host='onlinecourses.nptel.ac.in', port=443): Max retries exceeded with url: /e-learning/api/coursepreview?course_id=noc26_oe05 (Caused by NameResolutionError(""HTTPSConnection(host='onlinecourses.nptel.ac.in', port=443): Failed to resolve 'onlinecourses.nptel.ac.in' ([Errno 11001] getaddrinfo failed)""))"
noc26_oe06,"Error: HTTPSConnectionPool(host='onlinecourses.nptel.ac.in', port=443): Max retries exceeded with url: /e-learning/api/coursepreview?course_id=noc26_oe06 (Caused by NameResolutionError(""HTTPSConnection(host='onlinecourses.nptel.ac.in', port=443): Failed to resolve 'onlinecourses.nptel.ac.in' ([Errno 11001] getaddrinfo failed)""))"
noc26_oe07,"Error: HTTPSConnectionPool(host='onlinecourses.nptel.ac.in', port=443): Max retries exceeded with url: /e-learning/api/coursepreview?course_id=noc26_oe07 (Caused by NameResolutionError(""HTTPSConnection(host='onlinecourses.nptel.ac.in', port=443): Failed to resolve 'onlinecourses.nptel.ac.in' ([Errno 11001] getaddrinfo failed)""))"
noc26_oe08,"Error: HTTPSConnectionPool(host='onlinecourses.nptel.ac.in', port=443): Max retries exceeded with url: /e-learning/api/coursepreview?course_id=noc26_oe08 (Caused by NameResolutionError(""HTTPSConnection(host='onlinecourses.nptel.ac.in', port=443): Failed to resolve 'onlinecourses.nptel.ac.in' ([Errno 11001] getaddrinfo failed)""))"
noc26_oe09,"Error: HTTPSConnectionPool(host='onlinecourses.nptel.ac.in', port=443): Max retries exceeded with url: /e-learning/api/coursepreview?course_id=noc26_oe09 (Caused by NameResolutionError(""HTTPSConnection(host='onlinecourses.nptel.ac.in', port=443): Failed to resolve 'onlinecourses.nptel.ac.in' ([Errno 11001] getaddrinfo failed)""))"
noc26_ph34,"Error: HTTPSConnectionPool(host='onlinecourses.nptel.ac.in', port=443): Max retries exceeded with url: /e-learning/api/coursepreview?course_id=noc26_ph34 (Caused by NameResolutionError(""HTTPSConnection(host='onlinecourses.nptel.ac.in', port=443): Failed to resolve 'onlinecourses.nptel.ac.in' ([Errno 11001] getaddrinfo failed)""))"
noc26_ph35,"Error: HTTPSConnectionPool(host='onlinecourses.nptel.ac.in', port=443): Max retries exceeded with url: /e-learning/api/coursepreview?course_id=noc26_ph35 (Caused by NameResolutionError(""HTTPSConnection(host='onlinecourses.nptel.ac.in', port=443): Failed to resolve 'onlinecourses.nptel.ac.in' ([Errno 11001] getaddrinfo failed)""))"
noc26_ph36,"Error: HTTPSConnectionPool(host='onlinecourses.nptel.ac.in', port=443): Max retries exceeded with url: /e-learning/api/coursepreview?course_id=noc26_ph36 (Caused by NameResolutionError(""HTTPSConnection(host='onlinecourses.nptel.ac.in', port=443): Failed to resolve 'onlinecourses.nptel.ac.in' ([Errno 11001] getaddrinfo failed)""))"
noc26_ph37,"Error: HTTPSConnectionPool(host='onlinecourses.nptel.ac.in', port=443): Max retries exceeded with url: /e-learning/api/coursepreview?course_id=noc26_ph37 (Caused by NameResolutionError(""HTTPSConnection(host='onlinecourses.nptel.ac.in', port=443): Failed to resolve 'onlinecourses.nptel.ac.in' ([Errno 11001] getaddrinfo failed)""))"
noc26_ph38,"Error: HTTPSConnectionPool(host='onlinecourses.nptel.ac.in', port=443): Max retries exceeded with url: /e-learning/api/coursepreview?course_id=noc26_ph38 (Caused by NameResolutionError(""HTTPSConnection(host='onlinecourses.nptel.ac.in', port=443): Failed to resolve 'onlinecourses.nptel.ac.in' ([Errno 11001] getaddrinfo failed)""))"
noc26_ph39,"Error: HTTPSConnectionPool(host='onlinecourses.nptel.ac.in', port=443): Max retries exceeded with url: /e-learning/api/coursepreview?course_id=noc26_ph39 (Caused by NameResolutionError(""HTTPSConnection(host='onlinecourses.nptel.ac.in', port=443): Failed to resolve 'onlinecourses.nptel.ac.in' ([Errno 11001] getaddrinfo failed)""))"
noc26_ph40,"Error: HTTPSConnectionPool(host='onlinecourses.nptel.ac.in', port=443): Max retries exceeded with url: /e-learning/api/coursepreview?course_id=noc26_ph40 (Caused by NameResolutionError(""HTTPSConnection(host='onlinecourses.nptel.ac.in', port=443): Failed to resolve 'onlinecourses.nptel.ac.in' ([Errno 11001] getaddrinfo failed)""))"
noc26_ph41,"Error: HTTPSConnectionPool(host='onlinecourses.nptel.ac.in', port=443): Max retries exceeded with url: /e-learning/api/coursepreview?course_id=noc26_ph41 (Caused by NameResolutionError(""HTTPSConnection(host='onlinecourses.nptel.ac.in', port=443): Failed to resolve 'onlinecourses.nptel.ac.in' ([Errno 11001] getaddrinfo failed)""))"
noc26_ph42,"Error: HTTPSConnectionPool(host='onlinecourses.nptel.ac.in', port=443): Max retries exceeded with url: /e-learning/api/coursepreview?course_id=noc26_ph42 (Caused by NameResolutionError(""HTTPSConnection(host='onlinecourses.nptel.ac.in', port=443): Failed to resolve 'onlinecourses.nptel.ac.in' ([Errno 11001] getaddrinfo failed)""))"
noc26_ph43,"Error: HTTPSConnectionPool(host='onlinecourses.nptel.ac.in', port=443): Max retries exceeded with url: /e-learning/api/coursepreview?course_id=noc26_ph43 (Caused by NameResolutionError(""HTTPSConnection(host='onlinecourses.nptel.ac.in', port=443): Failed to resolve 'onlinecourses.nptel.ac.in' ([Errno 11001] getaddrinfo failed)""))"
noc26_ph44,"Error: HTTPSConnectionPool(host='onlinecourses.nptel.ac.in', port=443): Max retries exceeded with url: /e-learning/api/coursepreview?course_id=noc26_ph44 (Caused by NameResolutionError(""HTTPSConnection(host='onlinecourses.nptel.ac.in', port=443): Failed to resolve 'onlinecourses.nptel.ac.in' ([Errno 11001] getaddrinfo failed)""))"
noc26_ph45,"Error: HTTPSConnectionPool(host='onlinecourses.nptel.ac.in', port=443): Max retries exceeded with url: /e-learning/api/coursepreview?course_id=noc26_ph45 (Caused by NameResolutionError(""HTTPSConnection(host='onlinecourses.nptel.ac.in', port=443): Failed to resolve 'onlinecourses.nptel.ac.in' ([Errno 11001] getaddrinfo failed)""))"
noc26_ph46,"Error: HTTPSConnectionPool(host='onlinecourses.nptel.ac.in', port=443): Max retries exceeded with url: /e-learning/api/coursepreview?course_id=noc26_ph46 (Caused by NameResolutionError(""HTTPSConnection(host='onlinecourses.nptel.ac.in', port=443): Failed to resolve 'onlinecourses.nptel.ac.in' ([Errno 11001] getaddrinfo failed)""))"
noc26_ph47,"Error: HTTPSConnectionPool(host='onlinecourses.nptel.ac.in', port=443): Max retries exceeded with url: /e-learning/api/coursepreview?course_id=noc26_ph47 (Caused by NameResolutionError(""HTTPSConnection(host='onlinecourses.nptel.ac.in', port=443): Failed to resolve 'onlinecourses.nptel.ac.in' ([Errno 11001] getaddrinfo failed)""))"
noc26_ph48,"Error: HTTPSConnectionPool(host='onlinecourses.nptel.ac.in', port=443): Max retries exceeded with url: /e-learning/api/coursepreview?course_id=noc26_ph48 (Caused by NameResolutionError(""HTTPSConnection(host='onlinecourses.nptel.ac.in', port=443): Failed to resolve 'onlinecourses.nptel.ac.in' ([Errno 11001] getaddrinfo failed)""))"
noc26_ph49,"Error: HTTPSConnectionPool(host='onlinecourses.nptel.ac.in', port=443): Max retries exceeded with url: /e-learning/api/coursepreview?course_id=noc26_ph49 (Caused by NameResolutionError(""HTTPSConnection(host='onlinecourses.nptel.ac.in', port=443): Failed to resolve 'onlinecourses.nptel.ac.in' ([Errno 11001] getaddrinfo failed)""))"
noc26_ph50,"Error: HTTPSConnectionPool(host='onlinecourses.nptel.ac.in', port=443): Max retries exceeded with url: /e-learning/api/coursepreview?course_id=noc26_ph50 (Caused by NameResolutionError(""HTTPSConnection(host='onlinecourses.nptel.ac.in', port=443): Failed to resolve 'onlinecourses.nptel.ac.in' ([Errno 11001] getaddrinfo failed)""))"
noc26_ph51,"Error: HTTPSConnectionPool(host='onlinecourses.nptel.ac.in', port=443): Max retries exceeded with url: /e-learning/api/coursepreview?course_id=noc26_ph51 (Caused by NameResolutionError(""HTTPSConnection(host='onlinecourses.nptel.ac.in', port=443): Failed to resolve 'onlinecourses.nptel.ac.in' ([Errno 11001] getaddrinfo failed)""))"
noc26_ph52,"Error: HTTPSConnectionPool(host='onlinecourses.nptel.ac.in', port=443): Max retries exceeded with url: /e-learning/api/coursepreview?course_id=noc26_ph52 (Caused by NameResolutionError(""HTTPSConnection(host='onlinecourses.nptel.ac.in', port=443): Failed to resolve 'onlinecourses.nptel.ac.in' ([Errno 11001] getaddrinfo failed)""))"
noc26_ph53,"Error: HTTPSConnectionPool(host='onlinecourses.nptel.ac.in', port=443): Max retries exceeded with url: /e-learning/api/coursepreview?course_id=noc26_ph53 (Caused by NameResolutionError(""HTTPSConnection(host='onlinecourses.nptel.ac.in', port=443): Failed to resolve 'onlinecourses.nptel.ac.in' ([Errno 11001] getaddrinfo failed)""))"
noc26_ph54,"Error: HTTPSConnectionPool(host='onlinecourses.nptel.ac.in', port=443): Max retries exceeded with url: /e-learning/api/coursepreview?course_id=noc26_ph54 (Caused by NameResolutionError(""HTTPSConnection(host='onlinecourses.nptel.ac.in', port=443): Failed to resolve 'onlinecourses.nptel.ac.in' ([Errno 11001] getaddrinfo failed)""))"
noc26_ph55,"Error: HTTPSConnectionPool(host='onlinecourses.nptel.ac.in', port=443): Max retries exceeded with url: /e-learning/api/coursepreview?course_id=noc26_ph55 (Caused by NameResolutionError(""HTTPSConnection(host='onlinecourses.nptel.ac.in', port=443): Failed to resolve 'onlinecourses.nptel.ac.in' ([Errno 11001] getaddrinfo failed)""))"
noc26_ph56,"Error: HTTPSConnectionPool(host='onlinecourses.nptel.ac.in', port=443): Max retries exceeded with url: /e-learning/api/coursepreview?course_id=noc26_ph56 (Caused by NameResolutionError(""HTTPSConnection(host='onlinecourses.nptel.ac.in', port=443): Failed to resolve 'onlinecourses.nptel.ac.in' ([Errno 11001] getaddrinfo failed)""))"
noc26_ph57,"Error: HTTPSConnectionPool(host='onlinecourses.nptel.ac.in', port=443): Max retries exceeded with url: /e-learning/api/coursepreview?course_id=noc26_ph57 (Caused by NameResolutionError(""HTTPSConnection(host='onlinecourses.nptel.ac.in', port=443): Failed to resolve 'onlinecourses.nptel.ac.in' ([Errno 11001] getaddrinfo failed)""))"
noc26_ph58,"Error: HTTPSConnectionPool(host='onlinecourses.nptel.ac.in', port=443): Max retries exceeded with url: /e-learning/api/coursepreview?course_id=noc26_ph58 (Caused by NameResolutionError(""HTTPSConnection(host='onlinecourses.nptel.ac.in', port=443): Failed to resolve 'onlinecourses.nptel.ac.in' ([Errno 11001] getaddrinfo failed)""))"
noc26_ph59,"Error: HTTPSConnectionPool(host='onlinecourses.nptel.ac.in', port=443): Max retries exceeded with url: /e-learning/api/coursepreview?course_id=noc26_ph59 (Caused by NameResolutionError(""HTTPSConnection(host='onlinecourses.nptel.ac.in', port=443): Failed to resolve 'onlinecourses.nptel.ac.in' ([Errno 11001] getaddrinfo failed)""))"
noc26_ph60,"Error: HTTPSConnectionPool(host='onlinecourses.nptel.ac.in', port=443): Max retries exceeded with url: /e-learning/api/coursepreview?course_id=noc26_ph60 (Caused by NameResolutionError(""HTTPSConnection(host='onlinecourses.nptel.ac.in', port=443): Failed to resolve 'onlinecourses.nptel.ac.in' ([Errno 11001] getaddrinfo failed)""))"
noc26_ph61,"Error: HTTPSConnectionPool(host='onlinecourses.nptel.ac.in', port=443): Max retries exceeded with url: /e-learning/api/coursepreview?course_id=noc26_ph61 (Caused by NameResolutionError(""HTTPSConnection(host='onlinecourses.nptel.ac.in', port=443): Failed to resolve 'onlinecourses.nptel.ac.in' ([Errno 11001] getaddrinfo failed)""))"
noc26_ph62,"Error: HTTPSConnectionPool(host='onlinecourses.nptel.ac.in', port=443): Max retries exceeded with url: /e-learning/api/coursepreview?course_id=noc26_ph62 (Caused by NameResolutionError(""HTTPSConnection(host='onlinecourses.nptel.ac.in', port=443): Failed to resolve 'onlinecourses.nptel.ac.in' ([Errno 11001] getaddrinfo failed)""))"
noc26_ph63,"Error: HTTPSConnectionPool(host='onlinecourses.nptel.ac.in', port=443): Max retries exceeded with url: /e-learning/api/coursepreview?course_id=noc26_ph63 (Caused by NameResolutionError(""HTTPSConnection(host='onlinecourses.nptel.ac.in', port=443): Failed to resolve 'onlinecourses.nptel.ac.in' ([Errno 11001] getaddrinfo failed)""))"
noc26_ph64,"Error: HTTPSConnectionPool(host='onlinecourses.nptel.ac.in', port=443): Max retries exceeded with url: /e-learning/api/coursepreview?course_id=noc26_ph64 (Caused by NameResolutionError(""HTTPSConnection(host='onlinecourses.nptel.ac.in', port=443): Failed to resolve 'onlinecourses.nptel.ac.in' ([Errno 11001] getaddrinfo failed)""))"
noc26_ph65,"Error: HTTPSConnectionPool(host='onlinecourses.nptel.ac.in', port=443): Max retries exceeded with url: /e-learning/api/coursepreview?course_id=noc26_ph65 (Caused by NameResolutionError(""HTTPSConnection(host='onlinecourses.nptel.ac.in', port=443): Failed to resolve 'onlinecourses.nptel.ac.in' ([Errno 11001] getaddrinfo failed)""))"
noc26_ph66,"Error: HTTPSConnectionPool(host='onlinecourses.nptel.ac.in', port=443): Max retries exceeded with url: /e-learning/api/coursepreview?course_id=noc26_ph66 (Caused by NameResolutionError(""HTTPSConnection(host='onlinecourses.nptel.ac.in', port=443): Failed to resolve 'onlinecourses.nptel.ac.in' ([Errno 11001] getaddrinfo failed)""))"
noc26_te09,"Error: HTTPSConnectionPool(host='onlinecourses.nptel.ac.in', port=443): Max retries exceeded with url: /e-learning/api/coursepreview?course_id=noc26_te09 (Caused by NameResolutionError(""HTTPSConnection(host='onlinecourses.nptel.ac.in', port=443): Failed to resolve 'onlinecourses.nptel.ac.in' ([Errno 11001] getaddrinfo failed)""))"
noc26_te10,"Error: HTTPSConnectionPool(host='onlinecourses.nptel.ac.in', port=443): Max retries exceeded with url: /e-learning/api/coursepreview?course_id=noc26_te10 (Caused by NameResolutionError(""HTTPSConnection(host='onlinecourses.nptel.ac.in', port=443): Failed to resolve 'onlinecourses.nptel.ac.in' ([Errno 11001] getaddrinfo failed)""))"
noc26_te11,"Error: HTTPSConnectionPool(host='onlinecourses.nptel.ac.in', port=443): Max retries exceeded with url: /e-learning/api/coursepreview?course_id=noc26_te11 (Caused by NameResolutionError(""HTTPSConnection(host='onlinecourses.nptel.ac.in', port=443): Failed to resolve 'onlinecourses.nptel.ac.in' ([Errno 11001] getaddrinfo failed)""))"
noc26_te12,"Error: HTTPSConnectionPool(host='onlinecourses.nptel.ac.in', port=443): Max retries exceeded with url: /e-learning/api/coursepreview?course_id=noc26_te12 (Caused by NameResolutionError(""HTTPSConnection(host='onlinecourses.nptel.ac.in', port=443): Failed to resolve 'onlinecourses.nptel.ac.in' ([Errno 11001] getaddrinfo failed)""))"
noc26_te13,"Error: HTTPSConnectionPool(host='onlinecourses.nptel.ac.in', port=443): Max retries exceeded with url: /e-learning/api/coursepreview?course_id=noc26_te13 (Caused by NameResolutionError(""HTTPSConnection(host='onlinecourses.nptel.ac.in', port=443): Failed to resolve 'onlinecourses.nptel.ac.in' ([Errno 11001] getaddrinfo failed)""))"
noc26_te14,"Error: HTTPSConnectionPool(host='onlinecourses.nptel.ac.in', port=443): Max retries exceeded with url: /e-learning/api/coursepreview?course_id=noc26_te14 (Caused by NameResolutionError(""HTTPSConnection(host='onlinecourses.nptel.ac.in', port=443): Failed to resolve 'onlinecourses.nptel.ac.in' ([Errno 11001] getaddrinfo failed)""))"
TOTAL,36538
