course_id,group_name,member_count,status,method
noc26_ae21,noc26-ae21-announce,263,Previous count (HTTP timeout),previous
noc26_ae22,noc26-ae22-announce,,"HTTP error: HTTPSConnectionPool(host='groups.google.com', port=443): Max retries exceeded with url: /a/nptel.iitm.ac.in/g/noc26-ae22-announce (Caused by NameResolutionError(""HTTPSConnection(host='groups.google.com', port=443): Failed to resolve 'groups.google.com' ([Errno 11001] getaddrinfo failed)""))",http
noc26_ae23,noc26-ae23-announce,,"HTTP error: HTTPSConnectionPool(host='groups.google.com', port=443): Max retries exceeded with url: /a/nptel.iitm.ac.in/g/noc26-ae23-announce (Caused by NameResolutionError(""HTTPSConnection(host='groups.google.com', port=443): Failed to resolve 'groups.google.com' ([Errno 11001] getaddrinfo failed)""))",http
noc26_ae24,noc26-ae24-announce,,"HTTP error: HTTPSConnectionPool(host='groups.google.com', port=443): Max retries exceeded with url: /a/nptel.iitm.ac.in/g/noc26-ae24-announce (Caused by NameResolutionError(""HTTPSConnection(host='groups.google.com', port=443): Failed to resolve 'groups.google.com' ([Errno 11001] getaddrinfo failed)""))",http
noc26_ae25,noc26-ae25-announce,,"HTTP error: HTTPSConnectionPool(host='groups.google.com', port=443): Max retries exceeded with url: /a/nptel.iitm.ac.in/g/noc26-ae25-announce (Caused by NameResolutionError(""HTTPSConnection(host='groups.google.com', port=443): Failed to resolve 'groups.google.com' ([Errno 11001] getaddrinfo failed)""))",http
noc26_ae26,noc26-ae26-announce,,"HTTP error: HTTPSConnectionPool(host='groups.google.com', port=443): Max retries exceeded with url: /a/nptel.iitm.ac.in/g/noc26-ae26-announce (Caused by NameResolutionError(""HTTPSConnection(host='groups.google.com', port=443): Failed to resolve 'groups.google.com' ([Errno 11001] getaddrinfo failed)""))",http
noc26_ae27,noc26-ae27-announce,,"HTTP error: HTTPSConnectionPool(host='groups.google.com', port=443): Max retries exceeded with url: /a/nptel.iitm.ac.in/g/noc26-ae27-announce (Caused by NameResolutionError(""HTTPSConnection(host='groups.google.com', port=443): Failed to resolve 'groups.google.com' ([Errno 11001] getaddrinfo failed)""))",http
noc26_ae28,noc26-ae28-announce,,"HTTP error: HTTPSConnectionPool(host='groups.google.com', port=443): Max retries exceeded with url: /a/nptel.iitm.ac.in/g/noc26-ae28-announce (Caused by NameResolutionError(""HTTPSConnection(host='groups.google.com', port=443): Failed to resolve 'groups.google.com' ([Errno 11001] getaddrinfo failed)""))",http
noc26_ae29,noc26-ae29-announce,,"HTTP error: HTTPSConnectionPool(host='groups.google.com', port=443): Max retries exceeded with url: /a/nptel.iitm.ac.in/g/noc26-ae29-announce (Caused by NameResolutionError(""HTTPSConnection(host='groups.google.com', port=443): Failed to resolve 'groups.google.com' ([Errno 11001] getaddrinfo failed)""))",http
noc26_ae30,noc26-ae30-announce,,"HTTP error: HTTPSConnectionPool(host='groups.google.com', port=443): Max retries exceeded with url: /a/nptel.iitm.ac.in/g/noc26-ae30-announce (Caused by NameResolutionError(""HTTPSConnection(host='groups.google.com', port=443): Failed to resolve 'groups.google.com' ([Errno 11001] getaddrinfo failed)""))",http
noc26_ae31,noc26-ae31-announce,,"HTTP error: HTTPSConnectionPool(host='groups.google.com', port=443): Max retries exceeded with url: /a/nptel.iitm.ac.in/g/noc26-ae31-announce (Caused by NameResolutionError(""HTTPSConnection(host='groups.google.com', port=443): Failed to resolve 'groups.google.com' ([Errno 11001] getaddrinfo failed)""))",http
noc26_ae32,noc26-ae32-announce,,"HTTP error: HTTPSConnectionPool(host='groups.google.com', port=443): Max retries exceeded with url: /a/nptel.iitm.ac.in/g/noc26-ae32-announce (Caused by NameResolutionError(""HTTPSConnection(host='groups.google.com', port=443): Failed to resolve 'groups.google.com' ([Errno 11001] getaddrinfo failed)""))",http
noc26_ae33,noc26-ae33-announce,,"HTTP error: HTTPSConnectionPool(host='groups.google.com', port=443): Max retries exceeded with url: /a/nptel.iitm.ac.in/g/noc26-ae33-announce (Caused by NameResolutionError(""HTTPSConnection(host='groups.google.com', port=443): Failed to resolve 'groups.google.com' ([Errno 11001] getaddrinfo failed)""))",http
noc26_ae34,noc26-ae34-announce,,"HTTP error: HTTPSConnectionPool(host='groups.google.com', port=443): Max retries exceeded with url: /a/nptel.iitm.ac.in/g/noc26-ae34-announce (Caused by NameResolutionError(""HTTPSConnection(host='groups.google.com', port=443): Failed to resolve 'groups.google.com' ([Errno 11001] getaddrinfo failed)""))",http
noc26_ae35,noc26-ae35-announce,,"HTTP error: HTTPSConnectionPool(host='groups.google.com', port=443): Max retries exceeded with url: /a/nptel.iitm.ac.in/g/noc26-ae35-announce (Caused by NameResolutionError(""HTTPSConnection(host='groups.google.com', port=443): Failed to resolve 'groups.google.com' ([Errno 11001] getaddrinfo failed)""))",http
noc26_ae36,noc26-ae36-announce,,"HTTP error: HTTPSConnectionPool(host='groups.google.com', port=443): Max retries exceeded with url: /a/nptel.iitm.ac.in/g/noc26-ae36-announce (Caused by NameResolutionError(""HTTPSConnection(host='groups.google.com', port=443): Failed to resolve 'groups.google.com' ([Errno 11001] getaddrinfo failed)""))",http
noc26_ae37,noc26-ae37-announce,,"HTTP error: HTTPSConnectionPool(host='groups.google.com', port=443): Max retries exceeded with url: /a/nptel.iitm.ac.in/g/noc26-ae37-announce (Caused by NameResolutionError(""HTTPSConnection(host='groups.google.com', port=443): Failed to resolve 'groups.google.com' ([Errno 11001] getaddrinfo failed)""))",http
noc26_ae38,noc26-ae38-announce,,"HTTP error: HTTPSConnectionPool(host='groups.google.com', port=443): Max retries exceeded with url: /a/nptel.iitm.ac.in/g/noc26-ae38-announce (Caused by NameResolutionError(""HTTPSConnection(host='groups.google.com', port=443): Failed to resolve 'groups.google.com' ([Errno 11001] getaddrinfo failed)""))",http
noc26_ae39,noc26-ae39-announce,,"HTTP error: HTTPSConnectionPool(host='groups.google.com', port=443): Max retries exceeded with url: /a/nptel.iitm.ac.in/g/noc26-ae39-announce (Caused by NameResolutionError(""HTTPSConnection(host='groups.google.com', port=443): Failed to resolve 'groups.google.com' ([Errno 11001] getaddrinfo failed)""))",http
noc26_ae40,noc26-ae40-announce,,"HTTP error: HTTPSConnectionPool(host='groups.google.com', port=443): Max retries exceeded with url: /a/nptel.iitm.ac.in/g/noc26-ae40-announce (Caused by NameResolutionError(""HTTPSConnection(host='groups.google.com', port=443): Failed to resolve 'groups.google.com' ([Errno 11001] getaddrinfo failed)""))",http
noc26_ae41,noc26-ae41-announce,,"HTTP error: HTTPSConnectionPool(host='groups.google.com', port=443): Max retries exceeded with url: /a/nptel.iitm.ac.in/g/noc26-ae41-announce (Caused by NameResolutionError(""HTTPSConnection(host='groups.google.com', port=443): Failed to resolve 'groups.google.com' ([Errno 11001] getaddrinfo failed)""))",http
noc26_ae42,noc26-ae42-announce,,"HTTP error: HTTPSConnectionPool(host='groups.google.com', port=443): Max retries exceeded with url: /a/nptel.iitm.ac.in/g/noc26-ae42-announce (Caused by NameResolutionError(""HTTPSConnection(host='groups.google.com', port=443): Failed to resolve 'groups.google.com' ([Errno 11001] getaddrinfo failed)""))",http
noc26_ag17,noc26-ag17-announce,,"HTTP error: HTTPSConnectionPool(host='groups.google.com', port=443): Max retries exceeded with url: /a/nptel.iitm.ac.in/g/noc26-ag17-announce (Caused by NameResolutionError(""HTTPSConnection(host='groups.google.com', port=443): Failed to resolve 'groups.google.com' ([Errno 11001] getaddrinfo failed)""))",http
noc26_ag18,noc26-ag18-announce,,"HTTP error: HTTPSConnectionPool(host='groups.google.com', port=443): Max retries exceeded with url: /a/nptel.iitm.ac.in/g/noc26-ag18-announce (Caused by NameResolutionError(""HTTPSConnection(host='groups.google.com', port=443): Failed to resolve 'groups.google.com' ([Errno 11001] getaddrinfo failed)""))",http
noc26_ag19,noc26-ag19-announce,,"HTTP error: HTTPSConnectionPool(host='groups.google.com', port=443): Max retries exceeded with url: /a/nptel.iitm.ac.in/g/noc26-ag19-announce (Caused by NameResolutionError(""HTTPSConnection(host='groups.google.com', port=443): Failed to resolve 'groups.google.com' ([Errno 11001] getaddrinfo failed)""))",http
noc26_ag20,noc26-ag20-announce,,"HTTP error: HTTPSConnectionPool(host='groups.google.com', port=443): Max retries exceeded with url: /a/nptel.iitm.ac.in/g/noc26-ag20-announce (Caused by NameResolutionError(""HTTPSConnection(host='groups.google.com', port=443): Failed to resolve 'groups.google.com' ([Errno 11001] getaddrinfo failed)""))",http
noc26_ag21,noc26-ag21-announce,,"HTTP error: HTTPSConnectionPool(host='groups.google.com', port=443): Max retries exceeded with url: /a/nptel.iitm.ac.in/g/noc26-ag21-announce (Caused by NameResolutionError(""HTTPSConnection(host='groups.google.com', port=443): Failed to resolve 'groups.google.com' ([Errno 11001] getaddrinfo failed)""))",http
noc26_ag22,noc26-ag22-announce,,"HTTP error: HTTPSConnectionPool(host='groups.google.com', port=443): Max retries exceeded with url: /a/nptel.iitm.ac.in/g/noc26-ag22-announce (Caused by NameResolutionError(""HTTPSConnection(host='groups.google.com', port=443): Failed to resolve 'groups.google.com' ([Errno 11001] getaddrinfo failed)""))",http
noc26_ag23,noc26-ag23-announce,,"HTTP error: HTTPSConnectionPool(host='groups.google.com', port=443): Max retries exceeded with url: /a/nptel.iitm.ac.in/g/noc26-ag23-announce (Caused by NameResolutionError(""HTTPSConnection(host='groups.google.com', port=443): Failed to resolve 'groups.google.com' ([Errno 11001] getaddrinfo failed)""))",http
noc26_ag24,noc26-ag24-announce,,"HTTP error: HTTPSConnectionPool(host='groups.google.com', port=443): Max retries exceeded with url: /a/nptel.iitm.ac.in/g/noc26-ag24-announce (Caused by NameResolutionError(""HTTPSConnection(host='groups.google.com', port=443): Failed to resolve 'groups.google.com' ([Errno 11001] getaddrinfo failed)""))",http
noc26_ag25,noc26-ag25-announce,,"HTTP error: HTTPSConnectionPool(host='groups.google.com', port=443): Max retries exceeded with url: /a/nptel.iitm.ac.in/g/noc26-ag25-announce (Caused by NameResolutionError(""HTTPSConnection(host='groups.google.com', port=443): Failed to resolve 'groups.google.com' ([Errno 11001] getaddrinfo failed)""))",http
noc26_ag26,noc26-ag26-announce,,"HTTP error: HTTPSConnectionPool(host='groups.google.com', port=443): Max retries exceeded with url: /a/nptel.iitm.ac.in/g/noc26-ag26-announce (Caused by NameResolutionError(""HTTPSConnection(host='groups.google.com', port=443): Failed to resolve 'groups.google.com' ([Errno 11001] getaddrinfo failed)""))",http
noc26_ag27,noc26-ag27-announce,,"HTTP error: HTTPSConnectionPool(host='groups.google.com', port=443): Max retries exceeded with url: /a/nptel.iitm.ac.in/g/noc26-ag27-announce (Caused by NameResolutionError(""HTTPSConnection(host='groups.google.com', port=443): Failed to resolve 'groups.google.com' ([Errno 11001] getaddrinfo failed)""))",http
noc26_ag28,noc26-ag28-announce,,"HTTP error: HTTPSConnectionPool(host='groups.google.com', port=443): Max retries exceeded with url: /a/nptel.iitm.ac.in/g/noc26-ag28-announce (Caused by NameResolutionError(""HTTPSConnection(host='groups.google.com', port=443): Failed to resolve 'groups.google.com' ([Errno 11001] getaddrinfo failed)""))",http
noc26_ar18,noc26-ar18-announce,,"HTTP error: HTTPSConnectionPool(host='groups.google.com', port=443): Max retries exceeded with url: /a/nptel.iitm.ac.in/g/noc26-ar18-announce (Caused by NameResolutionError(""HTTPSConnection(host='groups.google.com', port=443): Failed to resolve 'groups.google.com' ([Errno 11001] getaddrinfo failed)""))",http
noc26_ar19,noc26-ar19-announce,,"HTTP error: HTTPSConnectionPool(host='groups.google.com', port=443): Max retries exceeded with url: /a/nptel.iitm.ac.in/g/noc26-ar19-announce (Caused by NameResolutionError(""HTTPSConnection(host='groups.google.com', port=443): Failed to resolve 'groups.google.com' ([Errno 11001] getaddrinfo failed)""))",http
noc26_ar20,noc26-ar20-announce,,"HTTP error: HTTPSConnectionPool(host='groups.google.com', port=443): Max retries exceeded with url: /a/nptel.iitm.ac.in/g/noc26-ar20-announce (Caused by NameResolutionError(""HTTPSConnection(host='groups.google.com', port=443): Failed to resolve 'groups.google.com' ([Errno 11001] getaddrinfo failed)""))",http
noc26_ar21,noc26-ar21-announce,,"HTTP error: HTTPSConnectionPool(host='groups.google.com', port=443): Max retries exceeded with url: /a/nptel.iitm.ac.in/g/noc26-ar21-announce (Caused by NameResolutionError(""HTTPSConnection(host='groups.google.com', port=443): Failed to resolve 'groups.google.com' ([Errno 11001] getaddrinfo failed)""))",http
noc26_ar22,noc26-ar22-announce,,"HTTP error: HTTPSConnectionPool(host='groups.google.com', port=443): Max retries exceeded with url: /a/nptel.iitm.ac.in/g/noc26-ar22-announce (Caused by NameResolutionError(""HTTPSConnection(host='groups.google.com', port=443): Failed to resolve 'groups.google.com' ([Errno 11001] getaddrinfo failed)""))",http
noc26_ar23,noc26-ar23-announce,,"HTTP error: HTTPSConnectionPool(host='groups.google.com', port=443): Max retries exceeded with url: /a/nptel.iitm.ac.in/g/noc26-ar23-announce (Caused by NameResolutionError(""HTTPSConnection(host='groups.google.com', port=443): Failed to resolve 'groups.google.com' ([Errno 11001] getaddrinfo failed)""))",http
noc26_ar24,noc26-ar24-announce,,"HTTP error: HTTPSConnectionPool(host='groups.google.com', port=443): Max retries exceeded with url: /a/nptel.iitm.ac.in/g/noc26-ar24-announce (Caused by NameResolutionError(""HTTPSConnection(host='groups.google.com', port=443): Failed to resolve 'groups.google.com' ([Errno 11001] getaddrinfo failed)""))",http
noc26_ar25,noc26-ar25-announce,,"HTTP error: HTTPSConnectionPool(host='groups.google.com', port=443): Max retries exceeded with url: /a/nptel.iitm.ac.in/g/noc26-ar25-announce (Caused by NameResolutionError(""HTTPSConnection(host='groups.google.com', port=443): Failed to resolve 'groups.google.com' ([Errno 11001] getaddrinfo failed)""))",http
noc26_ar26,noc26-ar26-announce,,"HTTP error: HTTPSConnectionPool(host='groups.google.com', port=443): Max retries exceeded with url: /a/nptel.iitm.ac.in/g/noc26-ar26-announce (Caused by NameResolutionError(""HTTPSConnection(host='groups.google.com', port=443): Failed to resolve 'groups.google.com' ([Errno 11001] getaddrinfo failed)""))",http
noc26_ar27,noc26-ar27-announce,,"HTTP error: HTTPSConnectionPool(host='groups.google.com', port=443): Max retries exceeded with url: /a/nptel.iitm.ac.in/g/noc26-ar27-announce (Caused by NameResolutionError(""HTTPSConnection(host='groups.google.com', port=443): Failed to resolve 'groups.google.com' ([Errno 11001] getaddrinfo failed)""))",http
noc26_ar28,noc26-ar28-announce,,"HTTP error: HTTPSConnectionPool(host='groups.google.com', port=443): Max retries exceeded with url: /a/nptel.iitm.ac.in/g/noc26-ar28-announce (Caused by NameResolutionError(""HTTPSConnection(host='groups.google.com', port=443): Failed to resolve 'groups.google.com' ([Errno 11001] getaddrinfo failed)""))",http
noc26_ar29,noc26-ar29-announce,,"HTTP error: HTTPSConnectionPool(host='groups.google.com', port=443): Max retries exceeded with url: /a/nptel.iitm.ac.in/g/noc26-ar29-announce (Caused by NameResolutionError(""HTTPSConnection(host='groups.google.com', port=443): Failed to resolve 'groups.google.com' ([Errno 11001] getaddrinfo failed)""))",http
noc26_ar30,noc26-ar30-announce,,"HTTP error: HTTPSConnectionPool(host='groups.google.com', port=443): Max retries exceeded with url: /a/nptel.iitm.ac.in/g/noc26-ar30-announce (Caused by NameResolutionError(""HTTPSConnection(host='groups.google.com', port=443): Failed to resolve 'groups.google.com' ([Errno 11001] getaddrinfo failed)""))",http
noc26_ar31,noc26-ar31-announce,,"HTTP error: HTTPSConnectionPool(host='groups.google.com', port=443): Max retries exceeded with url: /a/nptel.iitm.ac.in/g/noc26-ar31-announce (Caused by NameResolutionError(""HTTPSConnection(host='groups.google.com', port=443): Failed to resolve 'groups.google.com' ([Errno 11001] getaddrinfo failed)""))",http
noc26_ar32,noc26-ar32-announce,,"HTTP error: HTTPSConnectionPool(host='groups.google.com', port=443): Max retries exceeded with url: /a/nptel.iitm.ac.in/g/noc26-ar32-announce (Caused by NameResolutionError(""HTTPSConnection(host='groups.google.com', port=443): Failed to resolve 'groups.google.com' ([Errno 11001] getaddrinfo failed)""))",http
noc26_ar33,noc26-ar33-announce,,"HTTP error: HTTPSConnectionPool(host='groups.google.com', port=443): Max retries exceeded with url: /a/nptel.iitm.ac.in/g/noc26-ar33-announce (Caused by NameResolutionError(""HTTPSConnection(host='groups.google.com', port=443): Failed to resolve 'groups.google.com' ([Errno 11001] getaddrinfo failed)""))",http
noc26_ar34,noc26-ar34-announce,,"HTTP error: HTTPSConnectionPool(host='groups.google.com', port=443): Max retries exceeded with url: /a/nptel.iitm.ac.in/g/noc26-ar34-announce (Caused by NameResolutionError(""HTTPSConnection(host='groups.google.com', port=443): Failed to resolve 'groups.google.com' ([Errno 11001] getaddrinfo failed)""))",http
noc26_ar35,noc26-ar35-announce,,"HTTP error: HTTPSConnectionPool(host='groups.google.com', port=443): Max retries exceeded with url: /a/nptel.iitm.ac.in/g/noc26-ar35-announce (Caused by NameResolutionError(""HTTPSConnection(host='groups.google.com', port=443): Failed to resolve 'groups.google.com' ([Errno 11001] getaddrinfo failed)""))",http
noc26_ar36,noc26-ar36-announce,,"HTTP error: HTTPSConnectionPool(host='groups.google.com', port=443): Max retries exceeded with url: /a/nptel.iitm.ac.in/g/noc26-ar36-announce (Caused by NameResolutionError(""HTTPSConnection(host='groups.google.com', port=443): Failed to resolve 'groups.google.com' ([Errno 11001] getaddrinfo failed)""))",http
noc26_ar37,noc26-ar37-announce,,"HTTP error: HTTPSConnectionPool(host='groups.google.com', port=443): Max retries exceeded with url: /a/nptel.iitm.ac.in/g/noc26-ar37-announce (Caused by NameResolutionError(""HTTPSConnection(host='groups.google.com', port=443): Failed to resolve 'groups.google.com' ([Errno 11001] getaddrinfo failed)""))",http
noc26_ar38,noc26-ar38-announce,,"HTTP error: HTTPSConnectionPool(host='groups.google.com', port=443): Max retries exceeded with url: /a/nptel.iitm.ac.in/g/noc26-ar38-announce (Caused by NameResolutionError(""HTTPSConnection(host='groups.google.com', port=443): Failed to resolve 'groups.google.com' ([Errno 11001] getaddrinfo failed)""))",http
noc26_ar39,noc26-ar39-announce,,"HTTP error: HTTPSConnectionPool(host='groups.google.com', port=443): Max retries exceeded with url: /a/nptel.iitm.ac.in/g/noc26-ar39-announce (Caused by NameResolutionError(""HTTPSConnection(host='groups.google.com', port=443): Failed to resolve 'groups.google.com' ([Errno 11001] getaddrinfo failed)""))",http
noc26_ar40,noc26-ar40-announce,,"HTTP error: HTTPSConnectionPool(host='groups.google.com', port=443): Max retries exceeded with url: /a/nptel.iitm.ac.in/g/noc26-ar40-announce (Caused by NameResolutionError(""HTTPSConnection(host='groups.google.com', port=443): Failed to resolve 'groups.google.com' ([Errno 11001] getaddrinfo failed)""))",http
noc26_bt100,noc26-bt100-announce,,"HTTP error: HTTPSConnectionPool(host='groups.google.com', port=443): Max retries exceeded with url: /a/nptel.iitm.ac.in/g/noc26-bt100-announce (Caused by NameResolutionError(""HTTPSConnection(host='groups.google.com', port=443): Failed to resolve 'groups.google.com' ([Errno 11001] getaddrinfo failed)""))",http
noc26_bt101,noc26-bt101-announce,,"HTTP error: HTTPSConnectionPool(host='groups.google.com', port=443): Max retries exceeded with url: /a/nptel.iitm.ac.in/g/noc26-bt101-announce (Caused by NameResolutionError(""HTTPSConnection(host='groups.google.com', port=443): Failed to resolve 'groups.google.com' ([Errno 11001] getaddrinfo failed)""))",http
noc26_bt102,noc26-bt102-announce,,"HTTP error: HTTPSConnectionPool(host='groups.google.com', port=443): Max retries exceeded with url: /a/nptel.iitm.ac.in/g/noc26-bt102-announce (Caused by NameResolutionError(""HTTPSConnection(host='groups.google.com', port=443): Failed to resolve 'groups.google.com' ([Errno 11001] getaddrinfo failed)""))",http
noc26_bt51,noc26-bt51-announce,,"HTTP error: HTTPSConnectionPool(host='groups.google.com', port=443): Max retries exceeded with url: /a/nptel.iitm.ac.in/g/noc26-bt51-announce (Caused by NameResolutionError(""HTTPSConnection(host='groups.google.com', port=443): Failed to resolve 'groups.google.com' ([Errno 11001] getaddrinfo failed)""))",http
noc26_bt52,noc26-bt52-announce,,"HTTP error: HTTPSConnectionPool(host='groups.google.com', port=443): Max retries exceeded with url: /a/nptel.iitm.ac.in/g/noc26-bt52-announce (Caused by NameResolutionError(""HTTPSConnection(host='groups.google.com', port=443): Failed to resolve 'groups.google.com' ([Errno 11001] getaddrinfo failed)""))",http
noc26_bt53,noc26-bt53-announce,,"HTTP error: HTTPSConnectionPool(host='groups.google.com', port=443): Max retries exceeded with url: /a/nptel.iitm.ac.in/g/noc26-bt53-announce (Caused by NameResolutionError(""HTTPSConnection(host='groups.google.com', port=443): Failed to resolve 'groups.google.com' ([Errno 11001] getaddrinfo failed)""))",http
noc26_bt54,noc26-bt54-announce,,"HTTP error: HTTPSConnectionPool(host='groups.google.com', port=443): Max retries exceeded with url: /a/nptel.iitm.ac.in/g/noc26-bt54-announce (Caused by NameResolutionError(""HTTPSConnection(host='groups.google.com', port=443): Failed to resolve 'groups.google.com' ([Errno 11001] getaddrinfo failed)""))",http
noc26_bt56,noc26-bt56-announce,,"HTTP error: HTTPSConnectionPool(host='groups.google.com', port=443): Max retries exceeded with url: /a/nptel.iitm.ac.in/g/noc26-bt56-announce (Caused by NameResolutionError(""HTTPSConnection(host='groups.google.com', port=443): Failed to resolve 'groups.google.com' ([Errno 11001] getaddrinfo failed)""))",http
noc26_bt57,noc26-bt57-announce,,"HTTP error: HTTPSConnectionPool(host='groups.google.com', port=443): Max retries exceeded with url: /a/nptel.iitm.ac.in/g/noc26-bt57-announce (Caused by NameResolutionError(""HTTPSConnection(host='groups.google.com', port=443): Failed to resolve 'groups.google.com' ([Errno 11001] getaddrinfo failed)""))",http
noc26_bt58,noc26-bt58-announce,,"HTTP error: HTTPSConnectionPool(host='groups.google.com', port=443): Max retries exceeded with url: /a/nptel.iitm.ac.in/g/noc26-bt58-announce (Caused by NameResolutionError(""HTTPSConnection(host='groups.google.com', port=443): Failed to resolve 'groups.google.com' ([Errno 11001] getaddrinfo failed)""))",http
noc26_bt59,noc26-bt59-announce,,"HTTP error: HTTPSConnectionPool(host='groups.google.com', port=443): Max retries exceeded with url: /a/nptel.iitm.ac.in/g/noc26-bt59-announce (Caused by NameResolutionError(""HTTPSConnection(host='groups.google.com', port=443): Failed to resolve 'groups.google.com' ([Errno 11001] getaddrinfo failed)""))",http
noc26_bt60,noc26-bt60-announce,,"HTTP error: HTTPSConnectionPool(host='groups.google.com', port=443): Max retries exceeded with url: /a/nptel.iitm.ac.in/g/noc26-bt60-announce (Caused by NameResolutionError(""HTTPSConnection(host='groups.google.com', port=443): Failed to resolve 'groups.google.com' ([Errno 11001] getaddrinfo failed)""))",http
noc26_bt61,noc26-bt61-announce,,"HTTP error: HTTPSConnectionPool(host='groups.google.com', port=443): Max retries exceeded with url: /a/nptel.iitm.ac.in/g/noc26-bt61-announce (Caused by NameResolutionError(""HTTPSConnection(host='groups.google.com', port=443): Failed to resolve 'groups.google.com' ([Errno 11001] getaddrinfo failed)""))",http
noc26_bt62,noc26-bt62-announce,,"HTTP error: HTTPSConnectionPool(host='groups.google.com', port=443): Max retries exceeded with url: /a/nptel.iitm.ac.in/g/noc26-bt62-announce (Caused by NameResolutionError(""HTTPSConnection(host='groups.google.com', port=443): Failed to resolve 'groups.google.com' ([Errno 11001] getaddrinfo failed)""))",http
noc26_bt63,noc26-bt63-announce,,"HTTP error: HTTPSConnectionPool(host='groups.google.com', port=443): Max retries exceeded with url: /a/nptel.iitm.ac.in/g/noc26-bt63-announce (Caused by NameResolutionError(""HTTPSConnection(host='groups.google.com', port=443): Failed to resolve 'groups.google.com' ([Errno 11001] getaddrinfo failed)""))",http
noc26_bt65,noc26-bt65-announce,,"HTTP error: HTTPSConnectionPool(host='groups.google.com', port=443): Max retries exceeded with url: /a/nptel.iitm.ac.in/g/noc26-bt65-announce (Caused by NameResolutionError(""HTTPSConnection(host='groups.google.com', port=443): Failed to resolve 'groups.google.com' ([Errno 11001] getaddrinfo failed)""))",http
noc26_bt66,noc26-bt66-announce,,"HTTP error: HTTPSConnectionPool(host='groups.google.com', port=443): Max retries exceeded with url: /a/nptel.iitm.ac.in/g/noc26-bt66-announce (Caused by NameResolutionError(""HTTPSConnection(host='groups.google.com', port=443): Failed to resolve 'groups.google.com' ([Errno 11001] getaddrinfo failed)""))",http
noc26_bt67,noc26-bt67-announce,,"HTTP error: HTTPSConnectionPool(host='groups.google.com', port=443): Max retries exceeded with url: /a/nptel.iitm.ac.in/g/noc26-bt67-announce (Caused by NameResolutionError(""HTTPSConnection(host='groups.google.com', port=443): Failed to resolve 'groups.google.com' ([Errno 11001] getaddrinfo failed)""))",http
noc26_bt68,noc26-bt68-announce,,"HTTP error: HTTPSConnectionPool(host='groups.google.com', port=443): Max retries exceeded with url: /a/nptel.iitm.ac.in/g/noc26-bt68-announce (Caused by NameResolutionError(""HTTPSConnection(host='groups.google.com', port=443): Failed to resolve 'groups.google.com' ([Errno 11001] getaddrinfo failed)""))",http
noc26_bt69,noc26-bt69-announce,,"HTTP error: HTTPSConnectionPool(host='groups.google.com', port=443): Max retries exceeded with url: /a/nptel.iitm.ac.in/g/noc26-bt69-announce (Caused by NameResolutionError(""HTTPSConnection(host='groups.google.com', port=443): Failed to resolve 'groups.google.com' ([Errno 11001] getaddrinfo failed)""))",http
noc26_bt70,noc26-bt70-announce,,"HTTP error: HTTPSConnectionPool(host='groups.google.com', port=443): Max retries exceeded with url: /a/nptel.iitm.ac.in/g/noc26-bt70-announce (Caused by NameResolutionError(""HTTPSConnection(host='groups.google.com', port=443): Failed to resolve 'groups.google.com' ([Errno 11001] getaddrinfo failed)""))",http
noc26_bt71,noc26-bt71-announce,,"HTTP error: HTTPSConnectionPool(host='groups.google.com', port=443): Max retries exceeded with url: /a/nptel.iitm.ac.in/g/noc26-bt71-announce (Caused by NameResolutionError(""HTTPSConnection(host='groups.google.com', port=443): Failed to resolve 'groups.google.com' ([Errno 11001] getaddrinfo failed)""))",http
noc26_bt72,noc26-bt72-announce,,"HTTP error: HTTPSConnectionPool(host='groups.google.com', port=443): Max retries exceeded with url: /a/nptel.iitm.ac.in/g/noc26-bt72-announce (Caused by NameResolutionError(""HTTPSConnection(host='groups.google.com', port=443): Failed to resolve 'groups.google.com' ([Errno 11001] getaddrinfo failed)""))",http
noc26_bt73,noc26-bt73-announce,,"HTTP error: HTTPSConnectionPool(host='groups.google.com', port=443): Max retries exceeded with url: /a/nptel.iitm.ac.in/g/noc26-bt73-announce (Caused by NameResolutionError(""HTTPSConnection(host='groups.google.com', port=443): Failed to resolve 'groups.google.com' ([Errno 11001] getaddrinfo failed)""))",http
noc26_bt74,noc26-bt74-announce,,"HTTP error: HTTPSConnectionPool(host='groups.google.com', port=443): Max retries exceeded with url: /a/nptel.iitm.ac.in/g/noc26-bt74-announce (Caused by NameResolutionError(""HTTPSConnection(host='groups.google.com', port=443): Failed to resolve 'groups.google.com' ([Errno 11001] getaddrinfo failed)""))",http
noc26_bt76,noc26-bt76-announce,,"HTTP error: HTTPSConnectionPool(host='groups.google.com', port=443): Max retries exceeded with url: /a/nptel.iitm.ac.in/g/noc26-bt76-announce (Caused by NameResolutionError(""HTTPSConnection(host='groups.google.com', port=443): Failed to resolve 'groups.google.com' ([Errno 11001] getaddrinfo failed)""))",http
noc26_bt77,noc26-bt77-announce,,"HTTP error: HTTPSConnectionPool(host='groups.google.com', port=443): Max retries exceeded with url: /a/nptel.iitm.ac.in/g/noc26-bt77-announce (Caused by NameResolutionError(""HTTPSConnection(host='groups.google.com', port=443): Failed to resolve 'groups.google.com' ([Errno 11001] getaddrinfo failed)""))",http
noc26_bt78,noc26-bt78-announce,,"HTTP error: HTTPSConnectionPool(host='groups.google.com', port=443): Max retries exceeded with url: /a/nptel.iitm.ac.in/g/noc26-bt78-announce (Caused by NameResolutionError(""HTTPSConnection(host='groups.google.com', port=443): Failed to resolve 'groups.google.com' ([Errno 11001] getaddrinfo failed)""))",http
noc26_bt79,noc26-bt79-announce,,"HTTP error: HTTPSConnectionPool(host='groups.google.com', port=443): Max retries exceeded with url: /a/nptel.iitm.ac.in/g/noc26-bt79-announce (Caused by NameResolutionError(""HTTPSConnection(host='groups.google.com', port=443): Failed to resolve 'groups.google.com' ([Errno 11001] getaddrinfo failed)""))",http
noc26_bt80,noc26-bt80-announce,,"HTTP error: HTTPSConnectionPool(host='groups.google.com', port=443): Max retries exceeded with url: /a/nptel.iitm.ac.in/g/noc26-bt80-announce (Caused by NameResolutionError(""HTTPSConnection(host='groups.google.com', port=443): Failed to resolve 'groups.google.com' ([Errno 11001] getaddrinfo failed)""))",http
noc26_bt81,noc26-bt81-announce,,"HTTP error: HTTPSConnectionPool(host='groups.google.com', port=443): Max retries exceeded with url: /a/nptel.iitm.ac.in/g/noc26-bt81-announce (Caused by NameResolutionError(""HTTPSConnection(host='groups.google.com', port=443): Failed to resolve 'groups.google.com' ([Errno 11001] getaddrinfo failed)""))",http
noc26_bt82,noc26-bt82-announce,,"HTTP error: HTTPSConnectionPool(host='groups.google.com', port=443): Max retries exceeded with url: /a/nptel.iitm.ac.in/g/noc26-bt82-announce (Caused by NameResolutionError(""HTTPSConnection(host='groups.google.com', port=443): Failed to resolve 'groups.google.com' ([Errno 11001] getaddrinfo failed)""))",http
noc26_bt83,noc26-bt83-announce,,"HTTP error: HTTPSConnectionPool(host='groups.google.com', port=443): Max retries exceeded with url: /a/nptel.iitm.ac.in/g/noc26-bt83-announce (Caused by NameResolutionError(""HTTPSConnection(host='groups.google.com', port=443): Failed to resolve 'groups.google.com' ([Errno 11001] getaddrinfo failed)""))",http
noc26_bt84,noc26-bt84-announce,,"HTTP error: HTTPSConnectionPool(host='groups.google.com', port=443): Max retries exceeded with url: /a/nptel.iitm.ac.in/g/noc26-bt84-announce (Caused by NameResolutionError(""HTTPSConnection(host='groups.google.com', port=443): Failed to resolve 'groups.google.com' ([Errno 11001] getaddrinfo failed)""))",http
noc26_bt85,noc26-bt85-announce,,"HTTP error: HTTPSConnectionPool(host='groups.google.com', port=443): Max retries exceeded with url: /a/nptel.iitm.ac.in/g/noc26-bt85-announce (Caused by NameResolutionError(""HTTPSConnection(host='groups.google.com', port=443): Failed to resolve 'groups.google.com' ([Errno 11001] getaddrinfo failed)""))",http
noc26_bt86,noc26-bt86-announce,,"HTTP error: HTTPSConnectionPool(host='groups.google.com', port=443): Max retries exceeded with url: /a/nptel.iitm.ac.in/g/noc26-bt86-announce (Caused by NameResolutionError(""HTTPSConnection(host='groups.google.com', port=443): Failed to resolve 'groups.google.com' ([Errno 11001] getaddrinfo failed)""))",http
noc26_bt87,noc26-bt87-announce,,"HTTP error: HTTPSConnectionPool(host='groups.google.com', port=443): Max retries exceeded with url: /a/nptel.iitm.ac.in/g/noc26-bt87-announce (Caused by NameResolutionError(""HTTPSConnection(host='groups.google.com', port=443): Failed to resolve 'groups.google.com' ([Errno 11001] getaddrinfo failed)""))",http
noc26_bt88,noc26-bt88-announce,,"HTTP error: HTTPSConnectionPool(host='groups.google.com', port=443): Max retries exceeded with url: /a/nptel.iitm.ac.in/g/noc26-bt88-announce (Caused by NameResolutionError(""HTTPSConnection(host='groups.google.com', port=443): Failed to resolve 'groups.google.com' ([Errno 11001] getaddrinfo failed)""))",http
noc26_bt89,noc26-bt89-announce,,"HTTP error: HTTPSConnectionPool(host='groups.google.com', port=443): Max retries exceeded with url: /a/nptel.iitm.ac.in/g/noc26-bt89-announce (Caused by NameResolutionError(""HTTPSConnection(host='groups.google.com', port=443): Failed to resolve 'groups.google.com' ([Errno 11001] getaddrinfo failed)""))",http
noc26_bt90,noc26-bt90-announce,,"HTTP error: HTTPSConnectionPool(host='groups.google.com', port=443): Max retries exceeded with url: /a/nptel.iitm.ac.in/g/noc26-bt90-announce (Caused by NameResolutionError(""HTTPSConnection(host='groups.google.com', port=443): Failed to resolve 'groups.google.com' ([Errno 11001] getaddrinfo failed)""))",http
noc26_bt91,noc26-bt91-announce,,"HTTP error: HTTPSConnectionPool(host='groups.google.com', port=443): Max retries exceeded with url: /a/nptel.iitm.ac.in/g/noc26-bt91-announce (Caused by NameResolutionError(""HTTPSConnection(host='groups.google.com', port=443): Failed to resolve 'groups.google.com' ([Errno 11001] getaddrinfo failed)""))",http
noc26_bt92,noc26-bt92-announce,,"HTTP error: HTTPSConnectionPool(host='groups.google.com', port=443): Max retries exceeded with url: /a/nptel.iitm.ac.in/g/noc26-bt92-announce (Caused by NameResolutionError(""HTTPSConnection(host='groups.google.com', port=443): Failed to resolve 'groups.google.com' ([Errno 11001] getaddrinfo failed)""))",http
noc26_bt93,noc26-bt93-announce,,"HTTP error: HTTPSConnectionPool(host='groups.google.com', port=443): Max retries exceeded with url: /a/nptel.iitm.ac.in/g/noc26-bt93-announce (Caused by NameResolutionError(""HTTPSConnection(host='groups.google.com', port=443): Failed to resolve 'groups.google.com' ([Errno 11001] getaddrinfo failed)""))",http
noc26_bt94,noc26-bt94-announce,,"HTTP error: HTTPSConnectionPool(host='groups.google.com', port=443): Max retries exceeded with url: /a/nptel.iitm.ac.in/g/noc26-bt94-announce (Caused by NameResolutionError(""HTTPSConnection(host='groups.google.com', port=443): Failed to resolve 'groups.google.com' ([Errno 11001] getaddrinfo failed)""))",http
noc26_bt95,noc26-bt95-announce,,"HTTP error: HTTPSConnectionPool(host='groups.google.com', port=443): Max retries exceeded with url: /a/nptel.iitm.ac.in/g/noc26-bt95-announce (Caused by NameResolutionError(""HTTPSConnection(host='groups.google.com', port=443): Failed to resolve 'groups.google.com' ([Errno 11001] getaddrinfo failed)""))",http
noc26_bt96,noc26-bt96-announce,,"HTTP error: HTTPSConnectionPool(host='groups.google.com', port=443): Max retries exceeded with url: /a/nptel.iitm.ac.in/g/noc26-bt96-announce (Caused by NameResolutionError(""HTTPSConnection(host='groups.google.com', port=443): Failed to resolve 'groups.google.com' ([Errno 11001] getaddrinfo failed)""))",http
noc26_bt97,noc26-bt97-announce,,"HTTP error: HTTPSConnectionPool(host='groups.google.com', port=443): Max retries exceeded with url: /a/nptel.iitm.ac.in/g/noc26-bt97-announce (Caused by NameResolutionError(""HTTPSConnection(host='groups.google.com', port=443): Failed to resolve 'groups.google.com' ([Errno 11001] getaddrinfo failed)""))",http
noc26_bt98,noc26-bt98-announce,,"HTTP error: HTTPSConnectionPool(host='groups.google.com', port=443): Max retries exceeded with url: /a/nptel.iitm.ac.in/g/noc26-bt98-announce (Caused by NameResolutionError(""HTTPSConnection(host='groups.google.com', port=443): Failed to resolve 'groups.google.com' ([Errno 11001] getaddrinfo failed)""))",http
noc26_bt99,noc26-bt99-announce,,"HTTP error: HTTPSConnectionPool(host='groups.google.com', port=443): Max retries exceeded with url: /a/nptel.iitm.ac.in/g/noc26-bt99-announce (Caused by NameResolutionError(""HTTPSConnection(host='groups.google.com', port=443): Failed to resolve 'groups.google.com' ([Errno 11001] getaddrinfo failed)""))",http
noc26_ce100,noc26-ce100-announce,,"HTTP error: HTTPSConnectionPool(host='groups.google.com', port=443): Max retries exceeded with url: /a/nptel.iitm.ac.in/g/noc26-ce100-announce (Caused by NameResolutionError(""HTTPSConnection(host='groups.google.com', port=443): Failed to resolve 'groups.google.com' ([Errno 11001] getaddrinfo failed)""))",http
noc26_ce101,noc26-ce101-announce,,"HTTP error: HTTPSConnectionPool(host='groups.google.com', port=443): Max retries exceeded with url: /a/nptel.iitm.ac.in/g/noc26-ce101-announce (Caused by NameResolutionError(""HTTPSConnection(host='groups.google.com', port=443): Failed to resolve 'groups.google.com' ([Errno 11001] getaddrinfo failed)""))",http
noc26_ce102,noc26-ce102-announce,,"HTTP error: HTTPSConnectionPool(host='groups.google.com', port=443): Max retries exceeded with url: /a/nptel.iitm.ac.in/g/noc26-ce102-announce (Caused by NameResolutionError(""HTTPSConnection(host='groups.google.com', port=443): Failed to resolve 'groups.google.com' ([Errno 11001] getaddrinfo failed)""))",http
noc26_ce103,noc26-ce103-announce,,"HTTP error: HTTPSConnectionPool(host='groups.google.com', port=443): Max retries exceeded with url: /a/nptel.iitm.ac.in/g/noc26-ce103-announce (Caused by NameResolutionError(""HTTPSConnection(host='groups.google.com', port=443): Failed to resolve 'groups.google.com' ([Errno 11001] getaddrinfo failed)""))",http
noc26_ce104,noc26-ce104-announce,,"HTTP error: HTTPSConnectionPool(host='groups.google.com', port=443): Max retries exceeded with url: /a/nptel.iitm.ac.in/g/noc26-ce104-announce (Caused by NameResolutionError(""HTTPSConnection(host='groups.google.com', port=443): Failed to resolve 'groups.google.com' ([Errno 11001] getaddrinfo failed)""))",http
noc26_ce105,noc26-ce105-announce,,"HTTP error: HTTPSConnectionPool(host='groups.google.com', port=443): Max retries exceeded with url: /a/nptel.iitm.ac.in/g/noc26-ce105-announce (Caused by NameResolutionError(""HTTPSConnection(host='groups.google.com', port=443): Failed to resolve 'groups.google.com' ([Errno 11001] getaddrinfo failed)""))",http
noc26_ce106,noc26-ce106-announce,,"HTTP error: HTTPSConnectionPool(host='groups.google.com', port=443): Max retries exceeded with url: /a/nptel.iitm.ac.in/g/noc26-ce106-announce (Caused by NameResolutionError(""HTTPSConnection(host='groups.google.com', port=443): Failed to resolve 'groups.google.com' ([Errno 11001] getaddrinfo failed)""))",http
noc26_ce107,noc26-ce107-announce,,"HTTP error: HTTPSConnectionPool(host='groups.google.com', port=443): Max retries exceeded with url: /a/nptel.iitm.ac.in/g/noc26-ce107-announce (Caused by NameResolutionError(""HTTPSConnection(host='groups.google.com', port=443): Failed to resolve 'groups.google.com' ([Errno 11001] getaddrinfo failed)""))",http
noc26_ce108,noc26-ce108-announce,,"HTTP error: HTTPSConnectionPool(host='groups.google.com', port=443): Max retries exceeded with url: /a/nptel.iitm.ac.in/g/noc26-ce108-announce (Caused by NameResolutionError(""HTTPSConnection(host='groups.google.com', port=443): Failed to resolve 'groups.google.com' ([Errno 11001] getaddrinfo failed)""))",http
noc26_ce109,noc26-ce109-announce,,"HTTP error: HTTPSConnectionPool(host='groups.google.com', port=443): Max retries exceeded with url: /a/nptel.iitm.ac.in/g/noc26-ce109-announce (Caused by NameResolutionError(""HTTPSConnection(host='groups.google.com', port=443): Failed to resolve 'groups.google.com' ([Errno 11001] getaddrinfo failed)""))",http
noc26_ce110,noc26-ce110-announce,,"HTTP error: HTTPSConnectionPool(host='groups.google.com', port=443): Max retries exceeded with url: /a/nptel.iitm.ac.in/g/noc26-ce110-announce (Caused by NameResolutionError(""HTTPSConnection(host='groups.google.com', port=443): Failed to resolve 'groups.google.com' ([Errno 11001] getaddrinfo failed)""))",http
noc26_ce111,noc26-ce111-announce,,"HTTP error: HTTPSConnectionPool(host='groups.google.com', port=443): Max retries exceeded with url: /a/nptel.iitm.ac.in/g/noc26-ce111-announce (Caused by NameResolutionError(""HTTPSConnection(host='groups.google.com', port=443): Failed to resolve 'groups.google.com' ([Errno 11001] getaddrinfo failed)""))",http
noc26_ce112,noc26-ce112-announce,,"HTTP error: HTTPSConnectionPool(host='groups.google.com', port=443): Max retries exceeded with url: /a/nptel.iitm.ac.in/g/noc26-ce112-announce (Caused by NameResolutionError(""HTTPSConnection(host='groups.google.com', port=443): Failed to resolve 'groups.google.com' ([Errno 11001] getaddrinfo failed)""))",http
noc26_ce113,noc26-ce113-announce,,"HTTP error: HTTPSConnectionPool(host='groups.google.com', port=443): Max retries exceeded with url: /a/nptel.iitm.ac.in/g/noc26-ce113-announce (Caused by NameResolutionError(""HTTPSConnection(host='groups.google.com', port=443): Failed to resolve 'groups.google.com' ([Errno 11001] getaddrinfo failed)""))",http
noc26_ce114,noc26-ce114-announce,,"HTTP error: HTTPSConnectionPool(host='groups.google.com', port=443): Max retries exceeded with url: /a/nptel.iitm.ac.in/g/noc26-ce114-announce (Caused by NameResolutionError(""HTTPSConnection(host='groups.google.com', port=443): Failed to resolve 'groups.google.com' ([Errno 11001] getaddrinfo failed)""))",http
noc26_ce115,noc26-ce115-announce,,"HTTP error: HTTPSConnectionPool(host='groups.google.com', port=443): Max retries exceeded with url: /a/nptel.iitm.ac.in/g/noc26-ce115-announce (Caused by NameResolutionError(""HTTPSConnection(host='groups.google.com', port=443): Failed to resolve 'groups.google.com' ([Errno 11001] getaddrinfo failed)""))",http
noc26_ce116,noc26-ce116-announce,,"HTTP error: HTTPSConnectionPool(host='groups.google.com', port=443): Max retries exceeded with url: /a/nptel.iitm.ac.in/g/noc26-ce116-announce (Caused by NameResolutionError(""HTTPSConnection(host='groups.google.com', port=443): Failed to resolve 'groups.google.com' ([Errno 11001] getaddrinfo failed)""))",http
noc26_ce117,noc26-ce117-announce,,"HTTP error: HTTPSConnectionPool(host='groups.google.com', port=443): Max retries exceeded with url: /a/nptel.iitm.ac.in/g/noc26-ce117-announce (Caused by NameResolutionError(""HTTPSConnection(host='groups.google.com', port=443): Failed to resolve 'groups.google.com' ([Errno 11001] getaddrinfo failed)""))",http
noc26_ce118,noc26-ce118-announce,,"HTTP error: HTTPSConnectionPool(host='groups.google.com', port=443): Max retries exceeded with url: /a/nptel.iitm.ac.in/g/noc26-ce118-announce (Caused by NameResolutionError(""HTTPSConnection(host='groups.google.com', port=443): Failed to resolve 'groups.google.com' ([Errno 11001] getaddrinfo failed)""))",http
noc26_ce119,noc26-ce119-announce,,"HTTP error: HTTPSConnectionPool(host='groups.google.com', port=443): Max retries exceeded with url: /a/nptel.iitm.ac.in/g/noc26-ce119-announce (Caused by NameResolutionError(""HTTPSConnection(host='groups.google.com', port=443): Failed to resolve 'groups.google.com' ([Errno 11001] getaddrinfo failed)""))",http
noc26_ce120,noc26-ce120-announce,,"HTTP error: HTTPSConnectionPool(host='groups.google.com', port=443): Max retries exceeded with url: /a/nptel.iitm.ac.in/g/noc26-ce120-announce (Caused by NameResolutionError(""HTTPSConnection(host='groups.google.com', port=443): Failed to resolve 'groups.google.com' ([Errno 11001] getaddrinfo failed)""))",http
noc26_ce121,noc26-ce121-announce,,"HTTP error: HTTPSConnectionPool(host='groups.google.com', port=443): Max retries exceeded with url: /a/nptel.iitm.ac.in/g/noc26-ce121-announce (Caused by NameResolutionError(""HTTPSConnection(host='groups.google.com', port=443): Failed to resolve 'groups.google.com' ([Errno 11001] getaddrinfo failed)""))",http
noc26_ce122,noc26-ce122-announce,,"HTTP error: HTTPSConnectionPool(host='groups.google.com', port=443): Max retries exceeded with url: /a/nptel.iitm.ac.in/g/noc26-ce122-announce (Caused by NameResolutionError(""HTTPSConnection(host='groups.google.com', port=443): Failed to resolve 'groups.google.com' ([Errno 11001] getaddrinfo failed)""))",http
noc26_ce123,noc26-ce123-announce,,"HTTP error: HTTPSConnectionPool(host='groups.google.com', port=443): Max retries exceeded with url: /a/nptel.iitm.ac.in/g/noc26-ce123-announce (Caused by NameResolutionError(""HTTPSConnection(host='groups.google.com', port=443): Failed to resolve 'groups.google.com' ([Errno 11001] getaddrinfo failed)""))",http
noc26_ce124,noc26-ce124-announce,,"HTTP error: HTTPSConnectionPool(host='groups.google.com', port=443): Max retries exceeded with url: /a/nptel.iitm.ac.in/g/noc26-ce124-announce (Caused by NameResolutionError(""HTTPSConnection(host='groups.google.com', port=443): Failed to resolve 'groups.google.com' ([Errno 11001] getaddrinfo failed)""))",http
noc26_ce125,noc26-ce125-announce,,"HTTP error: HTTPSConnectionPool(host='groups.google.com', port=443): Max retries exceeded with url: /a/nptel.iitm.ac.in/g/noc26-ce125-announce (Caused by NameResolutionError(""HTTPSConnection(host='groups.google.com', port=443): Failed to resolve 'groups.google.com' ([Errno 11001] getaddrinfo failed)""))",http
noc26_ce126,noc26-ce126-announce,,"HTTP error: HTTPSConnectionPool(host='groups.google.com', port=443): Max retries exceeded with url: /a/nptel.iitm.ac.in/g/noc26-ce126-announce (Caused by NameResolutionError(""HTTPSConnection(host='groups.google.com', port=443): Failed to resolve 'groups.google.com' ([Errno 11001] getaddrinfo failed)""))",http
noc26_ce127,noc26-ce127-announce,,"HTTP error: HTTPSConnectionPool(host='groups.google.com', port=443): Max retries exceeded with url: /a/nptel.iitm.ac.in/g/noc26-ce127-announce (Caused by NameResolutionError(""HTTPSConnection(host='groups.google.com', port=443): Failed to resolve 'groups.google.com' ([Errno 11001] getaddrinfo failed)""))",http
noc26_ce128,noc26-ce128-announce,,"HTTP error: HTTPSConnectionPool(host='groups.google.com', port=443): Max retries exceeded with url: /a/nptel.iitm.ac.in/g/noc26-ce128-announce (Caused by NameResolutionError(""HTTPSConnection(host='groups.google.com', port=443): Failed to resolve 'groups.google.com' ([Errno 11001] getaddrinfo failed)""))",http
noc26_ce129,noc26-ce129-announce,,"HTTP error: HTTPSConnectionPool(host='groups.google.com', port=443): Max retries exceeded with url: /a/nptel.iitm.ac.in/g/noc26-ce129-announce (Caused by NameResolutionError(""HTTPSConnection(host='groups.google.com', port=443): Failed to resolve 'groups.google.com' ([Errno 11001] getaddrinfo failed)""))",http
noc26_ce130,noc26-ce130-announce,,"HTTP error: HTTPSConnectionPool(host='groups.google.com', port=443): Max retries exceeded with url: /a/nptel.iitm.ac.in/g/noc26-ce130-announce (Caused by NameResolutionError(""HTTPSConnection(host='groups.google.com', port=443): Failed to resolve 'groups.google.com' ([Errno 11001] getaddrinfo failed)""))",http
noc26_ce131,noc26-ce131-announce,,"HTTP error: HTTPSConnectionPool(host='groups.google.com', port=443): Max retries exceeded with url: /a/nptel.iitm.ac.in/g/noc26-ce131-announce (Caused by NameResolutionError(""HTTPSConnection(host='groups.google.com', port=443): Failed to resolve 'groups.google.com' ([Errno 11001] getaddrinfo failed)""))",http
noc26_ce132,noc26-ce132-announce,,"HTTP error: HTTPSConnectionPool(host='groups.google.com', port=443): Max retries exceeded with url: /a/nptel.iitm.ac.in/g/noc26-ce132-announce (Caused by NameResolutionError(""HTTPSConnection(host='groups.google.com', port=443): Failed to resolve 'groups.google.com' ([Errno 11001] getaddrinfo failed)""))",http
noc26_ce133,noc26-ce133-announce,,"HTTP error: HTTPSConnectionPool(host='groups.google.com', port=443): Max retries exceeded with url: /a/nptel.iitm.ac.in/g/noc26-ce133-announce (Caused by NameResolutionError(""HTTPSConnection(host='groups.google.com', port=443): Failed to resolve 'groups.google.com' ([Errno 11001] getaddrinfo failed)""))",http
noc26_ce134,noc26-ce134-announce,,"HTTP error: HTTPSConnectionPool(host='groups.google.com', port=443): Max retries exceeded with url: /a/nptel.iitm.ac.in/g/noc26-ce134-announce (Caused by NameResolutionError(""HTTPSConnection(host='groups.google.com', port=443): Failed to resolve 'groups.google.com' ([Errno 11001] getaddrinfo failed)""))",http
noc26_ce135,noc26-ce135-announce,,"HTTP error: HTTPSConnectionPool(host='groups.google.com', port=443): Max retries exceeded with url: /a/nptel.iitm.ac.in/g/noc26-ce135-announce (Caused by NameResolutionError(""HTTPSConnection(host='groups.google.com', port=443): Failed to resolve 'groups.google.com' ([Errno 11001] getaddrinfo failed)""))",http
noc26_ce136,noc26-ce136-announce,,"HTTP error: HTTPSConnectionPool(host='groups.google.com', port=443): Max retries exceeded with url: /a/nptel.iitm.ac.in/g/noc26-ce136-announce (Caused by NameResolutionError(""HTTPSConnection(host='groups.google.com', port=443): Failed to resolve 'groups.google.com' ([Errno 11001] getaddrinfo failed)""))",http
noc26_ce137,noc26-ce137-announce,,"HTTP error: HTTPSConnectionPool(host='groups.google.com', port=443): Max retries exceeded with url: /a/nptel.iitm.ac.in/g/noc26-ce137-announce (Caused by NameResolutionError(""HTTPSConnection(host='groups.google.com', port=443): Failed to resolve 'groups.google.com' ([Errno 11001] getaddrinfo failed)""))",http
noc26_ce138,noc26-ce138-announce,,"HTTP error: HTTPSConnectionPool(host='groups.google.com', port=443): Max retries exceeded with url: /a/nptel.iitm.ac.in/g/noc26-ce138-announce (Caused by NameResolutionError(""HTTPSConnection(host='groups.google.com', port=443): Failed to resolve 'groups.google.com' ([Errno 11001] getaddrinfo failed)""))",http
noc26_ce139,noc26-ce139-announce,,"HTTP error: HTTPSConnectionPool(host='groups.google.com', port=443): Max retries exceeded with url: /a/nptel.iitm.ac.in/g/noc26-ce139-announce (Caused by NameResolutionError(""HTTPSConnection(host='groups.google.com', port=443): Failed to resolve 'groups.google.com' ([Errno 11001] getaddrinfo failed)""))",http
noc26_ce140,noc26-ce140-announce,,"HTTP error: HTTPSConnectionPool(host='groups.google.com', port=443): Max retries exceeded with url: /a/nptel.iitm.ac.in/g/noc26-ce140-announce (Caused by NameResolutionError(""HTTPSConnection(host='groups.google.com', port=443): Failed to resolve 'groups.google.com' ([Errno 11001] getaddrinfo failed)""))",http
noc26_ce141,noc26-ce141-announce,,"HTTP error: HTTPSConnectionPool(host='groups.google.com', port=443): Max retries exceeded with url: /a/nptel.iitm.ac.in/g/noc26-ce141-announce (Caused by NameResolutionError(""HTTPSConnection(host='groups.google.com', port=443): Failed to resolve 'groups.google.com' ([Errno 11001] getaddrinfo failed)""))",http
noc26_ce142,noc26-ce142-announce,,"HTTP error: HTTPSConnectionPool(host='groups.google.com', port=443): Max retries exceeded with url: /a/nptel.iitm.ac.in/g/noc26-ce142-announce (Caused by NameResolutionError(""HTTPSConnection(host='groups.google.com', port=443): Failed to resolve 'groups.google.com' ([Errno 11001] getaddrinfo failed)""))",http
noc26_ce143,noc26-ce143-announce,,"HTTP error: HTTPSConnectionPool(host='groups.google.com', port=443): Max retries exceeded with url: /a/nptel.iitm.ac.in/g/noc26-ce143-announce (Caused by NameResolutionError(""HTTPSConnection(host='groups.google.com', port=443): Failed to resolve 'groups.google.com' ([Errno 11001] getaddrinfo failed)""))",http
noc26_ce144,noc26-ce144-announce,,"HTTP error: HTTPSConnectionPool(host='groups.google.com', port=443): Max retries exceeded with url: /a/nptel.iitm.ac.in/g/noc26-ce144-announce (Caused by NameResolutionError(""HTTPSConnection(host='groups.google.com', port=443): Failed to resolve 'groups.google.com' ([Errno 11001] getaddrinfo failed)""))",http
noc26_ce145,noc26-ce145-announce,,"HTTP error: HTTPSConnectionPool(host='groups.google.com', port=443): Max retries exceeded with url: /a/nptel.iitm.ac.in/g/noc26-ce145-announce (Caused by NameResolutionError(""HTTPSConnection(host='groups.google.com', port=443): Failed to resolve 'groups.google.com' ([Errno 11001] getaddrinfo failed)""))",http
noc26_ce146,noc26-ce146-announce,,"HTTP error: HTTPSConnectionPool(host='groups.google.com', port=443): Max retries exceeded with url: /a/nptel.iitm.ac.in/g/noc26-ce146-announce (Caused by NameResolutionError(""HTTPSConnection(host='groups.google.com', port=443): Failed to resolve 'groups.google.com' ([Errno 11001] getaddrinfo failed)""))",http
noc26_ce147,noc26-ce147-announce,,"HTTP error: HTTPSConnectionPool(host='groups.google.com', port=443): Max retries exceeded with url: /a/nptel.iitm.ac.in/g/noc26-ce147-announce (Caused by NameResolutionError(""HTTPSConnection(host='groups.google.com', port=443): Failed to resolve 'groups.google.com' ([Errno 11001] getaddrinfo failed)""))",http
noc26_ce148,noc26-ce148-announce,,"HTTP error: HTTPSConnectionPool(host='groups.google.com', port=443): Max retries exceeded with url: /a/nptel.iitm.ac.in/g/noc26-ce148-announce (Caused by NameResolutionError(""HTTPSConnection(host='groups.google.com', port=443): Failed to resolve 'groups.google.com' ([Errno 11001] getaddrinfo failed)""))",http
noc26_ce149,noc26-ce149-announce,,"HTTP error: HTTPSConnectionPool(host='groups.google.com', port=443): Max retries exceeded with url: /a/nptel.iitm.ac.in/g/noc26-ce149-announce (Caused by NameResolutionError(""HTTPSConnection(host='groups.google.com', port=443): Failed to resolve 'groups.google.com' ([Errno 11001] getaddrinfo failed)""))",http
noc26_ce150,noc26-ce150-announce,,"HTTP error: HTTPSConnectionPool(host='groups.google.com', port=443): Max retries exceeded with url: /a/nptel.iitm.ac.in/g/noc26-ce150-announce (Caused by NameResolutionError(""HTTPSConnection(host='groups.google.com', port=443): Failed to resolve 'groups.google.com' ([Errno 11001] getaddrinfo failed)""))",http
noc26_ce151,noc26-ce151-announce,,"HTTP error: HTTPSConnectionPool(host='groups.google.com', port=443): Max retries exceeded with url: /a/nptel.iitm.ac.in/g/noc26-ce151-announce (Caused by NameResolutionError(""HTTPSConnection(host='groups.google.com', port=443): Failed to resolve 'groups.google.com' ([Errno 11001] getaddrinfo failed)""))",http
noc26_ce152,noc26-ce152-announce,,"HTTP error: HTTPSConnectionPool(host='groups.google.com', port=443): Max retries exceeded with url: /a/nptel.iitm.ac.in/g/noc26-ce152-announce (Caused by NameResolutionError(""HTTPSConnection(host='groups.google.com', port=443): Failed to resolve 'groups.google.com' ([Errno 11001] getaddrinfo failed)""))",http
noc26_ce153,noc26-ce153-announce,,"HTTP error: HTTPSConnectionPool(host='groups.google.com', port=443): Max retries exceeded with url: /a/nptel.iitm.ac.in/g/noc26-ce153-announce (Caused by NameResolutionError(""HTTPSConnection(host='groups.google.com', port=443): Failed to resolve 'groups.google.com' ([Errno 11001] getaddrinfo failed)""))",http
noc26_ce154,noc26-ce154-announce,,"HTTP error: HTTPSConnectionPool(host='groups.google.com', port=443): Max retries exceeded with url: /a/nptel.iitm.ac.in/g/noc26-ce154-announce (Caused by NameResolutionError(""HTTPSConnection(host='groups.google.com', port=443): Failed to resolve 'groups.google.com' ([Errno 11001] getaddrinfo failed)""))",http
noc26_ce155,noc26-ce155-announce,,"HTTP error: HTTPSConnectionPool(host='groups.google.com', port=443): Max retries exceeded with url: /a/nptel.iitm.ac.in/g/noc26-ce155-announce (Caused by NameResolutionError(""HTTPSConnection(host='groups.google.com', port=443): Failed to resolve 'groups.google.com' ([Errno 11001] getaddrinfo failed)""))",http
noc26_ce156,noc26-ce156-announce,,"HTTP error: HTTPSConnectionPool(host='groups.google.com', port=443): Max retries exceeded with url: /a/nptel.iitm.ac.in/g/noc26-ce156-announce (Caused by NameResolutionError(""HTTPSConnection(host='groups.google.com', port=443): Failed to resolve 'groups.google.com' ([Errno 11001] getaddrinfo failed)""))",http
noc26_ce157,noc26-ce157-announce,,"HTTP error: HTTPSConnectionPool(host='groups.google.com', port=443): Max retries exceeded with url: /a/nptel.iitm.ac.in/g/noc26-ce157-announce (Caused by NameResolutionError(""HTTPSConnection(host='groups.google.com', port=443): Failed to resolve 'groups.google.com' ([Errno 11001] getaddrinfo failed)""))",http
noc26_ce158,noc26-ce158-announce,,"HTTP error: HTTPSConnectionPool(host='groups.google.com', port=443): Max retries exceeded with url: /a/nptel.iitm.ac.in/g/noc26-ce158-announce (Caused by NameResolutionError(""HTTPSConnection(host='groups.google.com', port=443): Failed to resolve 'groups.google.com' ([Errno 11001] getaddrinfo failed)""))",http
noc26_ce159,noc26-ce159-announce,,"HTTP error: HTTPSConnectionPool(host='groups.google.com', port=443): Max retries exceeded with url: /a/nptel.iitm.ac.in/g/noc26-ce159-announce (Caused by NameResolutionError(""HTTPSConnection(host='groups.google.com', port=443): Failed to resolve 'groups.google.com' ([Errno 11001] getaddrinfo failed)""))",http
noc26_ce160,noc26-ce160-announce,,"HTTP error: HTTPSConnectionPool(host='groups.google.com', port=443): Max retries exceeded with url: /a/nptel.iitm.ac.in/g/noc26-ce160-announce (Caused by NameResolutionError(""HTTPSConnection(host='groups.google.com', port=443): Failed to resolve 'groups.google.com' ([Errno 11001] getaddrinfo failed)""))",http
noc26_ce161,noc26-ce161-announce,,"HTTP error: HTTPSConnectionPool(host='groups.google.com', port=443): Max retries exceeded with url: /a/nptel.iitm.ac.in/g/noc26-ce161-announce (Caused by NameResolutionError(""HTTPSConnection(host='groups.google.com', port=443): Failed to resolve 'groups.google.com' ([Errno 11001] getaddrinfo failed)""))",http
noc26_ce162,noc26-ce162-announce,,"HTTP error: HTTPSConnectionPool(host='groups.google.com', port=443): Max retries exceeded with url: /a/nptel.iitm.ac.in/g/noc26-ce162-announce (Caused by NameResolutionError(""HTTPSConnection(host='groups.google.com', port=443): Failed to resolve 'groups.google.com' ([Errno 11001] getaddrinfo failed)""))",http
noc26_ce163,noc26-ce163-announce,,"HTTP error: HTTPSConnectionPool(host='groups.google.com', port=443): Max retries exceeded with url: /a/nptel.iitm.ac.in/g/noc26-ce163-announce (Caused by NameResolutionError(""HTTPSConnection(host='groups.google.com', port=443): Failed to resolve 'groups.google.com' ([Errno 11001] getaddrinfo failed)""))",http
noc26_ce165,noc26-ce165-announce,,"HTTP error: HTTPSConnectionPool(host='groups.google.com', port=443): Max retries exceeded with url: /a/nptel.iitm.ac.in/g/noc26-ce165-announce (Caused by NameResolutionError(""HTTPSConnection(host='groups.google.com', port=443): Failed to resolve 'groups.google.com' ([Errno 11001] getaddrinfo failed)""))",http
noc26_ce166,noc26-ce166-announce,,"HTTP error: HTTPSConnectionPool(host='groups.google.com', port=443): Max retries exceeded with url: /a/nptel.iitm.ac.in/g/noc26-ce166-announce (Caused by NameResolutionError(""HTTPSConnection(host='groups.google.com', port=443): Failed to resolve 'groups.google.com' ([Errno 11001] getaddrinfo failed)""))",http
noc26_ce82,noc26-ce82-announce,,"HTTP error: HTTPSConnectionPool(host='groups.google.com', port=443): Max retries exceeded with url: /a/nptel.iitm.ac.in/g/noc26-ce82-announce (Caused by NameResolutionError(""HTTPSConnection(host='groups.google.com', port=443): Failed to resolve 'groups.google.com' ([Errno 11001] getaddrinfo failed)""))",http
noc26_ce83,noc26-ce83-announce,,"HTTP error: HTTPSConnectionPool(host='groups.google.com', port=443): Max retries exceeded with url: /a/nptel.iitm.ac.in/g/noc26-ce83-announce (Caused by NameResolutionError(""HTTPSConnection(host='groups.google.com', port=443): Failed to resolve 'groups.google.com' ([Errno 11001] getaddrinfo failed)""))",http
noc26_ce84,noc26-ce84-announce,,"HTTP error: HTTPSConnectionPool(host='groups.google.com', port=443): Max retries exceeded with url: /a/nptel.iitm.ac.in/g/noc26-ce84-announce (Caused by NameResolutionError(""HTTPSConnection(host='groups.google.com', port=443): Failed to resolve 'groups.google.com' ([Errno 11001] getaddrinfo failed)""))",http
noc26_ce85,noc26-ce85-announce,,"HTTP error: HTTPSConnectionPool(host='groups.google.com', port=443): Max retries exceeded with url: /a/nptel.iitm.ac.in/g/noc26-ce85-announce (Caused by NameResolutionError(""HTTPSConnection(host='groups.google.com', port=443): Failed to resolve 'groups.google.com' ([Errno 11001] getaddrinfo failed)""))",http
noc26_ce86,noc26-ce86-announce,,Removed / Unavailable,enrollment status
noc26_ce87,noc26-ce87-announce,,"HTTP error: HTTPSConnectionPool(host='groups.google.com', port=443): Max retries exceeded with url: /a/nptel.iitm.ac.in/g/noc26-ce87-announce (Caused by NameResolutionError(""HTTPSConnection(host='groups.google.com', port=443): Failed to resolve 'groups.google.com' ([Errno 11001] getaddrinfo failed)""))",http
noc26_ce88,noc26-ce88-announce,,"HTTP error: HTTPSConnectionPool(host='groups.google.com', port=443): Max retries exceeded with url: /a/nptel.iitm.ac.in/g/noc26-ce88-announce (Caused by NameResolutionError(""HTTPSConnection(host='groups.google.com', port=443): Failed to resolve 'groups.google.com' ([Errno 11001] getaddrinfo failed)""))",http
noc26_ce89,noc26-ce89-announce,,"HTTP error: HTTPSConnectionPool(host='groups.google.com', port=443): Max retries exceeded with url: /a/nptel.iitm.ac.in/g/noc26-ce89-announce (Caused by NameResolutionError(""HTTPSConnection(host='groups.google.com', port=443): Failed to resolve 'groups.google.com' ([Errno 11001] getaddrinfo failed)""))",http
noc26_ce90,noc26-ce90-announce,,"HTTP error: HTTPSConnectionPool(host='groups.google.com', port=443): Max retries exceeded with url: /a/nptel.iitm.ac.in/g/noc26-ce90-announce (Caused by NameResolutionError(""HTTPSConnection(host='groups.google.com', port=443): Failed to resolve 'groups.google.com' ([Errno 11001] getaddrinfo failed)""))",http
noc26_ce91,noc26-ce91-announce,,"HTTP error: HTTPSConnectionPool(host='groups.google.com', port=443): Max retries exceeded with url: /a/nptel.iitm.ac.in/g/noc26-ce91-announce (Caused by NameResolutionError(""HTTPSConnection(host='groups.google.com', port=443): Failed to resolve 'groups.google.com' ([Errno 11001] getaddrinfo failed)""))",http
noc26_ce92,noc26-ce92-announce,,Removed / Unavailable,enrollment status
noc26_ce93,noc26-ce93-announce,,"HTTP error: HTTPSConnectionPool(host='groups.google.com', port=443): Max retries exceeded with url: /a/nptel.iitm.ac.in/g/noc26-ce93-announce (Caused by NameResolutionError(""HTTPSConnection(host='groups.google.com', port=443): Failed to resolve 'groups.google.com' ([Errno 11001] getaddrinfo failed)""))",http
noc26_ce94,noc26-ce94-announce,,"HTTP error: HTTPSConnectionPool(host='groups.google.com', port=443): Max retries exceeded with url: /a/nptel.iitm.ac.in/g/noc26-ce94-announce (Caused by NameResolutionError(""HTTPSConnection(host='groups.google.com', port=443): Failed to resolve 'groups.google.com' ([Errno 11001] getaddrinfo failed)""))",http
noc26_ce95,noc26-ce95-announce,,"HTTP error: HTTPSConnectionPool(host='groups.google.com', port=443): Max retries exceeded with url: /a/nptel.iitm.ac.in/g/noc26-ce95-announce (Caused by NameResolutionError(""HTTPSConnection(host='groups.google.com', port=443): Failed to resolve 'groups.google.com' ([Errno 11001] getaddrinfo failed)""))",http
noc26_ce96,noc26-ce96-announce,,"HTTP error: HTTPSConnectionPool(host='groups.google.com', port=443): Max retries exceeded with url: /a/nptel.iitm.ac.in/g/noc26-ce96-announce (Caused by NameResolutionError(""HTTPSConnection(host='groups.google.com', port=443): Failed to resolve 'groups.google.com' ([Errno 11001] getaddrinfo failed)""))",http
noc26_ce97,noc26-ce97-announce,,"HTTP error: HTTPSConnectionPool(host='groups.google.com', port=443): Max retries exceeded with url: /a/nptel.iitm.ac.in/g/noc26-ce97-announce (Caused by NameResolutionError(""HTTPSConnection(host='groups.google.com', port=443): Failed to resolve 'groups.google.com' ([Errno 11001] getaddrinfo failed)""))",http
noc26_ce98,noc26-ce98-announce,,"HTTP error: HTTPSConnectionPool(host='groups.google.com', port=443): Max retries exceeded with url: /a/nptel.iitm.ac.in/g/noc26-ce98-announce (Caused by NameResolutionError(""HTTPSConnection(host='groups.google.com', port=443): Failed to resolve 'groups.google.com' ([Errno 11001] getaddrinfo failed)""))",http
noc26_ce99,noc26-ce99-announce,,"HTTP error: HTTPSConnectionPool(host='groups.google.com', port=443): Max retries exceeded with url: /a/nptel.iitm.ac.in/g/noc26-ce99-announce (Caused by NameResolutionError(""HTTPSConnection(host='groups.google.com', port=443): Failed to resolve 'groups.google.com' ([Errno 11001] getaddrinfo failed)""))",http
noc26_ch100,noc26-ch100-announce,,"HTTP error: HTTPSConnectionPool(host='groups.google.com', port=443): Max retries exceeded with url: /a/nptel.iitm.ac.in/g/noc26-ch100-announce (Caused by NameResolutionError(""HTTPSConnection(host='groups.google.com', port=443): Failed to resolve 'groups.google.com' ([Errno 11001] getaddrinfo failed)""))",http
noc26_ch101,noc26-ch101-announce,,"HTTP error: HTTPSConnectionPool(host='groups.google.com', port=443): Max retries exceeded with url: /a/nptel.iitm.ac.in/g/noc26-ch101-announce (Caused by NameResolutionError(""HTTPSConnection(host='groups.google.com', port=443): Failed to resolve 'groups.google.com' ([Errno 11001] getaddrinfo failed)""))",http
noc26_ch102,noc26-ch102-announce,,"HTTP error: HTTPSConnectionPool(host='groups.google.com', port=443): Max retries exceeded with url: /a/nptel.iitm.ac.in/g/noc26-ch102-announce (Caused by NameResolutionError(""HTTPSConnection(host='groups.google.com', port=443): Failed to resolve 'groups.google.com' ([Errno 11001] getaddrinfo failed)""))",http
noc26_ch103,noc26-ch103-announce,,"HTTP error: HTTPSConnectionPool(host='groups.google.com', port=443): Max retries exceeded with url: /a/nptel.iitm.ac.in/g/noc26-ch103-announce (Caused by NameResolutionError(""HTTPSConnection(host='groups.google.com', port=443): Failed to resolve 'groups.google.com' ([Errno 11001] getaddrinfo failed)""))",http
noc26_ch104,noc26-ch104-announce,,"HTTP error: HTTPSConnectionPool(host='groups.google.com', port=443): Max retries exceeded with url: /a/nptel.iitm.ac.in/g/noc26-ch104-announce (Caused by NameResolutionError(""HTTPSConnection(host='groups.google.com', port=443): Failed to resolve 'groups.google.com' ([Errno 11001] getaddrinfo failed)""))",http
noc26_ch105,noc26-ch105-announce,,"HTTP error: HTTPSConnectionPool(host='groups.google.com', port=443): Max retries exceeded with url: /a/nptel.iitm.ac.in/g/noc26-ch105-announce (Caused by NameResolutionError(""HTTPSConnection(host='groups.google.com', port=443): Failed to resolve 'groups.google.com' ([Errno 11001] getaddrinfo failed)""))",http
noc26_ch106,noc26-ch106-announce,,"HTTP error: HTTPSConnectionPool(host='groups.google.com', port=443): Max retries exceeded with url: /a/nptel.iitm.ac.in/g/noc26-ch106-announce (Caused by NameResolutionError(""HTTPSConnection(host='groups.google.com', port=443): Failed to resolve 'groups.google.com' ([Errno 11001] getaddrinfo failed)""))",http
noc26_ch107,noc26-ch107-announce,,"HTTP error: HTTPSConnectionPool(host='groups.google.com', port=443): Max retries exceeded with url: /a/nptel.iitm.ac.in/g/noc26-ch107-announce (Caused by NameResolutionError(""HTTPSConnection(host='groups.google.com', port=443): Failed to resolve 'groups.google.com' ([Errno 11001] getaddrinfo failed)""))",http
noc26_ch108,noc26-ch108-announce,,"HTTP error: HTTPSConnectionPool(host='groups.google.com', port=443): Max retries exceeded with url: /a/nptel.iitm.ac.in/g/noc26-ch108-announce (Caused by NameResolutionError(""HTTPSConnection(host='groups.google.com', port=443): Failed to resolve 'groups.google.com' ([Errno 11001] getaddrinfo failed)""))",http
noc26_ch109,noc26-ch109-announce,,"HTTP error: HTTPSConnectionPool(host='groups.google.com', port=443): Max retries exceeded with url: /a/nptel.iitm.ac.in/g/noc26-ch109-announce (Caused by NameResolutionError(""HTTPSConnection(host='groups.google.com', port=443): Failed to resolve 'groups.google.com' ([Errno 11001] getaddrinfo failed)""))",http
noc26_ch110,noc26-ch110-announce,,"HTTP error: HTTPSConnectionPool(host='groups.google.com', port=443): Max retries exceeded with url: /a/nptel.iitm.ac.in/g/noc26-ch110-announce (Caused by NameResolutionError(""HTTPSConnection(host='groups.google.com', port=443): Failed to resolve 'groups.google.com' ([Errno 11001] getaddrinfo failed)""))",http
noc26_ch111,noc26-ch111-announce,,"HTTP error: HTTPSConnectionPool(host='groups.google.com', port=443): Max retries exceeded with url: /a/nptel.iitm.ac.in/g/noc26-ch111-announce (Caused by NameResolutionError(""HTTPSConnection(host='groups.google.com', port=443): Failed to resolve 'groups.google.com' ([Errno 11001] getaddrinfo failed)""))",http
noc26_ch52,noc26-ch52-announce,,"HTTP error: HTTPSConnectionPool(host='groups.google.com', port=443): Max retries exceeded with url: /a/nptel.iitm.ac.in/g/noc26-ch52-announce (Caused by NameResolutionError(""HTTPSConnection(host='groups.google.com', port=443): Failed to resolve 'groups.google.com' ([Errno 11001] getaddrinfo failed)""))",http
noc26_ch53,noc26-ch53-announce,,"HTTP error: HTTPSConnectionPool(host='groups.google.com', port=443): Max retries exceeded with url: /a/nptel.iitm.ac.in/g/noc26-ch53-announce (Caused by NameResolutionError(""HTTPSConnection(host='groups.google.com', port=443): Failed to resolve 'groups.google.com' ([Errno 11001] getaddrinfo failed)""))",http
noc26_ch54,noc26-ch54-announce,,"HTTP error: HTTPSConnectionPool(host='groups.google.com', port=443): Max retries exceeded with url: /a/nptel.iitm.ac.in/g/noc26-ch54-announce (Caused by NameResolutionError(""HTTPSConnection(host='groups.google.com', port=443): Failed to resolve 'groups.google.com' ([Errno 11001] getaddrinfo failed)""))",http
noc26_ch55,noc26-ch55-announce,,"HTTP error: HTTPSConnectionPool(host='groups.google.com', port=443): Max retries exceeded with url: /a/nptel.iitm.ac.in/g/noc26-ch55-announce (Caused by NameResolutionError(""HTTPSConnection(host='groups.google.com', port=443): Failed to resolve 'groups.google.com' ([Errno 11001] getaddrinfo failed)""))",http
noc26_ch56,noc26-ch56-announce,,"HTTP error: HTTPSConnectionPool(host='groups.google.com', port=443): Max retries exceeded with url: /a/nptel.iitm.ac.in/g/noc26-ch56-announce (Caused by NameResolutionError(""HTTPSConnection(host='groups.google.com', port=443): Failed to resolve 'groups.google.com' ([Errno 11001] getaddrinfo failed)""))",http
noc26_ch57,noc26-ch57-announce,,"HTTP error: HTTPSConnectionPool(host='groups.google.com', port=443): Max retries exceeded with url: /a/nptel.iitm.ac.in/g/noc26-ch57-announce (Caused by NameResolutionError(""HTTPSConnection(host='groups.google.com', port=443): Failed to resolve 'groups.google.com' ([Errno 11001] getaddrinfo failed)""))",http
noc26_ch58,noc26-ch58-announce,,"HTTP error: HTTPSConnectionPool(host='groups.google.com', port=443): Max retries exceeded with url: /a/nptel.iitm.ac.in/g/noc26-ch58-announce (Caused by NameResolutionError(""HTTPSConnection(host='groups.google.com', port=443): Failed to resolve 'groups.google.com' ([Errno 11001] getaddrinfo failed)""))",http
noc26_ch59,noc26-ch59-announce,,"HTTP error: HTTPSConnectionPool(host='groups.google.com', port=443): Max retries exceeded with url: /a/nptel.iitm.ac.in/g/noc26-ch59-announce (Caused by NameResolutionError(""HTTPSConnection(host='groups.google.com', port=443): Failed to resolve 'groups.google.com' ([Errno 11001] getaddrinfo failed)""))",http
noc26_ch60,noc26-ch60-announce,,"HTTP error: HTTPSConnectionPool(host='groups.google.com', port=443): Max retries exceeded with url: /a/nptel.iitm.ac.in/g/noc26-ch60-announce (Caused by NameResolutionError(""HTTPSConnection(host='groups.google.com', port=443): Failed to resolve 'groups.google.com' ([Errno 11001] getaddrinfo failed)""))",http
noc26_ch61,noc26-ch61-announce,,"HTTP error: HTTPSConnectionPool(host='groups.google.com', port=443): Max retries exceeded with url: /a/nptel.iitm.ac.in/g/noc26-ch61-announce (Caused by NameResolutionError(""HTTPSConnection(host='groups.google.com', port=443): Failed to resolve 'groups.google.com' ([Errno 11001] getaddrinfo failed)""))",http
noc26_ch62,noc26-ch62-announce,,"HTTP error: HTTPSConnectionPool(host='groups.google.com', port=443): Max retries exceeded with url: /a/nptel.iitm.ac.in/g/noc26-ch62-announce (Caused by NameResolutionError(""HTTPSConnection(host='groups.google.com', port=443): Failed to resolve 'groups.google.com' ([Errno 11001] getaddrinfo failed)""))",http
noc26_ch63,noc26-ch63-announce,,"HTTP error: HTTPSConnectionPool(host='groups.google.com', port=443): Max retries exceeded with url: /a/nptel.iitm.ac.in/g/noc26-ch63-announce (Caused by NameResolutionError(""HTTPSConnection(host='groups.google.com', port=443): Failed to resolve 'groups.google.com' ([Errno 11001] getaddrinfo failed)""))",http
noc26_ch64,noc26-ch64-announce,,"HTTP error: HTTPSConnectionPool(host='groups.google.com', port=443): Max retries exceeded with url: /a/nptel.iitm.ac.in/g/noc26-ch64-announce (Caused by NameResolutionError(""HTTPSConnection(host='groups.google.com', port=443): Failed to resolve 'groups.google.com' ([Errno 11001] getaddrinfo failed)""))",http
noc26_ch65,noc26-ch65-announce,,"HTTP error: HTTPSConnectionPool(host='groups.google.com', port=443): Max retries exceeded with url: /a/nptel.iitm.ac.in/g/noc26-ch65-announce (Caused by NameResolutionError(""HTTPSConnection(host='groups.google.com', port=443): Failed to resolve 'groups.google.com' ([Errno 11001] getaddrinfo failed)""))",http
noc26_ch66,noc26-ch66-announce,,"HTTP error: HTTPSConnectionPool(host='groups.google.com', port=443): Max retries exceeded with url: /a/nptel.iitm.ac.in/g/noc26-ch66-announce (Caused by NameResolutionError(""HTTPSConnection(host='groups.google.com', port=443): Failed to resolve 'groups.google.com' ([Errno 11001] getaddrinfo failed)""))",http
noc26_ch67,noc26-ch67-announce,,"HTTP error: HTTPSConnectionPool(host='groups.google.com', port=443): Max retries exceeded with url: /a/nptel.iitm.ac.in/g/noc26-ch67-announce (Caused by NameResolutionError(""HTTPSConnection(host='groups.google.com', port=443): Failed to resolve 'groups.google.com' ([Errno 11001] getaddrinfo failed)""))",http
noc26_ch68,noc26-ch68-announce,,"HTTP error: HTTPSConnectionPool(host='groups.google.com', port=443): Max retries exceeded with url: /a/nptel.iitm.ac.in/g/noc26-ch68-announce (Caused by NameResolutionError(""HTTPSConnection(host='groups.google.com', port=443): Failed to resolve 'groups.google.com' ([Errno 11001] getaddrinfo failed)""))",http
noc26_ch69,noc26-ch69-announce,,"HTTP error: HTTPSConnectionPool(host='groups.google.com', port=443): Max retries exceeded with url: /a/nptel.iitm.ac.in/g/noc26-ch69-announce (Caused by NameResolutionError(""HTTPSConnection(host='groups.google.com', port=443): Failed to resolve 'groups.google.com' ([Errno 11001] getaddrinfo failed)""))",http
noc26_ch70,noc26-ch70-announce,,"HTTP error: HTTPSConnectionPool(host='groups.google.com', port=443): Max retries exceeded with url: /a/nptel.iitm.ac.in/g/noc26-ch70-announce (Caused by NameResolutionError(""HTTPSConnection(host='groups.google.com', port=443): Failed to resolve 'groups.google.com' ([Errno 11001] getaddrinfo failed)""))",http
noc26_ch71,noc26-ch71-announce,,"HTTP error: HTTPSConnectionPool(host='groups.google.com', port=443): Max retries exceeded with url: /a/nptel.iitm.ac.in/g/noc26-ch71-announce (Caused by NameResolutionError(""HTTPSConnection(host='groups.google.com', port=443): Failed to resolve 'groups.google.com' ([Errno 11001] getaddrinfo failed)""))",http
noc26_ch72,noc26-ch72-announce,,"HTTP error: HTTPSConnectionPool(host='groups.google.com', port=443): Max retries exceeded with url: /a/nptel.iitm.ac.in/g/noc26-ch72-announce (Caused by NameResolutionError(""HTTPSConnection(host='groups.google.com', port=443): Failed to resolve 'groups.google.com' ([Errno 11001] getaddrinfo failed)""))",http
noc26_ch73,noc26-ch73-announce,,"HTTP error: HTTPSConnectionPool(host='groups.google.com', port=443): Max retries exceeded with url: /a/nptel.iitm.ac.in/g/noc26-ch73-announce (Caused by NameResolutionError(""HTTPSConnection(host='groups.google.com', port=443): Failed to resolve 'groups.google.com' ([Errno 11001] getaddrinfo failed)""))",http
noc26_ch74,noc26-ch74-announce,,"HTTP error: HTTPSConnectionPool(host='groups.google.com', port=443): Max retries exceeded with url: /a/nptel.iitm.ac.in/g/noc26-ch74-announce (Caused by NameResolutionError(""HTTPSConnection(host='groups.google.com', port=443): Failed to resolve 'groups.google.com' ([Errno 11001] getaddrinfo failed)""))",http
noc26_ch75,noc26-ch75-announce,,"HTTP error: HTTPSConnectionPool(host='groups.google.com', port=443): Max retries exceeded with url: /a/nptel.iitm.ac.in/g/noc26-ch75-announce (Caused by NameResolutionError(""HTTPSConnection(host='groups.google.com', port=443): Failed to resolve 'groups.google.com' ([Errno 11001] getaddrinfo failed)""))",http
noc26_ch76,noc26-ch76-announce,,"HTTP error: HTTPSConnectionPool(host='groups.google.com', port=443): Max retries exceeded with url: /a/nptel.iitm.ac.in/g/noc26-ch76-announce (Caused by NameResolutionError(""HTTPSConnection(host='groups.google.com', port=443): Failed to resolve 'groups.google.com' ([Errno 11001] getaddrinfo failed)""))",http
noc26_ch77,noc26-ch77-announce,,"HTTP error: HTTPSConnectionPool(host='groups.google.com', port=443): Max retries exceeded with url: /a/nptel.iitm.ac.in/g/noc26-ch77-announce (Caused by NameResolutionError(""HTTPSConnection(host='groups.google.com', port=443): Failed to resolve 'groups.google.com' ([Errno 11001] getaddrinfo failed)""))",http
noc26_ch78,noc26-ch78-announce,,"HTTP error: HTTPSConnectionPool(host='groups.google.com', port=443): Max retries exceeded with url: /a/nptel.iitm.ac.in/g/noc26-ch78-announce (Caused by NameResolutionError(""HTTPSConnection(host='groups.google.com', port=443): Failed to resolve 'groups.google.com' ([Errno 11001] getaddrinfo failed)""))",http
noc26_ch79,noc26-ch79-announce,,"HTTP error: HTTPSConnectionPool(host='groups.google.com', port=443): Max retries exceeded with url: /a/nptel.iitm.ac.in/g/noc26-ch79-announce (Caused by NameResolutionError(""HTTPSConnection(host='groups.google.com', port=443): Failed to resolve 'groups.google.com' ([Errno 11001] getaddrinfo failed)""))",http
noc26_ch80,noc26-ch80-announce,,"HTTP error: HTTPSConnectionPool(host='groups.google.com', port=443): Max retries exceeded with url: /a/nptel.iitm.ac.in/g/noc26-ch80-announce (Caused by NameResolutionError(""HTTPSConnection(host='groups.google.com', port=443): Failed to resolve 'groups.google.com' ([Errno 11001] getaddrinfo failed)""))",http
noc26_ch81,noc26-ch81-announce,,"HTTP error: HTTPSConnectionPool(host='groups.google.com', port=443): Max retries exceeded with url: /a/nptel.iitm.ac.in/g/noc26-ch81-announce (Caused by NameResolutionError(""HTTPSConnection(host='groups.google.com', port=443): Failed to resolve 'groups.google.com' ([Errno 11001] getaddrinfo failed)""))",http
noc26_ch82,noc26-ch82-announce,,"HTTP error: HTTPSConnectionPool(host='groups.google.com', port=443): Max retries exceeded with url: /a/nptel.iitm.ac.in/g/noc26-ch82-announce (Caused by NameResolutionError(""HTTPSConnection(host='groups.google.com', port=443): Failed to resolve 'groups.google.com' ([Errno 11001] getaddrinfo failed)""))",http
noc26_ch83,noc26-ch83-announce,,"HTTP error: HTTPSConnectionPool(host='groups.google.com', port=443): Max retries exceeded with url: /a/nptel.iitm.ac.in/g/noc26-ch83-announce (Caused by NameResolutionError(""HTTPSConnection(host='groups.google.com', port=443): Failed to resolve 'groups.google.com' ([Errno 11001] getaddrinfo failed)""))",http
noc26_ch84,noc26-ch84-announce,,"HTTP error: HTTPSConnectionPool(host='groups.google.com', port=443): Max retries exceeded with url: /a/nptel.iitm.ac.in/g/noc26-ch84-announce (Caused by NameResolutionError(""HTTPSConnection(host='groups.google.com', port=443): Failed to resolve 'groups.google.com' ([Errno 11001] getaddrinfo failed)""))",http
noc26_ch85,noc26-ch85-announce,,"HTTP error: HTTPSConnectionPool(host='groups.google.com', port=443): Max retries exceeded with url: /a/nptel.iitm.ac.in/g/noc26-ch85-announce (Caused by NameResolutionError(""HTTPSConnection(host='groups.google.com', port=443): Failed to resolve 'groups.google.com' ([Errno 11001] getaddrinfo failed)""))",http
noc26_ch86,noc26-ch86-announce,,"HTTP error: HTTPSConnectionPool(host='groups.google.com', port=443): Max retries exceeded with url: /a/nptel.iitm.ac.in/g/noc26-ch86-announce (Caused by NameResolutionError(""HTTPSConnection(host='groups.google.com', port=443): Failed to resolve 'groups.google.com' ([Errno 11001] getaddrinfo failed)""))",http
noc26_ch87,noc26-ch87-announce,,"HTTP error: HTTPSConnectionPool(host='groups.google.com', port=443): Max retries exceeded with url: /a/nptel.iitm.ac.in/g/noc26-ch87-announce (Caused by NameResolutionError(""HTTPSConnection(host='groups.google.com', port=443): Failed to resolve 'groups.google.com' ([Errno 11001] getaddrinfo failed)""))",http
noc26_ch88,noc26-ch88-announce,,"HTTP error: HTTPSConnectionPool(host='groups.google.com', port=443): Max retries exceeded with url: /a/nptel.iitm.ac.in/g/noc26-ch88-announce (Caused by NameResolutionError(""HTTPSConnection(host='groups.google.com', port=443): Failed to resolve 'groups.google.com' ([Errno 11001] getaddrinfo failed)""))",http
noc26_ch89,noc26-ch89-announce,,"HTTP error: HTTPSConnectionPool(host='groups.google.com', port=443): Max retries exceeded with url: /a/nptel.iitm.ac.in/g/noc26-ch89-announce (Caused by NameResolutionError(""HTTPSConnection(host='groups.google.com', port=443): Failed to resolve 'groups.google.com' ([Errno 11001] getaddrinfo failed)""))",http
noc26_ch90,noc26-ch90-announce,,"HTTP error: HTTPSConnectionPool(host='groups.google.com', port=443): Max retries exceeded with url: /a/nptel.iitm.ac.in/g/noc26-ch90-announce (Caused by NameResolutionError(""HTTPSConnection(host='groups.google.com', port=443): Failed to resolve 'groups.google.com' ([Errno 11001] getaddrinfo failed)""))",http
noc26_ch91,noc26-ch91-announce,,"HTTP error: HTTPSConnectionPool(host='groups.google.com', port=443): Max retries exceeded with url: /a/nptel.iitm.ac.in/g/noc26-ch91-announce (Caused by NameResolutionError(""HTTPSConnection(host='groups.google.com', port=443): Failed to resolve 'groups.google.com' ([Errno 11001] getaddrinfo failed)""))",http
noc26_ch92,noc26-ch92-announce,,"HTTP error: HTTPSConnectionPool(host='groups.google.com', port=443): Max retries exceeded with url: /a/nptel.iitm.ac.in/g/noc26-ch92-announce (Caused by NameResolutionError(""HTTPSConnection(host='groups.google.com', port=443): Failed to resolve 'groups.google.com' ([Errno 11001] getaddrinfo failed)""))",http
noc26_ch93,noc26-ch93-announce,,"HTTP error: HTTPSConnectionPool(host='groups.google.com', port=443): Max retries exceeded with url: /a/nptel.iitm.ac.in/g/noc26-ch93-announce (Caused by NameResolutionError(""HTTPSConnection(host='groups.google.com', port=443): Failed to resolve 'groups.google.com' ([Errno 11001] getaddrinfo failed)""))",http
noc26_ch94,noc26-ch94-announce,,"HTTP error: HTTPSConnectionPool(host='groups.google.com', port=443): Max retries exceeded with url: /a/nptel.iitm.ac.in/g/noc26-ch94-announce (Caused by NameResolutionError(""HTTPSConnection(host='groups.google.com', port=443): Failed to resolve 'groups.google.com' ([Errno 11001] getaddrinfo failed)""))",http
noc26_ch95,noc26-ch95-announce,,"HTTP error: HTTPSConnectionPool(host='groups.google.com', port=443): Max retries exceeded with url: /a/nptel.iitm.ac.in/g/noc26-ch95-announce (Caused by NameResolutionError(""HTTPSConnection(host='groups.google.com', port=443): Failed to resolve 'groups.google.com' ([Errno 11001] getaddrinfo failed)""))",http
noc26_ch96,noc26-ch96-announce,,"HTTP error: HTTPSConnectionPool(host='groups.google.com', port=443): Max retries exceeded with url: /a/nptel.iitm.ac.in/g/noc26-ch96-announce (Caused by NameResolutionError(""HTTPSConnection(host='groups.google.com', port=443): Failed to resolve 'groups.google.com' ([Errno 11001] getaddrinfo failed)""))",http
noc26_ch97,noc26-ch97-announce,,"HTTP error: HTTPSConnectionPool(host='groups.google.com', port=443): Max retries exceeded with url: /a/nptel.iitm.ac.in/g/noc26-ch97-announce (Caused by NameResolutionError(""HTTPSConnection(host='groups.google.com', port=443): Failed to resolve 'groups.google.com' ([Errno 11001] getaddrinfo failed)""))",http
noc26_ch98,noc26-ch98-announce,,"HTTP error: HTTPSConnectionPool(host='groups.google.com', port=443): Max retries exceeded with url: /a/nptel.iitm.ac.in/g/noc26-ch98-announce (Caused by NameResolutionError(""HTTPSConnection(host='groups.google.com', port=443): Failed to resolve 'groups.google.com' ([Errno 11001] getaddrinfo failed)""))",http
noc26_ch99,noc26-ch99-announce,,"HTTP error: HTTPSConnectionPool(host='groups.google.com', port=443): Max retries exceeded with url: /a/nptel.iitm.ac.in/g/noc26-ch99-announce (Caused by NameResolutionError(""HTTPSConnection(host='groups.google.com', port=443): Failed to resolve 'groups.google.com' ([Errno 11001] getaddrinfo failed)""))",http
noc26_cs100,noc26-cs100-announce,,"HTTP error: HTTPSConnectionPool(host='groups.google.com', port=443): Max retries exceeded with url: /a/nptel.iitm.ac.in/g/noc26-cs100-announce (Caused by NameResolutionError(""HTTPSConnection(host='groups.google.com', port=443): Failed to resolve 'groups.google.com' ([Errno 11001] getaddrinfo failed)""))",http
noc26_cs101,noc26-cs101-announce,,"HTTP error: HTTPSConnectionPool(host='groups.google.com', port=443): Max retries exceeded with url: /a/nptel.iitm.ac.in/g/noc26-cs101-announce (Caused by NameResolutionError(""HTTPSConnection(host='groups.google.com', port=443): Failed to resolve 'groups.google.com' ([Errno 11001] getaddrinfo failed)""))",http
noc26_cs102,noc26-cs102-announce,,"HTTP error: HTTPSConnectionPool(host='groups.google.com', port=443): Max retries exceeded with url: /a/nptel.iitm.ac.in/g/noc26-cs102-announce (Caused by NameResolutionError(""HTTPSConnection(host='groups.google.com', port=443): Failed to resolve 'groups.google.com' ([Errno 11001] getaddrinfo failed)""))",http
noc26_cs103,noc26-cs103-announce,,"HTTP error: HTTPSConnectionPool(host='groups.google.com', port=443): Max retries exceeded with url: /a/nptel.iitm.ac.in/g/noc26-cs103-announce (Caused by NameResolutionError(""HTTPSConnection(host='groups.google.com', port=443): Failed to resolve 'groups.google.com' ([Errno 11001] getaddrinfo failed)""))",http
noc26_cs104,noc26-cs104-announce,,"HTTP error: HTTPSConnectionPool(host='groups.google.com', port=443): Max retries exceeded with url: /a/nptel.iitm.ac.in/g/noc26-cs104-announce (Caused by NameResolutionError(""HTTPSConnection(host='groups.google.com', port=443): Failed to resolve 'groups.google.com' ([Errno 11001] getaddrinfo failed)""))",http
noc26_cs105,noc26-cs105-announce,,"HTTP error: HTTPSConnectionPool(host='groups.google.com', port=443): Max retries exceeded with url: /a/nptel.iitm.ac.in/g/noc26-cs105-announce (Caused by NameResolutionError(""HTTPSConnection(host='groups.google.com', port=443): Failed to resolve 'groups.google.com' ([Errno 11001] getaddrinfo failed)""))",http
noc26_cs106,noc26-cs106-announce,,"HTTP error: HTTPSConnectionPool(host='groups.google.com', port=443): Max retries exceeded with url: /a/nptel.iitm.ac.in/g/noc26-cs106-announce (Caused by NameResolutionError(""HTTPSConnection(host='groups.google.com', port=443): Failed to resolve 'groups.google.com' ([Errno 11001] getaddrinfo failed)""))",http
noc26_cs107,noc26-cs107-announce,,"HTTP error: HTTPSConnectionPool(host='groups.google.com', port=443): Max retries exceeded with url: /a/nptel.iitm.ac.in/g/noc26-cs107-announce (Caused by NameResolutionError(""HTTPSConnection(host='groups.google.com', port=443): Failed to resolve 'groups.google.com' ([Errno 11001] getaddrinfo failed)""))",http
noc26_cs108,noc26-cs108-announce,,"HTTP error: HTTPSConnectionPool(host='groups.google.com', port=443): Max retries exceeded with url: /a/nptel.iitm.ac.in/g/noc26-cs108-announce (Caused by NameResolutionError(""HTTPSConnection(host='groups.google.com', port=443): Failed to resolve 'groups.google.com' ([Errno 11001] getaddrinfo failed)""))",http
noc26_cs109,noc26-cs109-announce,,"HTTP error: HTTPSConnectionPool(host='groups.google.com', port=443): Max retries exceeded with url: /a/nptel.iitm.ac.in/g/noc26-cs109-announce (Caused by NameResolutionError(""HTTPSConnection(host='groups.google.com', port=443): Failed to resolve 'groups.google.com' ([Errno 11001] getaddrinfo failed)""))",http
noc26_cs110,noc26-cs110-announce,,"HTTP error: HTTPSConnectionPool(host='groups.google.com', port=443): Max retries exceeded with url: /a/nptel.iitm.ac.in/g/noc26-cs110-announce (Caused by NameResolutionError(""HTTPSConnection(host='groups.google.com', port=443): Failed to resolve 'groups.google.com' ([Errno 11001] getaddrinfo failed)""))",http
noc26_cs111,noc26-cs111-announce,,"HTTP error: HTTPSConnectionPool(host='groups.google.com', port=443): Max retries exceeded with url: /a/nptel.iitm.ac.in/g/noc26-cs111-announce (Caused by NameResolutionError(""HTTPSConnection(host='groups.google.com', port=443): Failed to resolve 'groups.google.com' ([Errno 11001] getaddrinfo failed)""))",http
noc26_cs112,noc26-cs112-announce,,"HTTP error: HTTPSConnectionPool(host='groups.google.com', port=443): Max retries exceeded with url: /a/nptel.iitm.ac.in/g/noc26-cs112-announce (Caused by NameResolutionError(""HTTPSConnection(host='groups.google.com', port=443): Failed to resolve 'groups.google.com' ([Errno 11001] getaddrinfo failed)""))",http
noc26_cs113,noc26-cs113-announce,,"HTTP error: HTTPSConnectionPool(host='groups.google.com', port=443): Max retries exceeded with url: /a/nptel.iitm.ac.in/g/noc26-cs113-announce (Caused by NameResolutionError(""HTTPSConnection(host='groups.google.com', port=443): Failed to resolve 'groups.google.com' ([Errno 11001] getaddrinfo failed)""))",http
noc26_cs114,noc26-cs114-announce,,"HTTP error: HTTPSConnectionPool(host='groups.google.com', port=443): Max retries exceeded with url: /a/nptel.iitm.ac.in/g/noc26-cs114-announce (Caused by NameResolutionError(""HTTPSConnection(host='groups.google.com', port=443): Failed to resolve 'groups.google.com' ([Errno 11001] getaddrinfo failed)""))",http
noc26_cs115,noc26-cs115-announce,,"HTTP error: HTTPSConnectionPool(host='groups.google.com', port=443): Max retries exceeded with url: /a/nptel.iitm.ac.in/g/noc26-cs115-announce (Caused by NameResolutionError(""HTTPSConnection(host='groups.google.com', port=443): Failed to resolve 'groups.google.com' ([Errno 11001] getaddrinfo failed)""))",http
noc26_cs116,noc26-cs116-announce,,"HTTP error: HTTPSConnectionPool(host='groups.google.com', port=443): Max retries exceeded with url: /a/nptel.iitm.ac.in/g/noc26-cs116-announce (Caused by NameResolutionError(""HTTPSConnection(host='groups.google.com', port=443): Failed to resolve 'groups.google.com' ([Errno 11001] getaddrinfo failed)""))",http
noc26_cs117,noc26-cs117-announce,,"HTTP error: HTTPSConnectionPool(host='groups.google.com', port=443): Max retries exceeded with url: /a/nptel.iitm.ac.in/g/noc26-cs117-announce (Caused by NameResolutionError(""HTTPSConnection(host='groups.google.com', port=443): Failed to resolve 'groups.google.com' ([Errno 11001] getaddrinfo failed)""))",http
noc26_cs118,noc26-cs118-announce,,"HTTP error: HTTPSConnectionPool(host='groups.google.com', port=443): Max retries exceeded with url: /a/nptel.iitm.ac.in/g/noc26-cs118-announce (Caused by NameResolutionError(""HTTPSConnection(host='groups.google.com', port=443): Failed to resolve 'groups.google.com' ([Errno 11001] getaddrinfo failed)""))",http
noc26_cs119,noc26-cs119-announce,,"HTTP error: HTTPSConnectionPool(host='groups.google.com', port=443): Max retries exceeded with url: /a/nptel.iitm.ac.in/g/noc26-cs119-announce (Caused by NameResolutionError(""HTTPSConnection(host='groups.google.com', port=443): Failed to resolve 'groups.google.com' ([Errno 11001] getaddrinfo failed)""))",http
noc26_cs120,noc26-cs120-announce,,"HTTP error: HTTPSConnectionPool(host='groups.google.com', port=443): Max retries exceeded with url: /a/nptel.iitm.ac.in/g/noc26-cs120-announce (Caused by NameResolutionError(""HTTPSConnection(host='groups.google.com', port=443): Failed to resolve 'groups.google.com' ([Errno 11001] getaddrinfo failed)""))",http
noc26_cs121,noc26-cs121-announce,,"HTTP error: HTTPSConnectionPool(host='groups.google.com', port=443): Max retries exceeded with url: /a/nptel.iitm.ac.in/g/noc26-cs121-announce (Caused by NameResolutionError(""HTTPSConnection(host='groups.google.com', port=443): Failed to resolve 'groups.google.com' ([Errno 11001] getaddrinfo failed)""))",http
noc26_cs122,noc26-cs122-announce,,"HTTP error: HTTPSConnectionPool(host='groups.google.com', port=443): Max retries exceeded with url: /a/nptel.iitm.ac.in/g/noc26-cs122-announce (Caused by NameResolutionError(""HTTPSConnection(host='groups.google.com', port=443): Failed to resolve 'groups.google.com' ([Errno 11001] getaddrinfo failed)""))",http
noc26_cs123,noc26-cs123-announce,,"HTTP error: HTTPSConnectionPool(host='groups.google.com', port=443): Max retries exceeded with url: /a/nptel.iitm.ac.in/g/noc26-cs123-announce (Caused by NameResolutionError(""HTTPSConnection(host='groups.google.com', port=443): Failed to resolve 'groups.google.com' ([Errno 11001] getaddrinfo failed)""))",http
noc26_cs124,noc26-cs124-announce,,"HTTP error: HTTPSConnectionPool(host='groups.google.com', port=443): Max retries exceeded with url: /a/nptel.iitm.ac.in/g/noc26-cs124-announce (Caused by NameResolutionError(""HTTPSConnection(host='groups.google.com', port=443): Failed to resolve 'groups.google.com' ([Errno 11001] getaddrinfo failed)""))",http
noc26_cs125,noc26-cs125-announce,,"HTTP error: HTTPSConnectionPool(host='groups.google.com', port=443): Max retries exceeded with url: /a/nptel.iitm.ac.in/g/noc26-cs125-announce (Caused by NameResolutionError(""HTTPSConnection(host='groups.google.com', port=443): Failed to resolve 'groups.google.com' ([Errno 11001] getaddrinfo failed)""))",http
noc26_cs126,noc26-cs126-announce,,"HTTP error: HTTPSConnectionPool(host='groups.google.com', port=443): Max retries exceeded with url: /a/nptel.iitm.ac.in/g/noc26-cs126-announce (Caused by NameResolutionError(""HTTPSConnection(host='groups.google.com', port=443): Failed to resolve 'groups.google.com' ([Errno 11001] getaddrinfo failed)""))",http
noc26_cs127,noc26-cs127-announce,,"HTTP error: HTTPSConnectionPool(host='groups.google.com', port=443): Max retries exceeded with url: /a/nptel.iitm.ac.in/g/noc26-cs127-announce (Caused by NameResolutionError(""HTTPSConnection(host='groups.google.com', port=443): Failed to resolve 'groups.google.com' ([Errno 11001] getaddrinfo failed)""))",http
noc26_cs128,noc26-cs128-announce,,"HTTP error: HTTPSConnectionPool(host='groups.google.com', port=443): Max retries exceeded with url: /a/nptel.iitm.ac.in/g/noc26-cs128-announce (Caused by NameResolutionError(""HTTPSConnection(host='groups.google.com', port=443): Failed to resolve 'groups.google.com' ([Errno 11001] getaddrinfo failed)""))",http
noc26_cs129,noc26-cs129-announce,,"HTTP error: HTTPSConnectionPool(host='groups.google.com', port=443): Max retries exceeded with url: /a/nptel.iitm.ac.in/g/noc26-cs129-announce (Caused by NameResolutionError(""HTTPSConnection(host='groups.google.com', port=443): Failed to resolve 'groups.google.com' ([Errno 11001] getaddrinfo failed)""))",http
noc26_cs130,noc26-cs130-announce,,"HTTP error: HTTPSConnectionPool(host='groups.google.com', port=443): Max retries exceeded with url: /a/nptel.iitm.ac.in/g/noc26-cs130-announce (Caused by NameResolutionError(""HTTPSConnection(host='groups.google.com', port=443): Failed to resolve 'groups.google.com' ([Errno 11001] getaddrinfo failed)""))",http
noc26_cs131,noc26-cs131-announce,,"HTTP error: HTTPSConnectionPool(host='groups.google.com', port=443): Max retries exceeded with url: /a/nptel.iitm.ac.in/g/noc26-cs131-announce (Caused by NameResolutionError(""HTTPSConnection(host='groups.google.com', port=443): Failed to resolve 'groups.google.com' ([Errno 11001] getaddrinfo failed)""))",http
noc26_cs132,noc26-cs132-announce,,"HTTP error: HTTPSConnectionPool(host='groups.google.com', port=443): Max retries exceeded with url: /a/nptel.iitm.ac.in/g/noc26-cs132-announce (Caused by NameResolutionError(""HTTPSConnection(host='groups.google.com', port=443): Failed to resolve 'groups.google.com' ([Errno 11001] getaddrinfo failed)""))",http
noc26_cs133,noc26-cs133-announce,,"HTTP error: HTTPSConnectionPool(host='groups.google.com', port=443): Max retries exceeded with url: /a/nptel.iitm.ac.in/g/noc26-cs133-announce (Caused by NameResolutionError(""HTTPSConnection(host='groups.google.com', port=443): Failed to resolve 'groups.google.com' ([Errno 11001] getaddrinfo failed)""))",http
noc26_cs134,noc26-cs134-announce,,"HTTP error: HTTPSConnectionPool(host='groups.google.com', port=443): Max retries exceeded with url: /a/nptel.iitm.ac.in/g/noc26-cs134-announce (Caused by NameResolutionError(""HTTPSConnection(host='groups.google.com', port=443): Failed to resolve 'groups.google.com' ([Errno 11001] getaddrinfo failed)""))",http
noc26_cs135,noc26-cs135-announce,,"HTTP error: HTTPSConnectionPool(host='groups.google.com', port=443): Max retries exceeded with url: /a/nptel.iitm.ac.in/g/noc26-cs135-announce (Caused by NameResolutionError(""HTTPSConnection(host='groups.google.com', port=443): Failed to resolve 'groups.google.com' ([Errno 11001] getaddrinfo failed)""))",http
noc26_cs136,noc26-cs136-announce,,"HTTP error: HTTPSConnectionPool(host='groups.google.com', port=443): Max retries exceeded with url: /a/nptel.iitm.ac.in/g/noc26-cs136-announce (Caused by NameResolutionError(""HTTPSConnection(host='groups.google.com', port=443): Failed to resolve 'groups.google.com' ([Errno 11001] getaddrinfo failed)""))",http
noc26_cs137,noc26-cs137-announce,,"HTTP error: HTTPSConnectionPool(host='groups.google.com', port=443): Max retries exceeded with url: /a/nptel.iitm.ac.in/g/noc26-cs137-announce (Caused by NameResolutionError(""HTTPSConnection(host='groups.google.com', port=443): Failed to resolve 'groups.google.com' ([Errno 11001] getaddrinfo failed)""))",http
noc26_cs138,noc26-cs138-announce,,"HTTP error: HTTPSConnectionPool(host='groups.google.com', port=443): Max retries exceeded with url: /a/nptel.iitm.ac.in/g/noc26-cs138-announce (Caused by NameResolutionError(""HTTPSConnection(host='groups.google.com', port=443): Failed to resolve 'groups.google.com' ([Errno 11001] getaddrinfo failed)""))",http
noc26_cs139,noc26-cs139-announce,,"HTTP error: HTTPSConnectionPool(host='groups.google.com', port=443): Max retries exceeded with url: /a/nptel.iitm.ac.in/g/noc26-cs139-announce (Caused by NameResolutionError(""HTTPSConnection(host='groups.google.com', port=443): Failed to resolve 'groups.google.com' ([Errno 11001] getaddrinfo failed)""))",http
noc26_cs140,noc26-cs140-announce,,"HTTP error: HTTPSConnectionPool(host='groups.google.com', port=443): Max retries exceeded with url: /a/nptel.iitm.ac.in/g/noc26-cs140-announce (Caused by NameResolutionError(""HTTPSConnection(host='groups.google.com', port=443): Failed to resolve 'groups.google.com' ([Errno 11001] getaddrinfo failed)""))",http
noc26_cs141,noc26-cs141-announce,,"HTTP error: HTTPSConnectionPool(host='groups.google.com', port=443): Max retries exceeded with url: /a/nptel.iitm.ac.in/g/noc26-cs141-announce (Caused by NameResolutionError(""HTTPSConnection(host='groups.google.com', port=443): Failed to resolve 'groups.google.com' ([Errno 11001] getaddrinfo failed)""))",http
noc26_cs142,noc26-cs142-announce,,"HTTP error: HTTPSConnectionPool(host='groups.google.com', port=443): Max retries exceeded with url: /a/nptel.iitm.ac.in/g/noc26-cs142-announce (Caused by NameResolutionError(""HTTPSConnection(host='groups.google.com', port=443): Failed to resolve 'groups.google.com' ([Errno 11001] getaddrinfo failed)""))",http
noc26_cs143,noc26-cs143-announce,,"HTTP error: HTTPSConnectionPool(host='groups.google.com', port=443): Max retries exceeded with url: /a/nptel.iitm.ac.in/g/noc26-cs143-announce (Caused by NameResolutionError(""HTTPSConnection(host='groups.google.com', port=443): Failed to resolve 'groups.google.com' ([Errno 11001] getaddrinfo failed)""))",http
noc26_cs144,noc26-cs144-announce,,"HTTP error: HTTPSConnectionPool(host='groups.google.com', port=443): Max retries exceeded with url: /a/nptel.iitm.ac.in/g/noc26-cs144-announce (Caused by NameResolutionError(""HTTPSConnection(host='groups.google.com', port=443): Failed to resolve 'groups.google.com' ([Errno 11001] getaddrinfo failed)""))",http
noc26_cs145,noc26-cs145-announce,,"HTTP error: HTTPSConnectionPool(host='groups.google.com', port=443): Max retries exceeded with url: /a/nptel.iitm.ac.in/g/noc26-cs145-announce (Caused by NameResolutionError(""HTTPSConnection(host='groups.google.com', port=443): Failed to resolve 'groups.google.com' ([Errno 11001] getaddrinfo failed)""))",http
noc26_cs146,noc26-cs146-announce,,"HTTP error: HTTPSConnectionPool(host='groups.google.com', port=443): Max retries exceeded with url: /a/nptel.iitm.ac.in/g/noc26-cs146-announce (Caused by NameResolutionError(""HTTPSConnection(host='groups.google.com', port=443): Failed to resolve 'groups.google.com' ([Errno 11001] getaddrinfo failed)""))",http
noc26_cs147,noc26-cs147-announce,,"HTTP error: HTTPSConnectionPool(host='groups.google.com', port=443): Max retries exceeded with url: /a/nptel.iitm.ac.in/g/noc26-cs147-announce (Caused by NameResolutionError(""HTTPSConnection(host='groups.google.com', port=443): Failed to resolve 'groups.google.com' ([Errno 11001] getaddrinfo failed)""))",http
noc26_cs148,noc26-cs148-announce,,"HTTP error: HTTPSConnectionPool(host='groups.google.com', port=443): Max retries exceeded with url: /a/nptel.iitm.ac.in/g/noc26-cs148-announce (Caused by NameResolutionError(""HTTPSConnection(host='groups.google.com', port=443): Failed to resolve 'groups.google.com' ([Errno 11001] getaddrinfo failed)""))",http
noc26_cs149,noc26-cs149-announce,,"HTTP error: HTTPSConnectionPool(host='groups.google.com', port=443): Max retries exceeded with url: /a/nptel.iitm.ac.in/g/noc26-cs149-announce (Caused by NameResolutionError(""HTTPSConnection(host='groups.google.com', port=443): Failed to resolve 'groups.google.com' ([Errno 11001] getaddrinfo failed)""))",http
noc26_cs150,noc26-cs150-announce,,"HTTP error: HTTPSConnectionPool(host='groups.google.com', port=443): Max retries exceeded with url: /a/nptel.iitm.ac.in/g/noc26-cs150-announce (Caused by NameResolutionError(""HTTPSConnection(host='groups.google.com', port=443): Failed to resolve 'groups.google.com' ([Errno 11001] getaddrinfo failed)""))",http
noc26_cs151,noc26-cs151-announce,,"HTTP error: HTTPSConnectionPool(host='groups.google.com', port=443): Max retries exceeded with url: /a/nptel.iitm.ac.in/g/noc26-cs151-announce (Caused by NameResolutionError(""HTTPSConnection(host='groups.google.com', port=443): Failed to resolve 'groups.google.com' ([Errno 11001] getaddrinfo failed)""))",http
noc26_cs152,noc26-cs152-announce,,"HTTP error: HTTPSConnectionPool(host='groups.google.com', port=443): Max retries exceeded with url: /a/nptel.iitm.ac.in/g/noc26-cs152-announce (Caused by NameResolutionError(""HTTPSConnection(host='groups.google.com', port=443): Failed to resolve 'groups.google.com' ([Errno 11001] getaddrinfo failed)""))",http
noc26_cs153,noc26-cs153-announce,,"HTTP error: HTTPSConnectionPool(host='groups.google.com', port=443): Max retries exceeded with url: /a/nptel.iitm.ac.in/g/noc26-cs153-announce (Caused by NameResolutionError(""HTTPSConnection(host='groups.google.com', port=443): Failed to resolve 'groups.google.com' ([Errno 11001] getaddrinfo failed)""))",http
noc26_cs154,noc26-cs154-announce,,"HTTP error: HTTPSConnectionPool(host='groups.google.com', port=443): Max retries exceeded with url: /a/nptel.iitm.ac.in/g/noc26-cs154-announce (Caused by NameResolutionError(""HTTPSConnection(host='groups.google.com', port=443): Failed to resolve 'groups.google.com' ([Errno 11001] getaddrinfo failed)""))",http
noc26_cs155,noc26-cs155-announce,,"HTTP error: HTTPSConnectionPool(host='groups.google.com', port=443): Max retries exceeded with url: /a/nptel.iitm.ac.in/g/noc26-cs155-announce (Caused by NameResolutionError(""HTTPSConnection(host='groups.google.com', port=443): Failed to resolve 'groups.google.com' ([Errno 11001] getaddrinfo failed)""))",http
noc26_cs156,noc26-cs156-announce,,"HTTP error: HTTPSConnectionPool(host='groups.google.com', port=443): Max retries exceeded with url: /a/nptel.iitm.ac.in/g/noc26-cs156-announce (Caused by NameResolutionError(""HTTPSConnection(host='groups.google.com', port=443): Failed to resolve 'groups.google.com' ([Errno 11001] getaddrinfo failed)""))",http
noc26_cs157,noc26-cs157-announce,,"HTTP error: HTTPSConnectionPool(host='groups.google.com', port=443): Max retries exceeded with url: /a/nptel.iitm.ac.in/g/noc26-cs157-announce (Caused by NameResolutionError(""HTTPSConnection(host='groups.google.com', port=443): Failed to resolve 'groups.google.com' ([Errno 11001] getaddrinfo failed)""))",http
noc26_cs158,noc26-cs158-announce,,"HTTP error: HTTPSConnectionPool(host='groups.google.com', port=443): Max retries exceeded with url: /a/nptel.iitm.ac.in/g/noc26-cs158-announce (Caused by NameResolutionError(""HTTPSConnection(host='groups.google.com', port=443): Failed to resolve 'groups.google.com' ([Errno 11001] getaddrinfo failed)""))",http
noc26_cs159,noc26-cs159-announce,,"HTTP error: HTTPSConnectionPool(host='groups.google.com', port=443): Max retries exceeded with url: /a/nptel.iitm.ac.in/g/noc26-cs159-announce (Caused by NameResolutionError(""HTTPSConnection(host='groups.google.com', port=443): Failed to resolve 'groups.google.com' ([Errno 11001] getaddrinfo failed)""))",http
noc26_cs160,noc26-cs160-announce,,"HTTP error: HTTPSConnectionPool(host='groups.google.com', port=443): Max retries exceeded with url: /a/nptel.iitm.ac.in/g/noc26-cs160-announce (Caused by NameResolutionError(""HTTPSConnection(host='groups.google.com', port=443): Failed to resolve 'groups.google.com' ([Errno 11001] getaddrinfo failed)""))",http
noc26_cs161,noc26-cs161-announce,,"HTTP error: HTTPSConnectionPool(host='groups.google.com', port=443): Max retries exceeded with url: /a/nptel.iitm.ac.in/g/noc26-cs161-announce (Caused by NameResolutionError(""HTTPSConnection(host='groups.google.com', port=443): Failed to resolve 'groups.google.com' ([Errno 11001] getaddrinfo failed)""))",http
noc26_cs162,noc26-cs162-announce,,"HTTP error: HTTPSConnectionPool(host='groups.google.com', port=443): Max retries exceeded with url: /a/nptel.iitm.ac.in/g/noc26-cs162-announce (Caused by NameResolutionError(""HTTPSConnection(host='groups.google.com', port=443): Failed to resolve 'groups.google.com' ([Errno 11001] getaddrinfo failed)""))",http
noc26_cs163,noc26-cs163-announce,,"HTTP error: HTTPSConnectionPool(host='groups.google.com', port=443): Max retries exceeded with url: /a/nptel.iitm.ac.in/g/noc26-cs163-announce (Caused by NameResolutionError(""HTTPSConnection(host='groups.google.com', port=443): Failed to resolve 'groups.google.com' ([Errno 11001] getaddrinfo failed)""))",http
noc26_cs164,noc26-cs164-announce,,"HTTP error: HTTPSConnectionPool(host='groups.google.com', port=443): Max retries exceeded with url: /a/nptel.iitm.ac.in/g/noc26-cs164-announce (Caused by NameResolutionError(""HTTPSConnection(host='groups.google.com', port=443): Failed to resolve 'groups.google.com' ([Errno 11001] getaddrinfo failed)""))",http
noc26_cs165,noc26-cs165-announce,,"HTTP error: HTTPSConnectionPool(host='groups.google.com', port=443): Max retries exceeded with url: /a/nptel.iitm.ac.in/g/noc26-cs165-announce (Caused by NameResolutionError(""HTTPSConnection(host='groups.google.com', port=443): Failed to resolve 'groups.google.com' ([Errno 11001] getaddrinfo failed)""))",http
noc26_cs166,noc26-cs166-announce,,"HTTP error: HTTPSConnectionPool(host='groups.google.com', port=443): Max retries exceeded with url: /a/nptel.iitm.ac.in/g/noc26-cs166-announce (Caused by NameResolutionError(""HTTPSConnection(host='groups.google.com', port=443): Failed to resolve 'groups.google.com' ([Errno 11001] getaddrinfo failed)""))",http
noc26_cs167,noc26-cs167-announce,,"HTTP error: HTTPSConnectionPool(host='groups.google.com', port=443): Max retries exceeded with url: /a/nptel.iitm.ac.in/g/noc26-cs167-announce (Caused by NameResolutionError(""HTTPSConnection(host='groups.google.com', port=443): Failed to resolve 'groups.google.com' ([Errno 11001] getaddrinfo failed)""))",http
noc26_cs168,noc26-cs168-announce,,"HTTP error: HTTPSConnectionPool(host='groups.google.com', port=443): Max retries exceeded with url: /a/nptel.iitm.ac.in/g/noc26-cs168-announce (Caused by NameResolutionError(""HTTPSConnection(host='groups.google.com', port=443): Failed to resolve 'groups.google.com' ([Errno 11001] getaddrinfo failed)""))",http
noc26_cs169,noc26-cs169-announce,,"HTTP error: HTTPSConnectionPool(host='groups.google.com', port=443): Max retries exceeded with url: /a/nptel.iitm.ac.in/g/noc26-cs169-announce (Caused by NameResolutionError(""HTTPSConnection(host='groups.google.com', port=443): Failed to resolve 'groups.google.com' ([Errno 11001] getaddrinfo failed)""))",http
noc26_cs170,noc26-cs170-announce,,"HTTP error: HTTPSConnectionPool(host='groups.google.com', port=443): Max retries exceeded with url: /a/nptel.iitm.ac.in/g/noc26-cs170-announce (Caused by NameResolutionError(""HTTPSConnection(host='groups.google.com', port=443): Failed to resolve 'groups.google.com' ([Errno 11001] getaddrinfo failed)""))",http
noc26_cs171,noc26-cs171-announce,,"HTTP error: HTTPSConnectionPool(host='groups.google.com', port=443): Max retries exceeded with url: /a/nptel.iitm.ac.in/g/noc26-cs171-announce (Caused by NameResolutionError(""HTTPSConnection(host='groups.google.com', port=443): Failed to resolve 'groups.google.com' ([Errno 11001] getaddrinfo failed)""))",http
noc26_cs172,noc26-cs172-announce,,"HTTP error: HTTPSConnectionPool(host='groups.google.com', port=443): Max retries exceeded with url: /a/nptel.iitm.ac.in/g/noc26-cs172-announce (Caused by NameResolutionError(""HTTPSConnection(host='groups.google.com', port=443): Failed to resolve 'groups.google.com' ([Errno 11001] getaddrinfo failed)""))",http
noc26_cs173,noc26-cs173-announce,,"HTTP error: HTTPSConnectionPool(host='groups.google.com', port=443): Max retries exceeded with url: /a/nptel.iitm.ac.in/g/noc26-cs173-announce (Caused by NameResolutionError(""HTTPSConnection(host='groups.google.com', port=443): Failed to resolve 'groups.google.com' ([Errno 11001] getaddrinfo failed)""))",http
noc26_cs174,noc26-cs174-announce,,"HTTP error: HTTPSConnectionPool(host='groups.google.com', port=443): Max retries exceeded with url: /a/nptel.iitm.ac.in/g/noc26-cs174-announce (Caused by NameResolutionError(""HTTPSConnection(host='groups.google.com', port=443): Failed to resolve 'groups.google.com' ([Errno 11001] getaddrinfo failed)""))",http
noc26_cs175,noc26-cs175-announce,,"HTTP error: HTTPSConnectionPool(host='groups.google.com', port=443): Max retries exceeded with url: /a/nptel.iitm.ac.in/g/noc26-cs175-announce (Caused by NameResolutionError(""HTTPSConnection(host='groups.google.com', port=443): Failed to resolve 'groups.google.com' ([Errno 11001] getaddrinfo failed)""))",http
noc26_cs176,noc26-cs176-announce,,"HTTP error: HTTPSConnectionPool(host='groups.google.com', port=443): Max retries exceeded with url: /a/nptel.iitm.ac.in/g/noc26-cs176-announce (Caused by NameResolutionError(""HTTPSConnection(host='groups.google.com', port=443): Failed to resolve 'groups.google.com' ([Errno 11001] getaddrinfo failed)""))",http
noc26_cs177,noc26-cs177-announce,,"HTTP error: HTTPSConnectionPool(host='groups.google.com', port=443): Max retries exceeded with url: /a/nptel.iitm.ac.in/g/noc26-cs177-announce (Caused by NameResolutionError(""HTTPSConnection(host='groups.google.com', port=443): Failed to resolve 'groups.google.com' ([Errno 11001] getaddrinfo failed)""))",http
noc26_cs178,noc26-cs178-announce,,"HTTP error: HTTPSConnectionPool(host='groups.google.com', port=443): Max retries exceeded with url: /a/nptel.iitm.ac.in/g/noc26-cs178-announce (Caused by NameResolutionError(""HTTPSConnection(host='groups.google.com', port=443): Failed to resolve 'groups.google.com' ([Errno 11001] getaddrinfo failed)""))",http
noc26_cs179,noc26-cs179-announce,,"HTTP error: HTTPSConnectionPool(host='groups.google.com', port=443): Max retries exceeded with url: /a/nptel.iitm.ac.in/g/noc26-cs179-announce (Caused by NameResolutionError(""HTTPSConnection(host='groups.google.com', port=443): Failed to resolve 'groups.google.com' ([Errno 11001] getaddrinfo failed)""))",http
noc26_cs180,noc26-cs180-announce,,"HTTP error: HTTPSConnectionPool(host='groups.google.com', port=443): Max retries exceeded with url: /a/nptel.iitm.ac.in/g/noc26-cs180-announce (Caused by NameResolutionError(""HTTPSConnection(host='groups.google.com', port=443): Failed to resolve 'groups.google.com' ([Errno 11001] getaddrinfo failed)""))",http
noc26_cs181,noc26-cs181-announce,,"HTTP error: HTTPSConnectionPool(host='groups.google.com', port=443): Max retries exceeded with url: /a/nptel.iitm.ac.in/g/noc26-cs181-announce (Caused by NameResolutionError(""HTTPSConnection(host='groups.google.com', port=443): Failed to resolve 'groups.google.com' ([Errno 11001] getaddrinfo failed)""))",http
noc26_cs182,noc26-cs182-announce,,"HTTP error: HTTPSConnectionPool(host='groups.google.com', port=443): Max retries exceeded with url: /a/nptel.iitm.ac.in/g/noc26-cs182-announce (Caused by NameResolutionError(""HTTPSConnection(host='groups.google.com', port=443): Failed to resolve 'groups.google.com' ([Errno 11001] getaddrinfo failed)""))",http
noc26_cs183,noc26-cs183-announce,,"HTTP error: HTTPSConnectionPool(host='groups.google.com', port=443): Max retries exceeded with url: /a/nptel.iitm.ac.in/g/noc26-cs183-announce (Caused by NameResolutionError(""HTTPSConnection(host='groups.google.com', port=443): Failed to resolve 'groups.google.com' ([Errno 11001] getaddrinfo failed)""))",http
noc26_cs184,noc26-cs184-announce,,"HTTP error: HTTPSConnectionPool(host='groups.google.com', port=443): Max retries exceeded with url: /a/nptel.iitm.ac.in/g/noc26-cs184-announce (Caused by NameResolutionError(""HTTPSConnection(host='groups.google.com', port=443): Failed to resolve 'groups.google.com' ([Errno 11001] getaddrinfo failed)""))",http
noc26_cs185,noc26-cs185-announce,,"HTTP error: HTTPSConnectionPool(host='groups.google.com', port=443): Max retries exceeded with url: /a/nptel.iitm.ac.in/g/noc26-cs185-announce (Caused by NameResolutionError(""HTTPSConnection(host='groups.google.com', port=443): Failed to resolve 'groups.google.com' ([Errno 11001] getaddrinfo failed)""))",http
noc26_cs186,noc26-cs186-announce,,"HTTP error: HTTPSConnectionPool(host='groups.google.com', port=443): Max retries exceeded with url: /a/nptel.iitm.ac.in/g/noc26-cs186-announce (Caused by NameResolutionError(""HTTPSConnection(host='groups.google.com', port=443): Failed to resolve 'groups.google.com' ([Errno 11001] getaddrinfo failed)""))",http
noc26_cs187,noc26-cs187-announce,,"HTTP error: HTTPSConnectionPool(host='groups.google.com', port=443): Max retries exceeded with url: /a/nptel.iitm.ac.in/g/noc26-cs187-announce (Caused by NameResolutionError(""HTTPSConnection(host='groups.google.com', port=443): Failed to resolve 'groups.google.com' ([Errno 11001] getaddrinfo failed)""))",http
noc26_cs188,noc26-cs188-announce,,"HTTP error: HTTPSConnectionPool(host='groups.google.com', port=443): Max retries exceeded with url: /a/nptel.iitm.ac.in/g/noc26-cs188-announce (Caused by NameResolutionError(""HTTPSConnection(host='groups.google.com', port=443): Failed to resolve 'groups.google.com' ([Errno 11001] getaddrinfo failed)""))",http
noc26_cs189,noc26-cs189-announce,,"HTTP error: HTTPSConnectionPool(host='groups.google.com', port=443): Max retries exceeded with url: /a/nptel.iitm.ac.in/g/noc26-cs189-announce (Caused by NameResolutionError(""HTTPSConnection(host='groups.google.com', port=443): Failed to resolve 'groups.google.com' ([Errno 11001] getaddrinfo failed)""))",http
noc26_cs90,noc26-cs90-announce,,"HTTP error: HTTPSConnectionPool(host='groups.google.com', port=443): Max retries exceeded with url: /a/nptel.iitm.ac.in/g/noc26-cs90-announce (Caused by NameResolutionError(""HTTPSConnection(host='groups.google.com', port=443): Failed to resolve 'groups.google.com' ([Errno 11001] getaddrinfo failed)""))",http
noc26_cs91,noc26-cs91-announce,,"HTTP error: HTTPSConnectionPool(host='groups.google.com', port=443): Max retries exceeded with url: /a/nptel.iitm.ac.in/g/noc26-cs91-announce (Caused by NameResolutionError(""HTTPSConnection(host='groups.google.com', port=443): Failed to resolve 'groups.google.com' ([Errno 11001] getaddrinfo failed)""))",http
noc26_cs92,noc26-cs92-announce,,"HTTP error: HTTPSConnectionPool(host='groups.google.com', port=443): Max retries exceeded with url: /a/nptel.iitm.ac.in/g/noc26-cs92-announce (Caused by NameResolutionError(""HTTPSConnection(host='groups.google.com', port=443): Failed to resolve 'groups.google.com' ([Errno 11001] getaddrinfo failed)""))",http
noc26_cs93,noc26-cs93-announce,,"HTTP error: HTTPSConnectionPool(host='groups.google.com', port=443): Max retries exceeded with url: /a/nptel.iitm.ac.in/g/noc26-cs93-announce (Caused by NameResolutionError(""HTTPSConnection(host='groups.google.com', port=443): Failed to resolve 'groups.google.com' ([Errno 11001] getaddrinfo failed)""))",http
noc26_cs94,noc26-cs94-announce,,"HTTP error: HTTPSConnectionPool(host='groups.google.com', port=443): Max retries exceeded with url: /a/nptel.iitm.ac.in/g/noc26-cs94-announce (Caused by NameResolutionError(""HTTPSConnection(host='groups.google.com', port=443): Failed to resolve 'groups.google.com' ([Errno 11001] getaddrinfo failed)""))",http
noc26_cs95,noc26-cs95-announce,,"HTTP error: HTTPSConnectionPool(host='groups.google.com', port=443): Max retries exceeded with url: /a/nptel.iitm.ac.in/g/noc26-cs95-announce (Caused by NameResolutionError(""HTTPSConnection(host='groups.google.com', port=443): Failed to resolve 'groups.google.com' ([Errno 11001] getaddrinfo failed)""))",http
noc26_cs96,noc26-cs96-announce,,"HTTP error: HTTPSConnectionPool(host='groups.google.com', port=443): Max retries exceeded with url: /a/nptel.iitm.ac.in/g/noc26-cs96-announce (Caused by NameResolutionError(""HTTPSConnection(host='groups.google.com', port=443): Failed to resolve 'groups.google.com' ([Errno 11001] getaddrinfo failed)""))",http
noc26_cs97,noc26-cs97-announce,,"HTTP error: HTTPSConnectionPool(host='groups.google.com', port=443): Max retries exceeded with url: /a/nptel.iitm.ac.in/g/noc26-cs97-announce (Caused by NameResolutionError(""HTTPSConnection(host='groups.google.com', port=443): Failed to resolve 'groups.google.com' ([Errno 11001] getaddrinfo failed)""))",http
noc26_cs98,noc26-cs98-announce,,"HTTP error: HTTPSConnectionPool(host='groups.google.com', port=443): Max retries exceeded with url: /a/nptel.iitm.ac.in/g/noc26-cs98-announce (Caused by NameResolutionError(""HTTPSConnection(host='groups.google.com', port=443): Failed to resolve 'groups.google.com' ([Errno 11001] getaddrinfo failed)""))",http
noc26_cs99,noc26-cs99-announce,,"HTTP error: HTTPSConnectionPool(host='groups.google.com', port=443): Max retries exceeded with url: /a/nptel.iitm.ac.in/g/noc26-cs99-announce (Caused by NameResolutionError(""HTTPSConnection(host='groups.google.com', port=443): Failed to resolve 'groups.google.com' ([Errno 11001] getaddrinfo failed)""))",http
noc26_cy41,noc26-cy41-announce,,"HTTP error: HTTPSConnectionPool(host='groups.google.com', port=443): Max retries exceeded with url: /a/nptel.iitm.ac.in/g/noc26-cy41-announce (Caused by NameResolutionError(""HTTPSConnection(host='groups.google.com', port=443): Failed to resolve 'groups.google.com' ([Errno 11001] getaddrinfo failed)""))",http
noc26_cy42,noc26-cy42-announce,,"HTTP error: HTTPSConnectionPool(host='groups.google.com', port=443): Max retries exceeded with url: /a/nptel.iitm.ac.in/g/noc26-cy42-announce (Caused by NameResolutionError(""HTTPSConnection(host='groups.google.com', port=443): Failed to resolve 'groups.google.com' ([Errno 11001] getaddrinfo failed)""))",http
noc26_cy43,noc26-cy43-announce,,"HTTP error: HTTPSConnectionPool(host='groups.google.com', port=443): Max retries exceeded with url: /a/nptel.iitm.ac.in/g/noc26-cy43-announce (Caused by NameResolutionError(""HTTPSConnection(host='groups.google.com', port=443): Failed to resolve 'groups.google.com' ([Errno 11001] getaddrinfo failed)""))",http
noc26_cy44,noc26-cy44-announce,,"HTTP error: HTTPSConnectionPool(host='groups.google.com', port=443): Max retries exceeded with url: /a/nptel.iitm.ac.in/g/noc26-cy44-announce (Caused by NameResolutionError(""HTTPSConnection(host='groups.google.com', port=443): Failed to resolve 'groups.google.com' ([Errno 11001] getaddrinfo failed)""))",http
noc26_cy45,noc26-cy45-announce,,"HTTP error: HTTPSConnectionPool(host='groups.google.com', port=443): Max retries exceeded with url: /a/nptel.iitm.ac.in/g/noc26-cy45-announce (Caused by NameResolutionError(""HTTPSConnection(host='groups.google.com', port=443): Failed to resolve 'groups.google.com' ([Errno 11001] getaddrinfo failed)""))",http
noc26_cy46,noc26-cy46-announce,,"HTTP error: HTTPSConnectionPool(host='groups.google.com', port=443): Max retries exceeded with url: /a/nptel.iitm.ac.in/g/noc26-cy46-announce (Caused by NameResolutionError(""HTTPSConnection(host='groups.google.com', port=443): Failed to resolve 'groups.google.com' ([Errno 11001] getaddrinfo failed)""))",http
noc26_cy47,noc26-cy47-announce,,"HTTP error: HTTPSConnectionPool(host='groups.google.com', port=443): Max retries exceeded with url: /a/nptel.iitm.ac.in/g/noc26-cy47-announce (Caused by NameResolutionError(""HTTPSConnection(host='groups.google.com', port=443): Failed to resolve 'groups.google.com' ([Errno 11001] getaddrinfo failed)""))",http
noc26_cy48,noc26-cy48-announce,,"HTTP error: HTTPSConnectionPool(host='groups.google.com', port=443): Max retries exceeded with url: /a/nptel.iitm.ac.in/g/noc26-cy48-announce (Caused by NameResolutionError(""HTTPSConnection(host='groups.google.com', port=443): Failed to resolve 'groups.google.com' ([Errno 11001] getaddrinfo failed)""))",http
noc26_cy49,noc26-cy49-announce,,"HTTP error: HTTPSConnectionPool(host='groups.google.com', port=443): Max retries exceeded with url: /a/nptel.iitm.ac.in/g/noc26-cy49-announce (Caused by NameResolutionError(""HTTPSConnection(host='groups.google.com', port=443): Failed to resolve 'groups.google.com' ([Errno 11001] getaddrinfo failed)""))",http
noc26_cy50,noc26-cy50-announce,,"HTTP error: HTTPSConnectionPool(host='groups.google.com', port=443): Max retries exceeded with url: /a/nptel.iitm.ac.in/g/noc26-cy50-announce (Caused by NameResolutionError(""HTTPSConnection(host='groups.google.com', port=443): Failed to resolve 'groups.google.com' ([Errno 11001] getaddrinfo failed)""))",http
noc26_cy51,noc26-cy51-announce,,"HTTP error: HTTPSConnectionPool(host='groups.google.com', port=443): Max retries exceeded with url: /a/nptel.iitm.ac.in/g/noc26-cy51-announce (Caused by NameResolutionError(""HTTPSConnection(host='groups.google.com', port=443): Failed to resolve 'groups.google.com' ([Errno 11001] getaddrinfo failed)""))",http
noc26_cy52,noc26-cy52-announce,,"HTTP error: HTTPSConnectionPool(host='groups.google.com', port=443): Max retries exceeded with url: /a/nptel.iitm.ac.in/g/noc26-cy52-announce (Caused by NameResolutionError(""HTTPSConnection(host='groups.google.com', port=443): Failed to resolve 'groups.google.com' ([Errno 11001] getaddrinfo failed)""))",http
noc26_cy53,noc26-cy53-announce,,"HTTP error: HTTPSConnectionPool(host='groups.google.com', port=443): Max retries exceeded with url: /a/nptel.iitm.ac.in/g/noc26-cy53-announce (Caused by NameResolutionError(""HTTPSConnection(host='groups.google.com', port=443): Failed to resolve 'groups.google.com' ([Errno 11001] getaddrinfo failed)""))",http
noc26_cy54,noc26-cy54-announce,,"HTTP error: HTTPSConnectionPool(host='groups.google.com', port=443): Max retries exceeded with url: /a/nptel.iitm.ac.in/g/noc26-cy54-announce (Caused by NameResolutionError(""HTTPSConnection(host='groups.google.com', port=443): Failed to resolve 'groups.google.com' ([Errno 11001] getaddrinfo failed)""))",http
noc26_cy55,noc26-cy55-announce,,"HTTP error: HTTPSConnectionPool(host='groups.google.com', port=443): Max retries exceeded with url: /a/nptel.iitm.ac.in/g/noc26-cy55-announce (Caused by NameResolutionError(""HTTPSConnection(host='groups.google.com', port=443): Failed to resolve 'groups.google.com' ([Errno 11001] getaddrinfo failed)""))",http
noc26_cy56,noc26-cy56-announce,,"HTTP error: HTTPSConnectionPool(host='groups.google.com', port=443): Max retries exceeded with url: /a/nptel.iitm.ac.in/g/noc26-cy56-announce (Caused by NameResolutionError(""HTTPSConnection(host='groups.google.com', port=443): Failed to resolve 'groups.google.com' ([Errno 11001] getaddrinfo failed)""))",http
noc26_cy57,noc26-cy57-announce,,"HTTP error: HTTPSConnectionPool(host='groups.google.com', port=443): Max retries exceeded with url: /a/nptel.iitm.ac.in/g/noc26-cy57-announce (Caused by NameResolutionError(""HTTPSConnection(host='groups.google.com', port=443): Failed to resolve 'groups.google.com' ([Errno 11001] getaddrinfo failed)""))",http
noc26_cy58,noc26-cy58-announce,,"HTTP error: HTTPSConnectionPool(host='groups.google.com', port=443): Max retries exceeded with url: /a/nptel.iitm.ac.in/g/noc26-cy58-announce (Caused by NameResolutionError(""HTTPSConnection(host='groups.google.com', port=443): Failed to resolve 'groups.google.com' ([Errno 11001] getaddrinfo failed)""))",http
noc26_cy59,noc26-cy59-announce,,"HTTP error: HTTPSConnectionPool(host='groups.google.com', port=443): Max retries exceeded with url: /a/nptel.iitm.ac.in/g/noc26-cy59-announce (Caused by NameResolutionError(""HTTPSConnection(host='groups.google.com', port=443): Failed to resolve 'groups.google.com' ([Errno 11001] getaddrinfo failed)""))",http
noc26_cy60,noc26-cy60-announce,,"HTTP error: HTTPSConnectionPool(host='groups.google.com', port=443): Max retries exceeded with url: /a/nptel.iitm.ac.in/g/noc26-cy60-announce (Caused by NameResolutionError(""HTTPSConnection(host='groups.google.com', port=443): Failed to resolve 'groups.google.com' ([Errno 11001] getaddrinfo failed)""))",http
noc26_cy61,noc26-cy61-announce,,"HTTP error: HTTPSConnectionPool(host='groups.google.com', port=443): Max retries exceeded with url: /a/nptel.iitm.ac.in/g/noc26-cy61-announce (Caused by NameResolutionError(""HTTPSConnection(host='groups.google.com', port=443): Failed to resolve 'groups.google.com' ([Errno 11001] getaddrinfo failed)""))",http
noc26_cy62,noc26-cy62-announce,,"HTTP error: HTTPSConnectionPool(host='groups.google.com', port=443): Max retries exceeded with url: /a/nptel.iitm.ac.in/g/noc26-cy62-announce (Caused by NameResolutionError(""HTTPSConnection(host='groups.google.com', port=443): Failed to resolve 'groups.google.com' ([Errno 11001] getaddrinfo failed)""))",http
noc26_cy63,noc26-cy63-announce,,"HTTP error: HTTPSConnectionPool(host='groups.google.com', port=443): Max retries exceeded with url: /a/nptel.iitm.ac.in/g/noc26-cy63-announce (Caused by NameResolutionError(""HTTPSConnection(host='groups.google.com', port=443): Failed to resolve 'groups.google.com' ([Errno 11001] getaddrinfo failed)""))",http
noc26_cy64,noc26-cy64-announce,,"HTTP error: HTTPSConnectionPool(host='groups.google.com', port=443): Max retries exceeded with url: /a/nptel.iitm.ac.in/g/noc26-cy64-announce (Caused by NameResolutionError(""HTTPSConnection(host='groups.google.com', port=443): Failed to resolve 'groups.google.com' ([Errno 11001] getaddrinfo failed)""))",http
noc26_cy65,noc26-cy65-announce,,"HTTP error: HTTPSConnectionPool(host='groups.google.com', port=443): Max retries exceeded with url: /a/nptel.iitm.ac.in/g/noc26-cy65-announce (Caused by NameResolutionError(""HTTPSConnection(host='groups.google.com', port=443): Failed to resolve 'groups.google.com' ([Errno 11001] getaddrinfo failed)""))",http
noc26_cy66,noc26-cy66-announce,,"HTTP error: HTTPSConnectionPool(host='groups.google.com', port=443): Max retries exceeded with url: /a/nptel.iitm.ac.in/g/noc26-cy66-announce (Caused by NameResolutionError(""HTTPSConnection(host='groups.google.com', port=443): Failed to resolve 'groups.google.com' ([Errno 11001] getaddrinfo failed)""))",http
noc26_cy67,noc26-cy67-announce,,"HTTP error: HTTPSConnectionPool(host='groups.google.com', port=443): Max retries exceeded with url: /a/nptel.iitm.ac.in/g/noc26-cy67-announce (Caused by NameResolutionError(""HTTPSConnection(host='groups.google.com', port=443): Failed to resolve 'groups.google.com' ([Errno 11001] getaddrinfo failed)""))",http
noc26_cy68,noc26-cy68-announce,,"HTTP error: HTTPSConnectionPool(host='groups.google.com', port=443): Max retries exceeded with url: /a/nptel.iitm.ac.in/g/noc26-cy68-announce (Caused by NameResolutionError(""HTTPSConnection(host='groups.google.com', port=443): Failed to resolve 'groups.google.com' ([Errno 11001] getaddrinfo failed)""))",http
noc26_cy69,noc26-cy69-announce,,"HTTP error: HTTPSConnectionPool(host='groups.google.com', port=443): Max retries exceeded with url: /a/nptel.iitm.ac.in/g/noc26-cy69-announce (Caused by NameResolutionError(""HTTPSConnection(host='groups.google.com', port=443): Failed to resolve 'groups.google.com' ([Errno 11001] getaddrinfo failed)""))",http
noc26_cy70,noc26-cy70-announce,,"HTTP error: HTTPSConnectionPool(host='groups.google.com', port=443): Max retries exceeded with url: /a/nptel.iitm.ac.in/g/noc26-cy70-announce (Caused by NameResolutionError(""HTTPSConnection(host='groups.google.com', port=443): Failed to resolve 'groups.google.com' ([Errno 11001] getaddrinfo failed)""))",http
noc26_cy71,noc26-cy71-announce,,"HTTP error: HTTPSConnectionPool(host='groups.google.com', port=443): Max retries exceeded with url: /a/nptel.iitm.ac.in/g/noc26-cy71-announce (Caused by NameResolutionError(""HTTPSConnection(host='groups.google.com', port=443): Failed to resolve 'groups.google.com' ([Errno 11001] getaddrinfo failed)""))",http
noc26_cy72,noc26-cy72-announce,,"HTTP error: HTTPSConnectionPool(host='groups.google.com', port=443): Max retries exceeded with url: /a/nptel.iitm.ac.in/g/noc26-cy72-announce (Caused by NameResolutionError(""HTTPSConnection(host='groups.google.com', port=443): Failed to resolve 'groups.google.com' ([Errno 11001] getaddrinfo failed)""))",http
noc26_cy73,noc26-cy73-announce,,"HTTP error: HTTPSConnectionPool(host='groups.google.com', port=443): Max retries exceeded with url: /a/nptel.iitm.ac.in/g/noc26-cy73-announce (Caused by NameResolutionError(""HTTPSConnection(host='groups.google.com', port=443): Failed to resolve 'groups.google.com' ([Errno 11001] getaddrinfo failed)""))",http
noc26_cy74,noc26-cy74-announce,,"HTTP error: HTTPSConnectionPool(host='groups.google.com', port=443): Max retries exceeded with url: /a/nptel.iitm.ac.in/g/noc26-cy74-announce (Caused by NameResolutionError(""HTTPSConnection(host='groups.google.com', port=443): Failed to resolve 'groups.google.com' ([Errno 11001] getaddrinfo failed)""))",http
noc26_cy75,noc26-cy75-announce,,"HTTP error: HTTPSConnectionPool(host='groups.google.com', port=443): Max retries exceeded with url: /a/nptel.iitm.ac.in/g/noc26-cy75-announce (Caused by NameResolutionError(""HTTPSConnection(host='groups.google.com', port=443): Failed to resolve 'groups.google.com' ([Errno 11001] getaddrinfo failed)""))",http
noc26_cy76,noc26-cy76-announce,,"HTTP error: HTTPSConnectionPool(host='groups.google.com', port=443): Max retries exceeded with url: /a/nptel.iitm.ac.in/g/noc26-cy76-announce (Caused by NameResolutionError(""HTTPSConnection(host='groups.google.com', port=443): Failed to resolve 'groups.google.com' ([Errno 11001] getaddrinfo failed)""))",http
noc26_de19,noc26-de19-announce,,"HTTP error: HTTPSConnectionPool(host='groups.google.com', port=443): Max retries exceeded with url: /a/nptel.iitm.ac.in/g/noc26-de19-announce (Caused by NameResolutionError(""HTTPSConnection(host='groups.google.com', port=443): Failed to resolve 'groups.google.com' ([Errno 11001] getaddrinfo failed)""))",http
noc26_de20,noc26-de20-announce,,"HTTP error: HTTPSConnectionPool(host='groups.google.com', port=443): Max retries exceeded with url: /a/nptel.iitm.ac.in/g/noc26-de20-announce (Caused by NameResolutionError(""HTTPSConnection(host='groups.google.com', port=443): Failed to resolve 'groups.google.com' ([Errno 11001] getaddrinfo failed)""))",http
noc26_de21,noc26-de21-announce,,"HTTP error: HTTPSConnectionPool(host='groups.google.com', port=443): Max retries exceeded with url: /a/nptel.iitm.ac.in/g/noc26-de21-announce (Caused by NameResolutionError(""HTTPSConnection(host='groups.google.com', port=443): Failed to resolve 'groups.google.com' ([Errno 11001] getaddrinfo failed)""))",http
noc26_de22,noc26-de22-announce,,"HTTP error: HTTPSConnectionPool(host='groups.google.com', port=443): Max retries exceeded with url: /a/nptel.iitm.ac.in/g/noc26-de22-announce (Caused by NameResolutionError(""HTTPSConnection(host='groups.google.com', port=443): Failed to resolve 'groups.google.com' ([Errno 11001] getaddrinfo failed)""))",http
noc26_de23,noc26-de23-announce,,"HTTP error: HTTPSConnectionPool(host='groups.google.com', port=443): Max retries exceeded with url: /a/nptel.iitm.ac.in/g/noc26-de23-announce (Caused by NameResolutionError(""HTTPSConnection(host='groups.google.com', port=443): Failed to resolve 'groups.google.com' ([Errno 11001] getaddrinfo failed)""))",http
noc26_de24,noc26-de24-announce,,"HTTP error: HTTPSConnectionPool(host='groups.google.com', port=443): Max retries exceeded with url: /a/nptel.iitm.ac.in/g/noc26-de24-announce (Caused by NameResolutionError(""HTTPSConnection(host='groups.google.com', port=443): Failed to resolve 'groups.google.com' ([Errno 11001] getaddrinfo failed)""))",http
noc26_de25,noc26-de25-announce,,"HTTP error: HTTPSConnectionPool(host='groups.google.com', port=443): Max retries exceeded with url: /a/nptel.iitm.ac.in/g/noc26-de25-announce (Caused by NameResolutionError(""HTTPSConnection(host='groups.google.com', port=443): Failed to resolve 'groups.google.com' ([Errno 11001] getaddrinfo failed)""))",http
noc26_de26,noc26-de26-announce,,"HTTP error: HTTPSConnectionPool(host='groups.google.com', port=443): Max retries exceeded with url: /a/nptel.iitm.ac.in/g/noc26-de26-announce (Caused by NameResolutionError(""HTTPSConnection(host='groups.google.com', port=443): Failed to resolve 'groups.google.com' ([Errno 11001] getaddrinfo failed)""))",http
noc26_de27,noc26-de27-announce,,"HTTP error: HTTPSConnectionPool(host='groups.google.com', port=443): Max retries exceeded with url: /a/nptel.iitm.ac.in/g/noc26-de27-announce (Caused by NameResolutionError(""HTTPSConnection(host='groups.google.com', port=443): Failed to resolve 'groups.google.com' ([Errno 11001] getaddrinfo failed)""))",http
noc26_de28,noc26-de28-announce,,"HTTP error: HTTPSConnectionPool(host='groups.google.com', port=443): Max retries exceeded with url: /a/nptel.iitm.ac.in/g/noc26-de28-announce (Caused by NameResolutionError(""HTTPSConnection(host='groups.google.com', port=443): Failed to resolve 'groups.google.com' ([Errno 11001] getaddrinfo failed)""))",http
noc26_de29,noc26-de29-announce,,"HTTP error: HTTPSConnectionPool(host='groups.google.com', port=443): Max retries exceeded with url: /a/nptel.iitm.ac.in/g/noc26-de29-announce (Caused by NameResolutionError(""HTTPSConnection(host='groups.google.com', port=443): Failed to resolve 'groups.google.com' ([Errno 11001] getaddrinfo failed)""))",http
noc26_de30,noc26-de30-announce,,"HTTP error: HTTPSConnectionPool(host='groups.google.com', port=443): Max retries exceeded with url: /a/nptel.iitm.ac.in/g/noc26-de30-announce (Caused by NameResolutionError(""HTTPSConnection(host='groups.google.com', port=443): Failed to resolve 'groups.google.com' ([Errno 11001] getaddrinfo failed)""))",http
noc26_de31,noc26-de31-announce,,"HTTP error: HTTPSConnectionPool(host='groups.google.com', port=443): Max retries exceeded with url: /a/nptel.iitm.ac.in/g/noc26-de31-announce (Caused by NameResolutionError(""HTTPSConnection(host='groups.google.com', port=443): Failed to resolve 'groups.google.com' ([Errno 11001] getaddrinfo failed)""))",http
noc26_ec11,noc26-ec11-announce,,"HTTP error: HTTPSConnectionPool(host='groups.google.com', port=443): Max retries exceeded with url: /a/nptel.iitm.ac.in/g/noc26-ec11-announce (Caused by NameResolutionError(""HTTPSConnection(host='groups.google.com', port=443): Failed to resolve 'groups.google.com' ([Errno 11001] getaddrinfo failed)""))",http
noc26_ec12,noc26-ec12-announce,,"HTTP error: HTTPSConnectionPool(host='groups.google.com', port=443): Max retries exceeded with url: /a/nptel.iitm.ac.in/g/noc26-ec12-announce (Caused by NameResolutionError(""HTTPSConnection(host='groups.google.com', port=443): Failed to resolve 'groups.google.com' ([Errno 11001] getaddrinfo failed)""))",http
noc26_ec13,noc26-ec13-announce,,"HTTP error: HTTPSConnectionPool(host='groups.google.com', port=443): Max retries exceeded with url: /a/nptel.iitm.ac.in/g/noc26-ec13-announce (Caused by NameResolutionError(""HTTPSConnection(host='groups.google.com', port=443): Failed to resolve 'groups.google.com' ([Errno 11001] getaddrinfo failed)""))",http
noc26_ec14,noc26-ec14-announce,,"HTTP error: HTTPSConnectionPool(host='groups.google.com', port=443): Max retries exceeded with url: /a/nptel.iitm.ac.in/g/noc26-ec14-announce (Caused by NameResolutionError(""HTTPSConnection(host='groups.google.com', port=443): Failed to resolve 'groups.google.com' ([Errno 11001] getaddrinfo failed)""))",http
noc26_ec15,noc26-ec15-announce,,"HTTP error: HTTPSConnectionPool(host='groups.google.com', port=443): Max retries exceeded with url: /a/nptel.iitm.ac.in/g/noc26-ec15-announce (Caused by NameResolutionError(""HTTPSConnection(host='groups.google.com', port=443): Failed to resolve 'groups.google.com' ([Errno 11001] getaddrinfo failed)""))",http
noc26_ec16,noc26-ec16-announce,,"HTTP error: HTTPSConnectionPool(host='groups.google.com', port=443): Max retries exceeded with url: /a/nptel.iitm.ac.in/g/noc26-ec16-announce (Caused by NameResolutionError(""HTTPSConnection(host='groups.google.com', port=443): Failed to resolve 'groups.google.com' ([Errno 11001] getaddrinfo failed)""))",http
noc26_ec17,noc26-ec17-announce,,"HTTP error: HTTPSConnectionPool(host='groups.google.com', port=443): Max retries exceeded with url: /a/nptel.iitm.ac.in/g/noc26-ec17-announce (Caused by NameResolutionError(""HTTPSConnection(host='groups.google.com', port=443): Failed to resolve 'groups.google.com' ([Errno 11001] getaddrinfo failed)""))",http
noc26_ec18,noc26-ec18-announce,,"HTTP error: HTTPSConnectionPool(host='groups.google.com', port=443): Max retries exceeded with url: /a/nptel.iitm.ac.in/g/noc26-ec18-announce (Caused by NameResolutionError(""HTTPSConnection(host='groups.google.com', port=443): Failed to resolve 'groups.google.com' ([Errno 11001] getaddrinfo failed)""))",http
noc26_ec19,noc26-ec19-announce,,"HTTP error: HTTPSConnectionPool(host='groups.google.com', port=443): Max retries exceeded with url: /a/nptel.iitm.ac.in/g/noc26-ec19-announce (Caused by NameResolutionError(""HTTPSConnection(host='groups.google.com', port=443): Failed to resolve 'groups.google.com' ([Errno 11001] getaddrinfo failed)""))",http
noc26_ec20,noc26-ec20-announce,,"HTTP error: HTTPSConnectionPool(host='groups.google.com', port=443): Max retries exceeded with url: /a/nptel.iitm.ac.in/g/noc26-ec20-announce (Caused by NameResolutionError(""HTTPSConnection(host='groups.google.com', port=443): Failed to resolve 'groups.google.com' ([Errno 11001] getaddrinfo failed)""))",http
noc26_ec21,noc26-ec21-announce,,"HTTP error: HTTPSConnectionPool(host='groups.google.com', port=443): Max retries exceeded with url: /a/nptel.iitm.ac.in/g/noc26-ec21-announce (Caused by NameResolutionError(""HTTPSConnection(host='groups.google.com', port=443): Failed to resolve 'groups.google.com' ([Errno 11001] getaddrinfo failed)""))",http
noc26_ec22,noc26-ec22-announce,,"HTTP error: HTTPSConnectionPool(host='groups.google.com', port=443): Max retries exceeded with url: /a/nptel.iitm.ac.in/g/noc26-ec22-announce (Caused by NameResolutionError(""HTTPSConnection(host='groups.google.com', port=443): Failed to resolve 'groups.google.com' ([Errno 11001] getaddrinfo failed)""))",http
noc26_ec23,noc26-ec23-announce,,"HTTP error: HTTPSConnectionPool(host='groups.google.com', port=443): Max retries exceeded with url: /a/nptel.iitm.ac.in/g/noc26-ec23-announce (Caused by NameResolutionError(""HTTPSConnection(host='groups.google.com', port=443): Failed to resolve 'groups.google.com' ([Errno 11001] getaddrinfo failed)""))",http
noc26_ee100,noc26-ee100-announce,,"HTTP error: HTTPSConnectionPool(host='groups.google.com', port=443): Max retries exceeded with url: /a/nptel.iitm.ac.in/g/noc26-ee100-announce (Caused by NameResolutionError(""HTTPSConnection(host='groups.google.com', port=443): Failed to resolve 'groups.google.com' ([Errno 11001] getaddrinfo failed)""))",http
noc26_ee101,noc26-ee101-announce,,"HTTP error: HTTPSConnectionPool(host='groups.google.com', port=443): Max retries exceeded with url: /a/nptel.iitm.ac.in/g/noc26-ee101-announce (Caused by NameResolutionError(""HTTPSConnection(host='groups.google.com', port=443): Failed to resolve 'groups.google.com' ([Errno 11001] getaddrinfo failed)""))",http
noc26_ee102,noc26-ee102-announce,,"HTTP error: HTTPSConnectionPool(host='groups.google.com', port=443): Max retries exceeded with url: /a/nptel.iitm.ac.in/g/noc26-ee102-announce (Caused by NameResolutionError(""HTTPSConnection(host='groups.google.com', port=443): Failed to resolve 'groups.google.com' ([Errno 11001] getaddrinfo failed)""))",http
noc26_ee103,noc26-ee103-announce,,"HTTP error: HTTPSConnectionPool(host='groups.google.com', port=443): Max retries exceeded with url: /a/nptel.iitm.ac.in/g/noc26-ee103-announce (Caused by NameResolutionError(""HTTPSConnection(host='groups.google.com', port=443): Failed to resolve 'groups.google.com' ([Errno 11001] getaddrinfo failed)""))",http
noc26_ee104,noc26-ee104-announce,,"HTTP error: HTTPSConnectionPool(host='groups.google.com', port=443): Max retries exceeded with url: /a/nptel.iitm.ac.in/g/noc26-ee104-announce (Caused by NameResolutionError(""HTTPSConnection(host='groups.google.com', port=443): Failed to resolve 'groups.google.com' ([Errno 11001] getaddrinfo failed)""))",http
noc26_ee105,noc26-ee105-announce,,"HTTP error: HTTPSConnectionPool(host='groups.google.com', port=443): Max retries exceeded with url: /a/nptel.iitm.ac.in/g/noc26-ee105-announce (Caused by NameResolutionError(""HTTPSConnection(host='groups.google.com', port=443): Failed to resolve 'groups.google.com' ([Errno 11001] getaddrinfo failed)""))",http
noc26_ee106,noc26-ee106-announce,,"HTTP error: HTTPSConnectionPool(host='groups.google.com', port=443): Max retries exceeded with url: /a/nptel.iitm.ac.in/g/noc26-ee106-announce (Caused by NameResolutionError(""HTTPSConnection(host='groups.google.com', port=443): Failed to resolve 'groups.google.com' ([Errno 11001] getaddrinfo failed)""))",http
noc26_ee107,noc26-ee107-announce,,"HTTP error: HTTPSConnectionPool(host='groups.google.com', port=443): Max retries exceeded with url: /a/nptel.iitm.ac.in/g/noc26-ee107-announce (Caused by NameResolutionError(""HTTPSConnection(host='groups.google.com', port=443): Failed to resolve 'groups.google.com' ([Errno 11001] getaddrinfo failed)""))",http
noc26_ee108,noc26-ee108-announce,,"HTTP error: HTTPSConnectionPool(host='groups.google.com', port=443): Max retries exceeded with url: /a/nptel.iitm.ac.in/g/noc26-ee108-announce (Caused by NameResolutionError(""HTTPSConnection(host='groups.google.com', port=443): Failed to resolve 'groups.google.com' ([Errno 11001] getaddrinfo failed)""))",http
noc26_ee109,noc26-ee109-announce,,"HTTP error: HTTPSConnectionPool(host='groups.google.com', port=443): Max retries exceeded with url: /a/nptel.iitm.ac.in/g/noc26-ee109-announce (Caused by NameResolutionError(""HTTPSConnection(host='groups.google.com', port=443): Failed to resolve 'groups.google.com' ([Errno 11001] getaddrinfo failed)""))",http
noc26_ee110,noc26-ee110-announce,,"HTTP error: HTTPSConnectionPool(host='groups.google.com', port=443): Max retries exceeded with url: /a/nptel.iitm.ac.in/g/noc26-ee110-announce (Caused by NameResolutionError(""HTTPSConnection(host='groups.google.com', port=443): Failed to resolve 'groups.google.com' ([Errno 11001] getaddrinfo failed)""))",http
noc26_ee111,noc26-ee111-announce,,"HTTP error: HTTPSConnectionPool(host='groups.google.com', port=443): Max retries exceeded with url: /a/nptel.iitm.ac.in/g/noc26-ee111-announce (Caused by NameResolutionError(""HTTPSConnection(host='groups.google.com', port=443): Failed to resolve 'groups.google.com' ([Errno 11001] getaddrinfo failed)""))",http
noc26_ee112,noc26-ee112-announce,,"HTTP error: HTTPSConnectionPool(host='groups.google.com', port=443): Max retries exceeded with url: /a/nptel.iitm.ac.in/g/noc26-ee112-announce (Caused by NameResolutionError(""HTTPSConnection(host='groups.google.com', port=443): Failed to resolve 'groups.google.com' ([Errno 11001] getaddrinfo failed)""))",http
noc26_ee113,noc26-ee113-announce,,"HTTP error: HTTPSConnectionPool(host='groups.google.com', port=443): Max retries exceeded with url: /a/nptel.iitm.ac.in/g/noc26-ee113-announce (Caused by NameResolutionError(""HTTPSConnection(host='groups.google.com', port=443): Failed to resolve 'groups.google.com' ([Errno 11001] getaddrinfo failed)""))",http
noc26_ee114,noc26-ee114-announce,,"HTTP error: HTTPSConnectionPool(host='groups.google.com', port=443): Max retries exceeded with url: /a/nptel.iitm.ac.in/g/noc26-ee114-announce (Caused by NameResolutionError(""HTTPSConnection(host='groups.google.com', port=443): Failed to resolve 'groups.google.com' ([Errno 11001] getaddrinfo failed)""))",http
noc26_ee115,noc26-ee115-announce,,"HTTP error: HTTPSConnectionPool(host='groups.google.com', port=443): Max retries exceeded with url: /a/nptel.iitm.ac.in/g/noc26-ee115-announce (Caused by NameResolutionError(""HTTPSConnection(host='groups.google.com', port=443): Failed to resolve 'groups.google.com' ([Errno 11001] getaddrinfo failed)""))",http
noc26_ee116,noc26-ee116-announce,,"HTTP error: HTTPSConnectionPool(host='groups.google.com', port=443): Max retries exceeded with url: /a/nptel.iitm.ac.in/g/noc26-ee116-announce (Caused by NameResolutionError(""HTTPSConnection(host='groups.google.com', port=443): Failed to resolve 'groups.google.com' ([Errno 11001] getaddrinfo failed)""))",http
noc26_ee117,noc26-ee117-announce,,"HTTP error: HTTPSConnectionPool(host='groups.google.com', port=443): Max retries exceeded with url: /a/nptel.iitm.ac.in/g/noc26-ee117-announce (Caused by NameResolutionError(""HTTPSConnection(host='groups.google.com', port=443): Failed to resolve 'groups.google.com' ([Errno 11001] getaddrinfo failed)""))",http
noc26_ee118,noc26-ee118-announce,,"HTTP error: HTTPSConnectionPool(host='groups.google.com', port=443): Max retries exceeded with url: /a/nptel.iitm.ac.in/g/noc26-ee118-announce (Caused by NameResolutionError(""HTTPSConnection(host='groups.google.com', port=443): Failed to resolve 'groups.google.com' ([Errno 11001] getaddrinfo failed)""))",http
noc26_ee119,noc26-ee119-announce,,"HTTP error: HTTPSConnectionPool(host='groups.google.com', port=443): Max retries exceeded with url: /a/nptel.iitm.ac.in/g/noc26-ee119-announce (Caused by NameResolutionError(""HTTPSConnection(host='groups.google.com', port=443): Failed to resolve 'groups.google.com' ([Errno 11001] getaddrinfo failed)""))",http
noc26_ee120,noc26-ee120-announce,,"HTTP error: HTTPSConnectionPool(host='groups.google.com', port=443): Max retries exceeded with url: /a/nptel.iitm.ac.in/g/noc26-ee120-announce (Caused by NameResolutionError(""HTTPSConnection(host='groups.google.com', port=443): Failed to resolve 'groups.google.com' ([Errno 11001] getaddrinfo failed)""))",http
noc26_ee121,noc26-ee121-announce,,"HTTP error: HTTPSConnectionPool(host='groups.google.com', port=443): Max retries exceeded with url: /a/nptel.iitm.ac.in/g/noc26-ee121-announce (Caused by NameResolutionError(""HTTPSConnection(host='groups.google.com', port=443): Failed to resolve 'groups.google.com' ([Errno 11001] getaddrinfo failed)""))",http
noc26_ee122,noc26-ee122-announce,,"HTTP error: HTTPSConnectionPool(host='groups.google.com', port=443): Max retries exceeded with url: /a/nptel.iitm.ac.in/g/noc26-ee122-announce (Caused by NameResolutionError(""HTTPSConnection(host='groups.google.com', port=443): Failed to resolve 'groups.google.com' ([Errno 11001] getaddrinfo failed)""))",http
noc26_ee123,noc26-ee123-announce,,"HTTP error: HTTPSConnectionPool(host='groups.google.com', port=443): Max retries exceeded with url: /a/nptel.iitm.ac.in/g/noc26-ee123-announce (Caused by NameResolutionError(""HTTPSConnection(host='groups.google.com', port=443): Failed to resolve 'groups.google.com' ([Errno 11001] getaddrinfo failed)""))",http
noc26_ee124,noc26-ee124-announce,,"HTTP error: HTTPSConnectionPool(host='groups.google.com', port=443): Max retries exceeded with url: /a/nptel.iitm.ac.in/g/noc26-ee124-announce (Caused by NameResolutionError(""HTTPSConnection(host='groups.google.com', port=443): Failed to resolve 'groups.google.com' ([Errno 11001] getaddrinfo failed)""))",http
noc26_ee125,noc26-ee125-announce,,"HTTP error: HTTPSConnectionPool(host='groups.google.com', port=443): Max retries exceeded with url: /a/nptel.iitm.ac.in/g/noc26-ee125-announce (Caused by NameResolutionError(""HTTPSConnection(host='groups.google.com', port=443): Failed to resolve 'groups.google.com' ([Errno 11001] getaddrinfo failed)""))",http
noc26_ee126,noc26-ee126-announce,,"HTTP error: HTTPSConnectionPool(host='groups.google.com', port=443): Max retries exceeded with url: /a/nptel.iitm.ac.in/g/noc26-ee126-announce (Caused by NameResolutionError(""HTTPSConnection(host='groups.google.com', port=443): Failed to resolve 'groups.google.com' ([Errno 11001] getaddrinfo failed)""))",http
noc26_ee127,noc26-ee127-announce,,"HTTP error: HTTPSConnectionPool(host='groups.google.com', port=443): Max retries exceeded with url: /a/nptel.iitm.ac.in/g/noc26-ee127-announce (Caused by NameResolutionError(""HTTPSConnection(host='groups.google.com', port=443): Failed to resolve 'groups.google.com' ([Errno 11001] getaddrinfo failed)""))",http
noc26_ee128,noc26-ee128-announce,,"HTTP error: HTTPSConnectionPool(host='groups.google.com', port=443): Max retries exceeded with url: /a/nptel.iitm.ac.in/g/noc26-ee128-announce (Caused by NameResolutionError(""HTTPSConnection(host='groups.google.com', port=443): Failed to resolve 'groups.google.com' ([Errno 11001] getaddrinfo failed)""))",http
noc26_ee129,noc26-ee129-announce,,"HTTP error: HTTPSConnectionPool(host='groups.google.com', port=443): Max retries exceeded with url: /a/nptel.iitm.ac.in/g/noc26-ee129-announce (Caused by NameResolutionError(""HTTPSConnection(host='groups.google.com', port=443): Failed to resolve 'groups.google.com' ([Errno 11001] getaddrinfo failed)""))",http
noc26_ee130,noc26-ee130-announce,,"HTTP error: HTTPSConnectionPool(host='groups.google.com', port=443): Max retries exceeded with url: /a/nptel.iitm.ac.in/g/noc26-ee130-announce (Caused by NameResolutionError(""HTTPSConnection(host='groups.google.com', port=443): Failed to resolve 'groups.google.com' ([Errno 11001] getaddrinfo failed)""))",http
noc26_ee131,noc26-ee131-announce,,"HTTP error: HTTPSConnectionPool(host='groups.google.com', port=443): Max retries exceeded with url: /a/nptel.iitm.ac.in/g/noc26-ee131-announce (Caused by NameResolutionError(""HTTPSConnection(host='groups.google.com', port=443): Failed to resolve 'groups.google.com' ([Errno 11001] getaddrinfo failed)""))",http
noc26_ee132,noc26-ee132-announce,,"HTTP error: HTTPSConnectionPool(host='groups.google.com', port=443): Max retries exceeded with url: /a/nptel.iitm.ac.in/g/noc26-ee132-announce (Caused by NameResolutionError(""HTTPSConnection(host='groups.google.com', port=443): Failed to resolve 'groups.google.com' ([Errno 11001] getaddrinfo failed)""))",http
noc26_ee133,noc26-ee133-announce,,"HTTP error: HTTPSConnectionPool(host='groups.google.com', port=443): Max retries exceeded with url: /a/nptel.iitm.ac.in/g/noc26-ee133-announce (Caused by NameResolutionError(""HTTPSConnection(host='groups.google.com', port=443): Failed to resolve 'groups.google.com' ([Errno 11001] getaddrinfo failed)""))",http
noc26_ee134,noc26-ee134-announce,,"HTTP error: HTTPSConnectionPool(host='groups.google.com', port=443): Max retries exceeded with url: /a/nptel.iitm.ac.in/g/noc26-ee134-announce (Caused by NameResolutionError(""HTTPSConnection(host='groups.google.com', port=443): Failed to resolve 'groups.google.com' ([Errno 11001] getaddrinfo failed)""))",http
noc26_ee135,noc26-ee135-announce,,"HTTP error: HTTPSConnectionPool(host='groups.google.com', port=443): Max retries exceeded with url: /a/nptel.iitm.ac.in/g/noc26-ee135-announce (Caused by NameResolutionError(""HTTPSConnection(host='groups.google.com', port=443): Failed to resolve 'groups.google.com' ([Errno 11001] getaddrinfo failed)""))",http
noc26_ee137,noc26-ee137-announce,,"HTTP error: HTTPSConnectionPool(host='groups.google.com', port=443): Max retries exceeded with url: /a/nptel.iitm.ac.in/g/noc26-ee137-announce (Caused by NameResolutionError(""HTTPSConnection(host='groups.google.com', port=443): Failed to resolve 'groups.google.com' ([Errno 11001] getaddrinfo failed)""))",http
noc26_ee138,noc26-ee138-announce,,"HTTP error: HTTPSConnectionPool(host='groups.google.com', port=443): Max retries exceeded with url: /a/nptel.iitm.ac.in/g/noc26-ee138-announce (Caused by NameResolutionError(""HTTPSConnection(host='groups.google.com', port=443): Failed to resolve 'groups.google.com' ([Errno 11001] getaddrinfo failed)""))",http
noc26_ee139,noc26-ee139-announce,,"HTTP error: HTTPSConnectionPool(host='groups.google.com', port=443): Max retries exceeded with url: /a/nptel.iitm.ac.in/g/noc26-ee139-announce (Caused by NameResolutionError(""HTTPSConnection(host='groups.google.com', port=443): Failed to resolve 'groups.google.com' ([Errno 11001] getaddrinfo failed)""))",http
noc26_ee140,noc26-ee140-announce,,"HTTP error: HTTPSConnectionPool(host='groups.google.com', port=443): Max retries exceeded with url: /a/nptel.iitm.ac.in/g/noc26-ee140-announce (Caused by NameResolutionError(""HTTPSConnection(host='groups.google.com', port=443): Failed to resolve 'groups.google.com' ([Errno 11001] getaddrinfo failed)""))",http
noc26_ee141,noc26-ee141-announce,,"HTTP error: HTTPSConnectionPool(host='groups.google.com', port=443): Max retries exceeded with url: /a/nptel.iitm.ac.in/g/noc26-ee141-announce (Caused by NameResolutionError(""HTTPSConnection(host='groups.google.com', port=443): Failed to resolve 'groups.google.com' ([Errno 11001] getaddrinfo failed)""))",http
noc26_ee142,noc26-ee142-announce,,"HTTP error: HTTPSConnectionPool(host='groups.google.com', port=443): Max retries exceeded with url: /a/nptel.iitm.ac.in/g/noc26-ee142-announce (Caused by NameResolutionError(""HTTPSConnection(host='groups.google.com', port=443): Failed to resolve 'groups.google.com' ([Errno 11001] getaddrinfo failed)""))",http
noc26_ee143,noc26-ee143-announce,,"HTTP error: HTTPSConnectionPool(host='groups.google.com', port=443): Max retries exceeded with url: /a/nptel.iitm.ac.in/g/noc26-ee143-announce (Caused by NameResolutionError(""HTTPSConnection(host='groups.google.com', port=443): Failed to resolve 'groups.google.com' ([Errno 11001] getaddrinfo failed)""))",http
noc26_ee144,noc26-ee144-announce,,"HTTP error: HTTPSConnectionPool(host='groups.google.com', port=443): Max retries exceeded with url: /a/nptel.iitm.ac.in/g/noc26-ee144-announce (Caused by NameResolutionError(""HTTPSConnection(host='groups.google.com', port=443): Failed to resolve 'groups.google.com' ([Errno 11001] getaddrinfo failed)""))",http
noc26_ee145,noc26-ee145-announce,,"HTTP error: HTTPSConnectionPool(host='groups.google.com', port=443): Max retries exceeded with url: /a/nptel.iitm.ac.in/g/noc26-ee145-announce (Caused by NameResolutionError(""HTTPSConnection(host='groups.google.com', port=443): Failed to resolve 'groups.google.com' ([Errno 11001] getaddrinfo failed)""))",http
noc26_ee146,noc26-ee146-announce,,"HTTP error: HTTPSConnectionPool(host='groups.google.com', port=443): Max retries exceeded with url: /a/nptel.iitm.ac.in/g/noc26-ee146-announce (Caused by NameResolutionError(""HTTPSConnection(host='groups.google.com', port=443): Failed to resolve 'groups.google.com' ([Errno 11001] getaddrinfo failed)""))",http
noc26_ee147,noc26-ee147-announce,,"HTTP error: HTTPSConnectionPool(host='groups.google.com', port=443): Max retries exceeded with url: /a/nptel.iitm.ac.in/g/noc26-ee147-announce (Caused by NameResolutionError(""HTTPSConnection(host='groups.google.com', port=443): Failed to resolve 'groups.google.com' ([Errno 11001] getaddrinfo failed)""))",http
noc26_ee148,noc26-ee148-announce,,"HTTP error: HTTPSConnectionPool(host='groups.google.com', port=443): Max retries exceeded with url: /a/nptel.iitm.ac.in/g/noc26-ee148-announce (Caused by NameResolutionError(""HTTPSConnection(host='groups.google.com', port=443): Failed to resolve 'groups.google.com' ([Errno 11001] getaddrinfo failed)""))",http
noc26_ee149,noc26-ee149-announce,,"HTTP error: HTTPSConnectionPool(host='groups.google.com', port=443): Max retries exceeded with url: /a/nptel.iitm.ac.in/g/noc26-ee149-announce (Caused by NameResolutionError(""HTTPSConnection(host='groups.google.com', port=443): Failed to resolve 'groups.google.com' ([Errno 11001] getaddrinfo failed)""))",http
noc26_ee150,noc26-ee150-announce,,"HTTP error: HTTPSConnectionPool(host='groups.google.com', port=443): Max retries exceeded with url: /a/nptel.iitm.ac.in/g/noc26-ee150-announce (Caused by NameResolutionError(""HTTPSConnection(host='groups.google.com', port=443): Failed to resolve 'groups.google.com' ([Errno 11001] getaddrinfo failed)""))",http
noc26_ee151,noc26-ee151-announce,,"HTTP error: HTTPSConnectionPool(host='groups.google.com', port=443): Max retries exceeded with url: /a/nptel.iitm.ac.in/g/noc26-ee151-announce (Caused by NameResolutionError(""HTTPSConnection(host='groups.google.com', port=443): Failed to resolve 'groups.google.com' ([Errno 11001] getaddrinfo failed)""))",http
noc26_ee152,noc26-ee152-announce,,"HTTP error: HTTPSConnectionPool(host='groups.google.com', port=443): Max retries exceeded with url: /a/nptel.iitm.ac.in/g/noc26-ee152-announce (Caused by NameResolutionError(""HTTPSConnection(host='groups.google.com', port=443): Failed to resolve 'groups.google.com' ([Errno 11001] getaddrinfo failed)""))",http
noc26_ee153,noc26-ee153-announce,,"HTTP error: HTTPSConnectionPool(host='groups.google.com', port=443): Max retries exceeded with url: /a/nptel.iitm.ac.in/g/noc26-ee153-announce (Caused by NameResolutionError(""HTTPSConnection(host='groups.google.com', port=443): Failed to resolve 'groups.google.com' ([Errno 11001] getaddrinfo failed)""))",http
noc26_ee154,noc26-ee154-announce,,"HTTP error: HTTPSConnectionPool(host='groups.google.com', port=443): Max retries exceeded with url: /a/nptel.iitm.ac.in/g/noc26-ee154-announce (Caused by NameResolutionError(""HTTPSConnection(host='groups.google.com', port=443): Failed to resolve 'groups.google.com' ([Errno 11001] getaddrinfo failed)""))",http
noc26_ee155,noc26-ee155-announce,,"HTTP error: HTTPSConnectionPool(host='groups.google.com', port=443): Max retries exceeded with url: /a/nptel.iitm.ac.in/g/noc26-ee155-announce (Caused by NameResolutionError(""HTTPSConnection(host='groups.google.com', port=443): Failed to resolve 'groups.google.com' ([Errno 11001] getaddrinfo failed)""))",http
noc26_ee156,noc26-ee156-announce,,"HTTP error: HTTPSConnectionPool(host='groups.google.com', port=443): Max retries exceeded with url: /a/nptel.iitm.ac.in/g/noc26-ee156-announce (Caused by NameResolutionError(""HTTPSConnection(host='groups.google.com', port=443): Failed to resolve 'groups.google.com' ([Errno 11001] getaddrinfo failed)""))",http
noc26_ee157,noc26-ee157-announce,,"HTTP error: HTTPSConnectionPool(host='groups.google.com', port=443): Max retries exceeded with url: /a/nptel.iitm.ac.in/g/noc26-ee157-announce (Caused by NameResolutionError(""HTTPSConnection(host='groups.google.com', port=443): Failed to resolve 'groups.google.com' ([Errno 11001] getaddrinfo failed)""))",http
noc26_ee158,noc26-ee158-announce,,"HTTP error: HTTPSConnectionPool(host='groups.google.com', port=443): Max retries exceeded with url: /a/nptel.iitm.ac.in/g/noc26-ee158-announce (Caused by NameResolutionError(""HTTPSConnection(host='groups.google.com', port=443): Failed to resolve 'groups.google.com' ([Errno 11001] getaddrinfo failed)""))",http
noc26_ee159,noc26-ee159-announce,,"HTTP error: HTTPSConnectionPool(host='groups.google.com', port=443): Max retries exceeded with url: /a/nptel.iitm.ac.in/g/noc26-ee159-announce (Caused by NameResolutionError(""HTTPSConnection(host='groups.google.com', port=443): Failed to resolve 'groups.google.com' ([Errno 11001] getaddrinfo failed)""))",http
noc26_ee160,noc26-ee160-announce,,"HTTP error: HTTPSConnectionPool(host='groups.google.com', port=443): Max retries exceeded with url: /a/nptel.iitm.ac.in/g/noc26-ee160-announce (Caused by NameResolutionError(""HTTPSConnection(host='groups.google.com', port=443): Failed to resolve 'groups.google.com' ([Errno 11001] getaddrinfo failed)""))",http
noc26_ee161,noc26-ee161-announce,,"HTTP error: HTTPSConnectionPool(host='groups.google.com', port=443): Max retries exceeded with url: /a/nptel.iitm.ac.in/g/noc26-ee161-announce (Caused by NameResolutionError(""HTTPSConnection(host='groups.google.com', port=443): Failed to resolve 'groups.google.com' ([Errno 11001] getaddrinfo failed)""))",http
noc26_ee162,noc26-ee162-announce,,"HTTP error: HTTPSConnectionPool(host='groups.google.com', port=443): Max retries exceeded with url: /a/nptel.iitm.ac.in/g/noc26-ee162-announce (Caused by NameResolutionError(""HTTPSConnection(host='groups.google.com', port=443): Failed to resolve 'groups.google.com' ([Errno 11001] getaddrinfo failed)""))",http
noc26_ee163,noc26-ee163-announce,,"HTTP error: HTTPSConnectionPool(host='groups.google.com', port=443): Max retries exceeded with url: /a/nptel.iitm.ac.in/g/noc26-ee163-announce (Caused by NameResolutionError(""HTTPSConnection(host='groups.google.com', port=443): Failed to resolve 'groups.google.com' ([Errno 11001] getaddrinfo failed)""))",http
noc26_ee164,noc26-ee164-announce,,"HTTP error: HTTPSConnectionPool(host='groups.google.com', port=443): Max retries exceeded with url: /a/nptel.iitm.ac.in/g/noc26-ee164-announce (Caused by NameResolutionError(""HTTPSConnection(host='groups.google.com', port=443): Failed to resolve 'groups.google.com' ([Errno 11001] getaddrinfo failed)""))",http
noc26_ee165,noc26-ee165-announce,,"HTTP error: HTTPSConnectionPool(host='groups.google.com', port=443): Max retries exceeded with url: /a/nptel.iitm.ac.in/g/noc26-ee165-announce (Caused by NameResolutionError(""HTTPSConnection(host='groups.google.com', port=443): Failed to resolve 'groups.google.com' ([Errno 11001] getaddrinfo failed)""))",http
noc26_ee166,noc26-ee166-announce,,"HTTP error: HTTPSConnectionPool(host='groups.google.com', port=443): Max retries exceeded with url: /a/nptel.iitm.ac.in/g/noc26-ee166-announce (Caused by NameResolutionError(""HTTPSConnection(host='groups.google.com', port=443): Failed to resolve 'groups.google.com' ([Errno 11001] getaddrinfo failed)""))",http
noc26_ee167,noc26-ee167-announce,,"HTTP error: HTTPSConnectionPool(host='groups.google.com', port=443): Max retries exceeded with url: /a/nptel.iitm.ac.in/g/noc26-ee167-announce (Caused by NameResolutionError(""HTTPSConnection(host='groups.google.com', port=443): Failed to resolve 'groups.google.com' ([Errno 11001] getaddrinfo failed)""))",http
noc26_ee168,noc26-ee168-announce,,"HTTP error: HTTPSConnectionPool(host='groups.google.com', port=443): Max retries exceeded with url: /a/nptel.iitm.ac.in/g/noc26-ee168-announce (Caused by NameResolutionError(""HTTPSConnection(host='groups.google.com', port=443): Failed to resolve 'groups.google.com' ([Errno 11001] getaddrinfo failed)""))",http
noc26_ee169,noc26-ee169-announce,,"HTTP error: HTTPSConnectionPool(host='groups.google.com', port=443): Max retries exceeded with url: /a/nptel.iitm.ac.in/g/noc26-ee169-announce (Caused by NameResolutionError(""HTTPSConnection(host='groups.google.com', port=443): Failed to resolve 'groups.google.com' ([Errno 11001] getaddrinfo failed)""))",http
noc26_ee170,noc26-ee170-announce,,"HTTP error: HTTPSConnectionPool(host='groups.google.com', port=443): Max retries exceeded with url: /a/nptel.iitm.ac.in/g/noc26-ee170-announce (Caused by NameResolutionError(""HTTPSConnection(host='groups.google.com', port=443): Failed to resolve 'groups.google.com' ([Errno 11001] getaddrinfo failed)""))",http
noc26_ee171,noc26-ee171-announce,,"HTTP error: HTTPSConnectionPool(host='groups.google.com', port=443): Max retries exceeded with url: /a/nptel.iitm.ac.in/g/noc26-ee171-announce (Caused by NameResolutionError(""HTTPSConnection(host='groups.google.com', port=443): Failed to resolve 'groups.google.com' ([Errno 11001] getaddrinfo failed)""))",http
noc26_ee172,noc26-ee172-announce,,"HTTP error: HTTPSConnectionPool(host='groups.google.com', port=443): Max retries exceeded with url: /a/nptel.iitm.ac.in/g/noc26-ee172-announce (Caused by NameResolutionError(""HTTPSConnection(host='groups.google.com', port=443): Failed to resolve 'groups.google.com' ([Errno 11001] getaddrinfo failed)""))",http
noc26_ee173,noc26-ee173-announce,,"HTTP error: HTTPSConnectionPool(host='groups.google.com', port=443): Max retries exceeded with url: /a/nptel.iitm.ac.in/g/noc26-ee173-announce (Caused by NameResolutionError(""HTTPSConnection(host='groups.google.com', port=443): Failed to resolve 'groups.google.com' ([Errno 11001] getaddrinfo failed)""))",http
noc26_ee174,noc26-ee174-announce,,"HTTP error: HTTPSConnectionPool(host='groups.google.com', port=443): Max retries exceeded with url: /a/nptel.iitm.ac.in/g/noc26-ee174-announce (Caused by NameResolutionError(""HTTPSConnection(host='groups.google.com', port=443): Failed to resolve 'groups.google.com' ([Errno 11001] getaddrinfo failed)""))",http
noc26_ee175,noc26-ee175-announce,,"HTTP error: HTTPSConnectionPool(host='groups.google.com', port=443): Max retries exceeded with url: /a/nptel.iitm.ac.in/g/noc26-ee175-announce (Caused by NameResolutionError(""HTTPSConnection(host='groups.google.com', port=443): Failed to resolve 'groups.google.com' ([Errno 11001] getaddrinfo failed)""))",http
noc26_ee176,noc26-ee176-announce,,"HTTP error: HTTPSConnectionPool(host='groups.google.com', port=443): Max retries exceeded with url: /a/nptel.iitm.ac.in/g/noc26-ee176-announce (Caused by NameResolutionError(""HTTPSConnection(host='groups.google.com', port=443): Failed to resolve 'groups.google.com' ([Errno 11001] getaddrinfo failed)""))",http
noc26_ee177,noc26-ee177-announce,,"HTTP error: HTTPSConnectionPool(host='groups.google.com', port=443): Max retries exceeded with url: /a/nptel.iitm.ac.in/g/noc26-ee177-announce (Caused by NameResolutionError(""HTTPSConnection(host='groups.google.com', port=443): Failed to resolve 'groups.google.com' ([Errno 11001] getaddrinfo failed)""))",http
noc26_ee178,noc26-ee178-announce,,"HTTP error: HTTPSConnectionPool(host='groups.google.com', port=443): Max retries exceeded with url: /a/nptel.iitm.ac.in/g/noc26-ee178-announce (Caused by NameResolutionError(""HTTPSConnection(host='groups.google.com', port=443): Failed to resolve 'groups.google.com' ([Errno 11001] getaddrinfo failed)""))",http
noc26_ee179,noc26-ee179-announce,,"HTTP error: HTTPSConnectionPool(host='groups.google.com', port=443): Max retries exceeded with url: /a/nptel.iitm.ac.in/g/noc26-ee179-announce (Caused by NameResolutionError(""HTTPSConnection(host='groups.google.com', port=443): Failed to resolve 'groups.google.com' ([Errno 11001] getaddrinfo failed)""))",http
noc26_ee180,noc26-ee180-announce,,"HTTP error: HTTPSConnectionPool(host='groups.google.com', port=443): Max retries exceeded with url: /a/nptel.iitm.ac.in/g/noc26-ee180-announce (Caused by NameResolutionError(""HTTPSConnection(host='groups.google.com', port=443): Failed to resolve 'groups.google.com' ([Errno 11001] getaddrinfo failed)""))",http
noc26_ee181,noc26-ee181-announce,,"HTTP error: HTTPSConnectionPool(host='groups.google.com', port=443): Max retries exceeded with url: /a/nptel.iitm.ac.in/g/noc26-ee181-announce (Caused by NameResolutionError(""HTTPSConnection(host='groups.google.com', port=443): Failed to resolve 'groups.google.com' ([Errno 11001] getaddrinfo failed)""))",http
noc26_ee182,noc26-ee182-announce,,"HTTP error: HTTPSConnectionPool(host='groups.google.com', port=443): Max retries exceeded with url: /a/nptel.iitm.ac.in/g/noc26-ee182-announce (Caused by NameResolutionError(""HTTPSConnection(host='groups.google.com', port=443): Failed to resolve 'groups.google.com' ([Errno 11001] getaddrinfo failed)""))",http
noc26_ee183,noc26-ee183-announce,,"HTTP error: HTTPSConnectionPool(host='groups.google.com', port=443): Max retries exceeded with url: /a/nptel.iitm.ac.in/g/noc26-ee183-announce (Caused by NameResolutionError(""HTTPSConnection(host='groups.google.com', port=443): Failed to resolve 'groups.google.com' ([Errno 11001] getaddrinfo failed)""))",http
noc26_ee184,noc26-ee184-announce,,"HTTP error: HTTPSConnectionPool(host='groups.google.com', port=443): Max retries exceeded with url: /a/nptel.iitm.ac.in/g/noc26-ee184-announce (Caused by NameResolutionError(""HTTPSConnection(host='groups.google.com', port=443): Failed to resolve 'groups.google.com' ([Errno 11001] getaddrinfo failed)""))",http
noc26_ee185,noc26-ee185-announce,,"HTTP error: HTTPSConnectionPool(host='groups.google.com', port=443): Max retries exceeded with url: /a/nptel.iitm.ac.in/g/noc26-ee185-announce (Caused by NameResolutionError(""HTTPSConnection(host='groups.google.com', port=443): Failed to resolve 'groups.google.com' ([Errno 11001] getaddrinfo failed)""))",http
noc26_ee186,noc26-ee186-announce,,"HTTP error: HTTPSConnectionPool(host='groups.google.com', port=443): Max retries exceeded with url: /a/nptel.iitm.ac.in/g/noc26-ee186-announce (Caused by NameResolutionError(""HTTPSConnection(host='groups.google.com', port=443): Failed to resolve 'groups.google.com' ([Errno 11001] getaddrinfo failed)""))",http
noc26_ee187,noc26-ee187-announce,,"HTTP error: HTTPSConnectionPool(host='groups.google.com', port=443): Max retries exceeded with url: /a/nptel.iitm.ac.in/g/noc26-ee187-announce (Caused by NameResolutionError(""HTTPSConnection(host='groups.google.com', port=443): Failed to resolve 'groups.google.com' ([Errno 11001] getaddrinfo failed)""))",http
noc26_ee188,noc26-ee188-announce,,"HTTP error: HTTPSConnectionPool(host='groups.google.com', port=443): Max retries exceeded with url: /a/nptel.iitm.ac.in/g/noc26-ee188-announce (Caused by NameResolutionError(""HTTPSConnection(host='groups.google.com', port=443): Failed to resolve 'groups.google.com' ([Errno 11001] getaddrinfo failed)""))",http
noc26_ee189,noc26-ee189-announce,,"HTTP error: HTTPSConnectionPool(host='groups.google.com', port=443): Max retries exceeded with url: /a/nptel.iitm.ac.in/g/noc26-ee189-announce (Caused by NameResolutionError(""HTTPSConnection(host='groups.google.com', port=443): Failed to resolve 'groups.google.com' ([Errno 11001] getaddrinfo failed)""))",http
noc26_ee190,noc26-ee190-announce,,"HTTP error: HTTPSConnectionPool(host='groups.google.com', port=443): Max retries exceeded with url: /a/nptel.iitm.ac.in/g/noc26-ee190-announce (Caused by NameResolutionError(""HTTPSConnection(host='groups.google.com', port=443): Failed to resolve 'groups.google.com' ([Errno 11001] getaddrinfo failed)""))",http
noc26_ee191,noc26-ee191-announce,,"HTTP error: HTTPSConnectionPool(host='groups.google.com', port=443): Max retries exceeded with url: /a/nptel.iitm.ac.in/g/noc26-ee191-announce (Caused by NameResolutionError(""HTTPSConnection(host='groups.google.com', port=443): Failed to resolve 'groups.google.com' ([Errno 11001] getaddrinfo failed)""))",http
noc26_ee192,noc26-ee192-announce,,"HTTP error: HTTPSConnectionPool(host='groups.google.com', port=443): Max retries exceeded with url: /a/nptel.iitm.ac.in/g/noc26-ee192-announce (Caused by NameResolutionError(""HTTPSConnection(host='groups.google.com', port=443): Failed to resolve 'groups.google.com' ([Errno 11001] getaddrinfo failed)""))",http
noc26_ee193,noc26-ee193-announce,,"HTTP error: HTTPSConnectionPool(host='groups.google.com', port=443): Max retries exceeded with url: /a/nptel.iitm.ac.in/g/noc26-ee193-announce (Caused by NameResolutionError(""HTTPSConnection(host='groups.google.com', port=443): Failed to resolve 'groups.google.com' ([Errno 11001] getaddrinfo failed)""))",http
noc26_ee194,noc26-ee194-announce,,"HTTP error: HTTPSConnectionPool(host='groups.google.com', port=443): Max retries exceeded with url: /a/nptel.iitm.ac.in/g/noc26-ee194-announce (Caused by NameResolutionError(""HTTPSConnection(host='groups.google.com', port=443): Failed to resolve 'groups.google.com' ([Errno 11001] getaddrinfo failed)""))",http
noc26_ee195,noc26-ee195-announce,,"HTTP error: HTTPSConnectionPool(host='groups.google.com', port=443): Max retries exceeded with url: /a/nptel.iitm.ac.in/g/noc26-ee195-announce (Caused by NameResolutionError(""HTTPSConnection(host='groups.google.com', port=443): Failed to resolve 'groups.google.com' ([Errno 11001] getaddrinfo failed)""))",http
noc26_ee197,noc26-ee197-announce,,"HTTP error: HTTPSConnectionPool(host='groups.google.com', port=443): Max retries exceeded with url: /a/nptel.iitm.ac.in/g/noc26-ee197-announce (Caused by NameResolutionError(""HTTPSConnection(host='groups.google.com', port=443): Failed to resolve 'groups.google.com' ([Errno 11001] getaddrinfo failed)""))",http
noc26_ee198,noc26-ee198-announce,,"HTTP error: HTTPSConnectionPool(host='groups.google.com', port=443): Max retries exceeded with url: /a/nptel.iitm.ac.in/g/noc26-ee198-announce (Caused by NameResolutionError(""HTTPSConnection(host='groups.google.com', port=443): Failed to resolve 'groups.google.com' ([Errno 11001] getaddrinfo failed)""))",http
noc26_ee199,noc26-ee199-announce,,"HTTP error: HTTPSConnectionPool(host='groups.google.com', port=443): Max retries exceeded with url: /a/nptel.iitm.ac.in/g/noc26-ee199-announce (Caused by NameResolutionError(""HTTPSConnection(host='groups.google.com', port=443): Failed to resolve 'groups.google.com' ([Errno 11001] getaddrinfo failed)""))",http
noc26_ee200,noc26-ee200-announce,,"HTTP error: HTTPSConnectionPool(host='groups.google.com', port=443): Max retries exceeded with url: /a/nptel.iitm.ac.in/g/noc26-ee200-announce (Caused by NameResolutionError(""HTTPSConnection(host='groups.google.com', port=443): Failed to resolve 'groups.google.com' ([Errno 11001] getaddrinfo failed)""))",http
noc26_ee201,noc26-ee201-announce,,"HTTP error: HTTPSConnectionPool(host='groups.google.com', port=443): Max retries exceeded with url: /a/nptel.iitm.ac.in/g/noc26-ee201-announce (Caused by NameResolutionError(""HTTPSConnection(host='groups.google.com', port=443): Failed to resolve 'groups.google.com' ([Errno 11001] getaddrinfo failed)""))",http
noc26_ee202,noc26-ee202-announce,,"HTTP error: HTTPSConnectionPool(host='groups.google.com', port=443): Max retries exceeded with url: /a/nptel.iitm.ac.in/g/noc26-ee202-announce (Caused by NameResolutionError(""HTTPSConnection(host='groups.google.com', port=443): Failed to resolve 'groups.google.com' ([Errno 11001] getaddrinfo failed)""))",http
noc26_ee93,noc26-ee93-announce,,"HTTP error: HTTPSConnectionPool(host='groups.google.com', port=443): Max retries exceeded with url: /a/nptel.iitm.ac.in/g/noc26-ee93-announce (Caused by NameResolutionError(""HTTPSConnection(host='groups.google.com', port=443): Failed to resolve 'groups.google.com' ([Errno 11001] getaddrinfo failed)""))",http
noc26_ee94,noc26-ee94-announce,,"HTTP error: HTTPSConnectionPool(host='groups.google.com', port=443): Max retries exceeded with url: /a/nptel.iitm.ac.in/g/noc26-ee94-announce (Caused by NameResolutionError(""HTTPSConnection(host='groups.google.com', port=443): Failed to resolve 'groups.google.com' ([Errno 11001] getaddrinfo failed)""))",http
noc26_ee95,noc26-ee95-announce,,"HTTP error: HTTPSConnectionPool(host='groups.google.com', port=443): Max retries exceeded with url: /a/nptel.iitm.ac.in/g/noc26-ee95-announce (Caused by NameResolutionError(""HTTPSConnection(host='groups.google.com', port=443): Failed to resolve 'groups.google.com' ([Errno 11001] getaddrinfo failed)""))",http
noc26_ee96,noc26-ee96-announce,,"HTTP error: HTTPSConnectionPool(host='groups.google.com', port=443): Max retries exceeded with url: /a/nptel.iitm.ac.in/g/noc26-ee96-announce (Caused by NameResolutionError(""HTTPSConnection(host='groups.google.com', port=443): Failed to resolve 'groups.google.com' ([Errno 11001] getaddrinfo failed)""))",http
noc26_ee97,noc26-ee97-announce,,"HTTP error: HTTPSConnectionPool(host='groups.google.com', port=443): Max retries exceeded with url: /a/nptel.iitm.ac.in/g/noc26-ee97-announce (Caused by NameResolutionError(""HTTPSConnection(host='groups.google.com', port=443): Failed to resolve 'groups.google.com' ([Errno 11001] getaddrinfo failed)""))",http
noc26_ee98,noc26-ee98-announce,,"HTTP error: HTTPSConnectionPool(host='groups.google.com', port=443): Max retries exceeded with url: /a/nptel.iitm.ac.in/g/noc26-ee98-announce (Caused by NameResolutionError(""HTTPSConnection(host='groups.google.com', port=443): Failed to resolve 'groups.google.com' ([Errno 11001] getaddrinfo failed)""))",http
noc26_ee99,noc26-ee99-announce,,"HTTP error: HTTPSConnectionPool(host='groups.google.com', port=443): Max retries exceeded with url: /a/nptel.iitm.ac.in/g/noc26-ee99-announce (Caused by NameResolutionError(""HTTPSConnection(host='groups.google.com', port=443): Failed to resolve 'groups.google.com' ([Errno 11001] getaddrinfo failed)""))",http
noc26_ge100,noc26-ge100-announce,,"HTTP error: HTTPSConnectionPool(host='groups.google.com', port=443): Max retries exceeded with url: /a/nptel.iitm.ac.in/g/noc26-ge100-announce (Caused by NameResolutionError(""HTTPSConnection(host='groups.google.com', port=443): Failed to resolve 'groups.google.com' ([Errno 11001] getaddrinfo failed)""))",http
noc26_ge101,noc26-ge101-announce,,"HTTP error: HTTPSConnectionPool(host='groups.google.com', port=443): Max retries exceeded with url: /a/nptel.iitm.ac.in/g/noc26-ge101-announce (Caused by NameResolutionError(""HTTPSConnection(host='groups.google.com', port=443): Failed to resolve 'groups.google.com' ([Errno 11001] getaddrinfo failed)""))",http
noc26_ge102,noc26-ge102-announce,,"HTTP error: HTTPSConnectionPool(host='groups.google.com', port=443): Max retries exceeded with url: /a/nptel.iitm.ac.in/g/noc26-ge102-announce (Caused by NameResolutionError(""HTTPSConnection(host='groups.google.com', port=443): Failed to resolve 'groups.google.com' ([Errno 11001] getaddrinfo failed)""))",http
noc26_ge103,noc26-ge103-announce,,"HTTP error: HTTPSConnectionPool(host='groups.google.com', port=443): Max retries exceeded with url: /a/nptel.iitm.ac.in/g/noc26-ge103-announce (Caused by NameResolutionError(""HTTPSConnection(host='groups.google.com', port=443): Failed to resolve 'groups.google.com' ([Errno 11001] getaddrinfo failed)""))",http
noc26_ge104,noc26-ge104-announce,,"HTTP error: HTTPSConnectionPool(host='groups.google.com', port=443): Max retries exceeded with url: /a/nptel.iitm.ac.in/g/noc26-ge104-announce (Caused by NameResolutionError(""HTTPSConnection(host='groups.google.com', port=443): Failed to resolve 'groups.google.com' ([Errno 11001] getaddrinfo failed)""))",http
noc26_ge105,noc26-ge105-announce,,"HTTP error: HTTPSConnectionPool(host='groups.google.com', port=443): Max retries exceeded with url: /a/nptel.iitm.ac.in/g/noc26-ge105-announce (Caused by NameResolutionError(""HTTPSConnection(host='groups.google.com', port=443): Failed to resolve 'groups.google.com' ([Errno 11001] getaddrinfo failed)""))",http
noc26_ge106,noc26-ge106-announce,,"HTTP error: HTTPSConnectionPool(host='groups.google.com', port=443): Max retries exceeded with url: /a/nptel.iitm.ac.in/g/noc26-ge106-announce (Caused by NameResolutionError(""HTTPSConnection(host='groups.google.com', port=443): Failed to resolve 'groups.google.com' ([Errno 11001] getaddrinfo failed)""))",http
noc26_ge47,noc26-ge47-announce,,"HTTP error: HTTPSConnectionPool(host='groups.google.com', port=443): Max retries exceeded with url: /a/nptel.iitm.ac.in/g/noc26-ge47-announce (Caused by NameResolutionError(""HTTPSConnection(host='groups.google.com', port=443): Failed to resolve 'groups.google.com' ([Errno 11001] getaddrinfo failed)""))",http
noc26_ge48,noc26-ge48-announce,,"HTTP error: HTTPSConnectionPool(host='groups.google.com', port=443): Max retries exceeded with url: /a/nptel.iitm.ac.in/g/noc26-ge48-announce (Caused by NameResolutionError(""HTTPSConnection(host='groups.google.com', port=443): Failed to resolve 'groups.google.com' ([Errno 11001] getaddrinfo failed)""))",http
noc26_ge49,noc26-ge49-announce,,"HTTP error: HTTPSConnectionPool(host='groups.google.com', port=443): Max retries exceeded with url: /a/nptel.iitm.ac.in/g/noc26-ge49-announce (Caused by NameResolutionError(""HTTPSConnection(host='groups.google.com', port=443): Failed to resolve 'groups.google.com' ([Errno 11001] getaddrinfo failed)""))",http
noc26_ge50,noc26-ge50-announce,,"HTTP error: HTTPSConnectionPool(host='groups.google.com', port=443): Max retries exceeded with url: /a/nptel.iitm.ac.in/g/noc26-ge50-announce (Caused by NameResolutionError(""HTTPSConnection(host='groups.google.com', port=443): Failed to resolve 'groups.google.com' ([Errno 11001] getaddrinfo failed)""))",http
noc26_ge55,noc26-ge55-announce,,"HTTP error: HTTPSConnectionPool(host='groups.google.com', port=443): Max retries exceeded with url: /a/nptel.iitm.ac.in/g/noc26-ge55-announce (Caused by NameResolutionError(""HTTPSConnection(host='groups.google.com', port=443): Failed to resolve 'groups.google.com' ([Errno 11001] getaddrinfo failed)""))",http
noc26_ge57,noc26-ge57-announce,,"HTTP error: HTTPSConnectionPool(host='groups.google.com', port=443): Max retries exceeded with url: /a/nptel.iitm.ac.in/g/noc26-ge57-announce (Caused by NameResolutionError(""HTTPSConnection(host='groups.google.com', port=443): Failed to resolve 'groups.google.com' ([Errno 11001] getaddrinfo failed)""))",http
noc26_ge58,noc26-ge58-announce,,"HTTP error: HTTPSConnectionPool(host='groups.google.com', port=443): Max retries exceeded with url: /a/nptel.iitm.ac.in/g/noc26-ge58-announce (Caused by NameResolutionError(""HTTPSConnection(host='groups.google.com', port=443): Failed to resolve 'groups.google.com' ([Errno 11001] getaddrinfo failed)""))",http
noc26_ge59,noc26-ge59-announce,,"HTTP error: HTTPSConnectionPool(host='groups.google.com', port=443): Max retries exceeded with url: /a/nptel.iitm.ac.in/g/noc26-ge59-announce (Caused by NameResolutionError(""HTTPSConnection(host='groups.google.com', port=443): Failed to resolve 'groups.google.com' ([Errno 11001] getaddrinfo failed)""))",http
noc26_ge60,noc26-ge60-announce,,"HTTP error: HTTPSConnectionPool(host='groups.google.com', port=443): Max retries exceeded with url: /a/nptel.iitm.ac.in/g/noc26-ge60-announce (Caused by NameResolutionError(""HTTPSConnection(host='groups.google.com', port=443): Failed to resolve 'groups.google.com' ([Errno 11001] getaddrinfo failed)""))",http
noc26_ge61,noc26-ge61-announce,,"HTTP error: HTTPSConnectionPool(host='groups.google.com', port=443): Max retries exceeded with url: /a/nptel.iitm.ac.in/g/noc26-ge61-announce (Caused by NameResolutionError(""HTTPSConnection(host='groups.google.com', port=443): Failed to resolve 'groups.google.com' ([Errno 11001] getaddrinfo failed)""))",http
noc26_ge62,noc26-ge62-announce,,"HTTP error: HTTPSConnectionPool(host='groups.google.com', port=443): Max retries exceeded with url: /a/nptel.iitm.ac.in/g/noc26-ge62-announce (Caused by NameResolutionError(""HTTPSConnection(host='groups.google.com', port=443): Failed to resolve 'groups.google.com' ([Errno 11001] getaddrinfo failed)""))",http
noc26_ge63,noc26-ge63-announce,,"HTTP error: HTTPSConnectionPool(host='groups.google.com', port=443): Max retries exceeded with url: /a/nptel.iitm.ac.in/g/noc26-ge63-announce (Caused by NameResolutionError(""HTTPSConnection(host='groups.google.com', port=443): Failed to resolve 'groups.google.com' ([Errno 11001] getaddrinfo failed)""))",http
noc26_ge64,noc26-ge64-announce,,"HTTP error: HTTPSConnectionPool(host='groups.google.com', port=443): Max retries exceeded with url: /a/nptel.iitm.ac.in/g/noc26-ge64-announce (Caused by NameResolutionError(""HTTPSConnection(host='groups.google.com', port=443): Failed to resolve 'groups.google.com' ([Errno 11001] getaddrinfo failed)""))",http
noc26_ge65,noc26-ge65-announce,,"HTTP error: HTTPSConnectionPool(host='groups.google.com', port=443): Max retries exceeded with url: /a/nptel.iitm.ac.in/g/noc26-ge65-announce (Caused by NameResolutionError(""HTTPSConnection(host='groups.google.com', port=443): Failed to resolve 'groups.google.com' ([Errno 11001] getaddrinfo failed)""))",http
noc26_ge66,noc26-ge66-announce,,"HTTP error: HTTPSConnectionPool(host='groups.google.com', port=443): Max retries exceeded with url: /a/nptel.iitm.ac.in/g/noc26-ge66-announce (Caused by NameResolutionError(""HTTPSConnection(host='groups.google.com', port=443): Failed to resolve 'groups.google.com' ([Errno 11001] getaddrinfo failed)""))",http
noc26_ge67,noc26-ge67-announce,,"HTTP error: HTTPSConnectionPool(host='groups.google.com', port=443): Max retries exceeded with url: /a/nptel.iitm.ac.in/g/noc26-ge67-announce (Caused by NameResolutionError(""HTTPSConnection(host='groups.google.com', port=443): Failed to resolve 'groups.google.com' ([Errno 11001] getaddrinfo failed)""))",http
noc26_ge68,noc26-ge68-announce,,"HTTP error: HTTPSConnectionPool(host='groups.google.com', port=443): Max retries exceeded with url: /a/nptel.iitm.ac.in/g/noc26-ge68-announce (Caused by NameResolutionError(""HTTPSConnection(host='groups.google.com', port=443): Failed to resolve 'groups.google.com' ([Errno 11001] getaddrinfo failed)""))",http
noc26_ge69,noc26-ge69-announce,,"HTTP error: HTTPSConnectionPool(host='groups.google.com', port=443): Max retries exceeded with url: /a/nptel.iitm.ac.in/g/noc26-ge69-announce (Caused by NameResolutionError(""HTTPSConnection(host='groups.google.com', port=443): Failed to resolve 'groups.google.com' ([Errno 11001] getaddrinfo failed)""))",http
noc26_ge70,noc26-ge70-announce,,"HTTP error: HTTPSConnectionPool(host='groups.google.com', port=443): Max retries exceeded with url: /a/nptel.iitm.ac.in/g/noc26-ge70-announce (Caused by NameResolutionError(""HTTPSConnection(host='groups.google.com', port=443): Failed to resolve 'groups.google.com' ([Errno 11001] getaddrinfo failed)""))",http
noc26_ge71,noc26-ge71-announce,,"HTTP error: HTTPSConnectionPool(host='groups.google.com', port=443): Max retries exceeded with url: /a/nptel.iitm.ac.in/g/noc26-ge71-announce (Caused by NameResolutionError(""HTTPSConnection(host='groups.google.com', port=443): Failed to resolve 'groups.google.com' ([Errno 11001] getaddrinfo failed)""))",http
noc26_ge72,noc26-ge72-announce,,"HTTP error: HTTPSConnectionPool(host='groups.google.com', port=443): Max retries exceeded with url: /a/nptel.iitm.ac.in/g/noc26-ge72-announce (Caused by NameResolutionError(""HTTPSConnection(host='groups.google.com', port=443): Failed to resolve 'groups.google.com' ([Errno 11001] getaddrinfo failed)""))",http
noc26_ge73,noc26-ge73-announce,,"HTTP error: HTTPSConnectionPool(host='groups.google.com', port=443): Max retries exceeded with url: /a/nptel.iitm.ac.in/g/noc26-ge73-announce (Caused by NameResolutionError(""HTTPSConnection(host='groups.google.com', port=443): Failed to resolve 'groups.google.com' ([Errno 11001] getaddrinfo failed)""))",http
noc26_ge74,noc26-ge74-announce,,"HTTP error: HTTPSConnectionPool(host='groups.google.com', port=443): Max retries exceeded with url: /a/nptel.iitm.ac.in/g/noc26-ge74-announce (Caused by NameResolutionError(""HTTPSConnection(host='groups.google.com', port=443): Failed to resolve 'groups.google.com' ([Errno 11001] getaddrinfo failed)""))",http
noc26_ge75,noc26-ge75-announce,,"HTTP error: HTTPSConnectionPool(host='groups.google.com', port=443): Max retries exceeded with url: /a/nptel.iitm.ac.in/g/noc26-ge75-announce (Caused by NameResolutionError(""HTTPSConnection(host='groups.google.com', port=443): Failed to resolve 'groups.google.com' ([Errno 11001] getaddrinfo failed)""))",http
noc26_ge76,noc26-ge76-announce,,"HTTP error: HTTPSConnectionPool(host='groups.google.com', port=443): Max retries exceeded with url: /a/nptel.iitm.ac.in/g/noc26-ge76-announce (Caused by NameResolutionError(""HTTPSConnection(host='groups.google.com', port=443): Failed to resolve 'groups.google.com' ([Errno 11001] getaddrinfo failed)""))",http
noc26_ge77,noc26-ge77-announce,,"HTTP error: HTTPSConnectionPool(host='groups.google.com', port=443): Max retries exceeded with url: /a/nptel.iitm.ac.in/g/noc26-ge77-announce (Caused by NameResolutionError(""HTTPSConnection(host='groups.google.com', port=443): Failed to resolve 'groups.google.com' ([Errno 11001] getaddrinfo failed)""))",http
noc26_ge78,noc26-ge78-announce,,"HTTP error: HTTPSConnectionPool(host='groups.google.com', port=443): Max retries exceeded with url: /a/nptel.iitm.ac.in/g/noc26-ge78-announce (Caused by NameResolutionError(""HTTPSConnection(host='groups.google.com', port=443): Failed to resolve 'groups.google.com' ([Errno 11001] getaddrinfo failed)""))",http
noc26_ge79,noc26-ge79-announce,,"HTTP error: HTTPSConnectionPool(host='groups.google.com', port=443): Max retries exceeded with url: /a/nptel.iitm.ac.in/g/noc26-ge79-announce (Caused by NameResolutionError(""HTTPSConnection(host='groups.google.com', port=443): Failed to resolve 'groups.google.com' ([Errno 11001] getaddrinfo failed)""))",http
noc26_ge80,noc26-ge80-announce,,"HTTP error: HTTPSConnectionPool(host='groups.google.com', port=443): Max retries exceeded with url: /a/nptel.iitm.ac.in/g/noc26-ge80-announce (Caused by NameResolutionError(""HTTPSConnection(host='groups.google.com', port=443): Failed to resolve 'groups.google.com' ([Errno 11001] getaddrinfo failed)""))",http
noc26_ge81,noc26-ge81-announce,,"HTTP error: HTTPSConnectionPool(host='groups.google.com', port=443): Max retries exceeded with url: /a/nptel.iitm.ac.in/g/noc26-ge81-announce (Caused by NameResolutionError(""HTTPSConnection(host='groups.google.com', port=443): Failed to resolve 'groups.google.com' ([Errno 11001] getaddrinfo failed)""))",http
noc26_ge82,noc26-ge82-announce,,"HTTP error: HTTPSConnectionPool(host='groups.google.com', port=443): Max retries exceeded with url: /a/nptel.iitm.ac.in/g/noc26-ge82-announce (Caused by NameResolutionError(""HTTPSConnection(host='groups.google.com', port=443): Failed to resolve 'groups.google.com' ([Errno 11001] getaddrinfo failed)""))",http
noc26_ge83,noc26-ge83-announce,,"HTTP error: HTTPSConnectionPool(host='groups.google.com', port=443): Max retries exceeded with url: /a/nptel.iitm.ac.in/g/noc26-ge83-announce (Caused by NameResolutionError(""HTTPSConnection(host='groups.google.com', port=443): Failed to resolve 'groups.google.com' ([Errno 11001] getaddrinfo failed)""))",http
noc26_ge84,noc26-ge84-announce,,"HTTP error: HTTPSConnectionPool(host='groups.google.com', port=443): Max retries exceeded with url: /a/nptel.iitm.ac.in/g/noc26-ge84-announce (Caused by NameResolutionError(""HTTPSConnection(host='groups.google.com', port=443): Failed to resolve 'groups.google.com' ([Errno 11001] getaddrinfo failed)""))",http
noc26_ge85,noc26-ge85-announce,,"HTTP error: HTTPSConnectionPool(host='groups.google.com', port=443): Max retries exceeded with url: /a/nptel.iitm.ac.in/g/noc26-ge85-announce (Caused by NameResolutionError(""HTTPSConnection(host='groups.google.com', port=443): Failed to resolve 'groups.google.com' ([Errno 11001] getaddrinfo failed)""))",http
noc26_ge86,noc26-ge86-announce,,"HTTP error: HTTPSConnectionPool(host='groups.google.com', port=443): Max retries exceeded with url: /a/nptel.iitm.ac.in/g/noc26-ge86-announce (Caused by NameResolutionError(""HTTPSConnection(host='groups.google.com', port=443): Failed to resolve 'groups.google.com' ([Errno 11001] getaddrinfo failed)""))",http
noc26_ge87,noc26-ge87-announce,,"HTTP error: HTTPSConnectionPool(host='groups.google.com', port=443): Max retries exceeded with url: /a/nptel.iitm.ac.in/g/noc26-ge87-announce (Caused by NameResolutionError(""HTTPSConnection(host='groups.google.com', port=443): Failed to resolve 'groups.google.com' ([Errno 11001] getaddrinfo failed)""))",http
noc26_ge88,noc26-ge88-announce,,"HTTP error: HTTPSConnectionPool(host='groups.google.com', port=443): Max retries exceeded with url: /a/nptel.iitm.ac.in/g/noc26-ge88-announce (Caused by NameResolutionError(""HTTPSConnection(host='groups.google.com', port=443): Failed to resolve 'groups.google.com' ([Errno 11001] getaddrinfo failed)""))",http
noc26_ge89,noc26-ge89-announce,,"HTTP error: HTTPSConnectionPool(host='groups.google.com', port=443): Max retries exceeded with url: /a/nptel.iitm.ac.in/g/noc26-ge89-announce (Caused by NameResolutionError(""HTTPSConnection(host='groups.google.com', port=443): Failed to resolve 'groups.google.com' ([Errno 11001] getaddrinfo failed)""))",http
noc26_ge90,noc26-ge90-announce,,"HTTP error: HTTPSConnectionPool(host='groups.google.com', port=443): Max retries exceeded with url: /a/nptel.iitm.ac.in/g/noc26-ge90-announce (Caused by NameResolutionError(""HTTPSConnection(host='groups.google.com', port=443): Failed to resolve 'groups.google.com' ([Errno 11001] getaddrinfo failed)""))",http
noc26_ge91,noc26-ge91-announce,,"HTTP error: HTTPSConnectionPool(host='groups.google.com', port=443): Max retries exceeded with url: /a/nptel.iitm.ac.in/g/noc26-ge91-announce (Caused by NameResolutionError(""HTTPSConnection(host='groups.google.com', port=443): Failed to resolve 'groups.google.com' ([Errno 11001] getaddrinfo failed)""))",http
noc26_ge92,noc26-ge92-announce,,"HTTP error: HTTPSConnectionPool(host='groups.google.com', port=443): Max retries exceeded with url: /a/nptel.iitm.ac.in/g/noc26-ge92-announce (Caused by NameResolutionError(""HTTPSConnection(host='groups.google.com', port=443): Failed to resolve 'groups.google.com' ([Errno 11001] getaddrinfo failed)""))",http
noc26_ge93,noc26-ge93-announce,,"HTTP error: HTTPSConnectionPool(host='groups.google.com', port=443): Max retries exceeded with url: /a/nptel.iitm.ac.in/g/noc26-ge93-announce (Caused by NameResolutionError(""HTTPSConnection(host='groups.google.com', port=443): Failed to resolve 'groups.google.com' ([Errno 11001] getaddrinfo failed)""))",http
noc26_ge94,noc26-ge94-announce,,"HTTP error: HTTPSConnectionPool(host='groups.google.com', port=443): Max retries exceeded with url: /a/nptel.iitm.ac.in/g/noc26-ge94-announce (Caused by NameResolutionError(""HTTPSConnection(host='groups.google.com', port=443): Failed to resolve 'groups.google.com' ([Errno 11001] getaddrinfo failed)""))",http
noc26_ge95,noc26-ge95-announce,,"HTTP error: HTTPSConnectionPool(host='groups.google.com', port=443): Max retries exceeded with url: /a/nptel.iitm.ac.in/g/noc26-ge95-announce (Caused by NameResolutionError(""HTTPSConnection(host='groups.google.com', port=443): Failed to resolve 'groups.google.com' ([Errno 11001] getaddrinfo failed)""))",http
noc26_ge96,noc26-ge96-announce,,"HTTP error: HTTPSConnectionPool(host='groups.google.com', port=443): Max retries exceeded with url: /a/nptel.iitm.ac.in/g/noc26-ge96-announce (Caused by NameResolutionError(""HTTPSConnection(host='groups.google.com', port=443): Failed to resolve 'groups.google.com' ([Errno 11001] getaddrinfo failed)""))",http
noc26_ge97,noc26-ge97-announce,,"HTTP error: HTTPSConnectionPool(host='groups.google.com', port=443): Max retries exceeded with url: /a/nptel.iitm.ac.in/g/noc26-ge97-announce (Caused by NameResolutionError(""HTTPSConnection(host='groups.google.com', port=443): Failed to resolve 'groups.google.com' ([Errno 11001] getaddrinfo failed)""))",http
noc26_ge98,noc26-ge98-announce,,"HTTP error: HTTPSConnectionPool(host='groups.google.com', port=443): Max retries exceeded with url: /a/nptel.iitm.ac.in/g/noc26-ge98-announce (Caused by NameResolutionError(""HTTPSConnection(host='groups.google.com', port=443): Failed to resolve 'groups.google.com' ([Errno 11001] getaddrinfo failed)""))",http
noc26_ge99,noc26-ge99-announce,,"HTTP error: HTTPSConnectionPool(host='groups.google.com', port=443): Max retries exceeded with url: /a/nptel.iitm.ac.in/g/noc26-ge99-announce (Caused by NameResolutionError(""HTTPSConnection(host='groups.google.com', port=443): Failed to resolve 'groups.google.com' ([Errno 11001] getaddrinfo failed)""))",http
noc26_hs121,noc26-hs121-announce,,"HTTP error: HTTPSConnectionPool(host='groups.google.com', port=443): Max retries exceeded with url: /a/nptel.iitm.ac.in/g/noc26-hs121-announce (Caused by NameResolutionError(""HTTPSConnection(host='groups.google.com', port=443): Failed to resolve 'groups.google.com' ([Errno 11001] getaddrinfo failed)""))",http
noc26_hs123,noc26-hs123-announce,,Removed / Unavailable,enrollment status
noc26_hs124,noc26-hs124-announce,,"HTTP error: HTTPSConnectionPool(host='groups.google.com', port=443): Max retries exceeded with url: /a/nptel.iitm.ac.in/g/noc26-hs124-announce (Caused by NameResolutionError(""HTTPSConnection(host='groups.google.com', port=443): Failed to resolve 'groups.google.com' ([Errno 11001] getaddrinfo failed)""))",http
noc26_hs125,noc26-hs125-announce,,"HTTP error: HTTPSConnectionPool(host='groups.google.com', port=443): Max retries exceeded with url: /a/nptel.iitm.ac.in/g/noc26-hs125-announce (Caused by NameResolutionError(""HTTPSConnection(host='groups.google.com', port=443): Failed to resolve 'groups.google.com' ([Errno 11001] getaddrinfo failed)""))",http
noc26_hs126,noc26-hs126-announce,,"HTTP error: HTTPSConnectionPool(host='groups.google.com', port=443): Max retries exceeded with url: /a/nptel.iitm.ac.in/g/noc26-hs126-announce (Caused by NameResolutionError(""HTTPSConnection(host='groups.google.com', port=443): Failed to resolve 'groups.google.com' ([Errno 11001] getaddrinfo failed)""))",http
noc26_hs127,noc26-hs127-announce,,"HTTP error: HTTPSConnectionPool(host='groups.google.com', port=443): Max retries exceeded with url: /a/nptel.iitm.ac.in/g/noc26-hs127-announce (Caused by NameResolutionError(""HTTPSConnection(host='groups.google.com', port=443): Failed to resolve 'groups.google.com' ([Errno 11001] getaddrinfo failed)""))",http
noc26_hs131,noc26-hs131-announce,,"HTTP error: HTTPSConnectionPool(host='groups.google.com', port=443): Max retries exceeded with url: /a/nptel.iitm.ac.in/g/noc26-hs131-announce (Caused by NameResolutionError(""HTTPSConnection(host='groups.google.com', port=443): Failed to resolve 'groups.google.com' ([Errno 11001] getaddrinfo failed)""))",http
noc26_hs133,noc26-hs133-announce,,"HTTP error: HTTPSConnectionPool(host='groups.google.com', port=443): Max retries exceeded with url: /a/nptel.iitm.ac.in/g/noc26-hs133-announce (Caused by NameResolutionError(""HTTPSConnection(host='groups.google.com', port=443): Failed to resolve 'groups.google.com' ([Errno 11001] getaddrinfo failed)""))",http
noc26_hs135,noc26-hs135-announce,,"HTTP error: HTTPSConnectionPool(host='groups.google.com', port=443): Max retries exceeded with url: /a/nptel.iitm.ac.in/g/noc26-hs135-announce (Caused by NameResolutionError(""HTTPSConnection(host='groups.google.com', port=443): Failed to resolve 'groups.google.com' ([Errno 11001] getaddrinfo failed)""))",http
noc26_hs136,noc26-hs136-announce,,"HTTP error: HTTPSConnectionPool(host='groups.google.com', port=443): Max retries exceeded with url: /a/nptel.iitm.ac.in/g/noc26-hs136-announce (Caused by NameResolutionError(""HTTPSConnection(host='groups.google.com', port=443): Failed to resolve 'groups.google.com' ([Errno 11001] getaddrinfo failed)""))",http
noc26_hs137,noc26-hs137-announce,,"HTTP error: HTTPSConnectionPool(host='groups.google.com', port=443): Max retries exceeded with url: /a/nptel.iitm.ac.in/g/noc26-hs137-announce (Caused by NameResolutionError(""HTTPSConnection(host='groups.google.com', port=443): Failed to resolve 'groups.google.com' ([Errno 11001] getaddrinfo failed)""))",http
noc26_hs138,noc26-hs138-announce,,"HTTP error: HTTPSConnectionPool(host='groups.google.com', port=443): Max retries exceeded with url: /a/nptel.iitm.ac.in/g/noc26-hs138-announce (Caused by NameResolutionError(""HTTPSConnection(host='groups.google.com', port=443): Failed to resolve 'groups.google.com' ([Errno 11001] getaddrinfo failed)""))",http
noc26_hs139,noc26-hs139-announce,,"HTTP error: HTTPSConnectionPool(host='groups.google.com', port=443): Max retries exceeded with url: /a/nptel.iitm.ac.in/g/noc26-hs139-announce (Caused by NameResolutionError(""HTTPSConnection(host='groups.google.com', port=443): Failed to resolve 'groups.google.com' ([Errno 11001] getaddrinfo failed)""))",http
noc26_hs140,noc26-hs140-announce,,"HTTP error: HTTPSConnectionPool(host='groups.google.com', port=443): Max retries exceeded with url: /a/nptel.iitm.ac.in/g/noc26-hs140-announce (Caused by NameResolutionError(""HTTPSConnection(host='groups.google.com', port=443): Failed to resolve 'groups.google.com' ([Errno 11001] getaddrinfo failed)""))",http
noc26_hs141,noc26-hs141-announce,,"HTTP error: HTTPSConnectionPool(host='groups.google.com', port=443): Max retries exceeded with url: /a/nptel.iitm.ac.in/g/noc26-hs141-announce (Caused by NameResolutionError(""HTTPSConnection(host='groups.google.com', port=443): Failed to resolve 'groups.google.com' ([Errno 11001] getaddrinfo failed)""))",http
noc26_hs142,noc26-hs142-announce,,"HTTP error: HTTPSConnectionPool(host='groups.google.com', port=443): Max retries exceeded with url: /a/nptel.iitm.ac.in/g/noc26-hs142-announce (Caused by NameResolutionError(""HTTPSConnection(host='groups.google.com', port=443): Failed to resolve 'groups.google.com' ([Errno 11001] getaddrinfo failed)""))",http
noc26_hs143,noc26-hs143-announce,,"HTTP error: HTTPSConnectionPool(host='groups.google.com', port=443): Max retries exceeded with url: /a/nptel.iitm.ac.in/g/noc26-hs143-announce (Caused by NameResolutionError(""HTTPSConnection(host='groups.google.com', port=443): Failed to resolve 'groups.google.com' ([Errno 11001] getaddrinfo failed)""))",http
noc26_hs144,noc26-hs144-announce,,"HTTP error: HTTPSConnectionPool(host='groups.google.com', port=443): Max retries exceeded with url: /a/nptel.iitm.ac.in/g/noc26-hs144-announce (Caused by NameResolutionError(""HTTPSConnection(host='groups.google.com', port=443): Failed to resolve 'groups.google.com' ([Errno 11001] getaddrinfo failed)""))",http
noc26_hs145,noc26-hs145-announce,,"HTTP error: HTTPSConnectionPool(host='groups.google.com', port=443): Max retries exceeded with url: /a/nptel.iitm.ac.in/g/noc26-hs145-announce (Caused by NameResolutionError(""HTTPSConnection(host='groups.google.com', port=443): Failed to resolve 'groups.google.com' ([Errno 11001] getaddrinfo failed)""))",http
noc26_hs146,noc26-hs146-announce,,"HTTP error: HTTPSConnectionPool(host='groups.google.com', port=443): Max retries exceeded with url: /a/nptel.iitm.ac.in/g/noc26-hs146-announce (Caused by NameResolutionError(""HTTPSConnection(host='groups.google.com', port=443): Failed to resolve 'groups.google.com' ([Errno 11001] getaddrinfo failed)""))",http
noc26_hs147,noc26-hs147-announce,,"HTTP error: HTTPSConnectionPool(host='groups.google.com', port=443): Max retries exceeded with url: /a/nptel.iitm.ac.in/g/noc26-hs147-announce (Caused by NameResolutionError(""HTTPSConnection(host='groups.google.com', port=443): Failed to resolve 'groups.google.com' ([Errno 11001] getaddrinfo failed)""))",http
noc26_hs148,noc26-hs148-announce,,"HTTP error: HTTPSConnectionPool(host='groups.google.com', port=443): Max retries exceeded with url: /a/nptel.iitm.ac.in/g/noc26-hs148-announce (Caused by NameResolutionError(""HTTPSConnection(host='groups.google.com', port=443): Failed to resolve 'groups.google.com' ([Errno 11001] getaddrinfo failed)""))",http
noc26_hs149,noc26-hs149-announce,,"HTTP error: HTTPSConnectionPool(host='groups.google.com', port=443): Max retries exceeded with url: /a/nptel.iitm.ac.in/g/noc26-hs149-announce (Caused by NameResolutionError(""HTTPSConnection(host='groups.google.com', port=443): Failed to resolve 'groups.google.com' ([Errno 11001] getaddrinfo failed)""))",http
noc26_hs150,noc26-hs150-announce,,"HTTP error: HTTPSConnectionPool(host='groups.google.com', port=443): Max retries exceeded with url: /a/nptel.iitm.ac.in/g/noc26-hs150-announce (Caused by NameResolutionError(""HTTPSConnection(host='groups.google.com', port=443): Failed to resolve 'groups.google.com' ([Errno 11001] getaddrinfo failed)""))",http
noc26_hs151,noc26-hs151-announce,,"HTTP error: HTTPSConnectionPool(host='groups.google.com', port=443): Max retries exceeded with url: /a/nptel.iitm.ac.in/g/noc26-hs151-announce (Caused by NameResolutionError(""HTTPSConnection(host='groups.google.com', port=443): Failed to resolve 'groups.google.com' ([Errno 11001] getaddrinfo failed)""))",http
noc26_hs152,noc26-hs152-announce,,"HTTP error: HTTPSConnectionPool(host='groups.google.com', port=443): Max retries exceeded with url: /a/nptel.iitm.ac.in/g/noc26-hs152-announce (Caused by NameResolutionError(""HTTPSConnection(host='groups.google.com', port=443): Failed to resolve 'groups.google.com' ([Errno 11001] getaddrinfo failed)""))",http
noc26_hs153,noc26-hs153-announce,,"HTTP error: HTTPSConnectionPool(host='groups.google.com', port=443): Max retries exceeded with url: /a/nptel.iitm.ac.in/g/noc26-hs153-announce (Caused by NameResolutionError(""HTTPSConnection(host='groups.google.com', port=443): Failed to resolve 'groups.google.com' ([Errno 11001] getaddrinfo failed)""))",http
noc26_hs154,noc26-hs154-announce,,"HTTP error: HTTPSConnectionPool(host='groups.google.com', port=443): Max retries exceeded with url: /a/nptel.iitm.ac.in/g/noc26-hs154-announce (Caused by NameResolutionError(""HTTPSConnection(host='groups.google.com', port=443): Failed to resolve 'groups.google.com' ([Errno 11001] getaddrinfo failed)""))",http
noc26_hs155,noc26-hs155-announce,,"HTTP error: HTTPSConnectionPool(host='groups.google.com', port=443): Max retries exceeded with url: /a/nptel.iitm.ac.in/g/noc26-hs155-announce (Caused by NameResolutionError(""HTTPSConnection(host='groups.google.com', port=443): Failed to resolve 'groups.google.com' ([Errno 11001] getaddrinfo failed)""))",http
noc26_hs156,noc26-hs156-announce,,"HTTP error: HTTPSConnectionPool(host='groups.google.com', port=443): Max retries exceeded with url: /a/nptel.iitm.ac.in/g/noc26-hs156-announce (Caused by NameResolutionError(""HTTPSConnection(host='groups.google.com', port=443): Failed to resolve 'groups.google.com' ([Errno 11001] getaddrinfo failed)""))",http
noc26_hs157,noc26-hs157-announce,,"HTTP error: HTTPSConnectionPool(host='groups.google.com', port=443): Max retries exceeded with url: /a/nptel.iitm.ac.in/g/noc26-hs157-announce (Caused by NameResolutionError(""HTTPSConnection(host='groups.google.com', port=443): Failed to resolve 'groups.google.com' ([Errno 11001] getaddrinfo failed)""))",http
noc26_hs158,noc26-hs158-announce,,"HTTP error: HTTPSConnectionPool(host='groups.google.com', port=443): Max retries exceeded with url: /a/nptel.iitm.ac.in/g/noc26-hs158-announce (Caused by NameResolutionError(""HTTPSConnection(host='groups.google.com', port=443): Failed to resolve 'groups.google.com' ([Errno 11001] getaddrinfo failed)""))",http
noc26_hs159,noc26-hs159-announce,,"HTTP error: HTTPSConnectionPool(host='groups.google.com', port=443): Max retries exceeded with url: /a/nptel.iitm.ac.in/g/noc26-hs159-announce (Caused by NameResolutionError(""HTTPSConnection(host='groups.google.com', port=443): Failed to resolve 'groups.google.com' ([Errno 11001] getaddrinfo failed)""))",http
noc26_hs160,noc26-hs160-announce,,"HTTP error: HTTPSConnectionPool(host='groups.google.com', port=443): Max retries exceeded with url: /a/nptel.iitm.ac.in/g/noc26-hs160-announce (Caused by NameResolutionError(""HTTPSConnection(host='groups.google.com', port=443): Failed to resolve 'groups.google.com' ([Errno 11001] getaddrinfo failed)""))",http
noc26_hs161,noc26-hs161-announce,,"HTTP error: HTTPSConnectionPool(host='groups.google.com', port=443): Max retries exceeded with url: /a/nptel.iitm.ac.in/g/noc26-hs161-announce (Caused by NameResolutionError(""HTTPSConnection(host='groups.google.com', port=443): Failed to resolve 'groups.google.com' ([Errno 11001] getaddrinfo failed)""))",http
noc26_hs162,noc26-hs162-announce,,"HTTP error: HTTPSConnectionPool(host='groups.google.com', port=443): Max retries exceeded with url: /a/nptel.iitm.ac.in/g/noc26-hs162-announce (Caused by NameResolutionError(""HTTPSConnection(host='groups.google.com', port=443): Failed to resolve 'groups.google.com' ([Errno 11001] getaddrinfo failed)""))",http
noc26_hs163,noc26-hs163-announce,,"HTTP error: HTTPSConnectionPool(host='groups.google.com', port=443): Max retries exceeded with url: /a/nptel.iitm.ac.in/g/noc26-hs163-announce (Caused by NameResolutionError(""HTTPSConnection(host='groups.google.com', port=443): Failed to resolve 'groups.google.com' ([Errno 11001] getaddrinfo failed)""))",http
noc26_hs164,noc26-hs164-announce,,"HTTP error: HTTPSConnectionPool(host='groups.google.com', port=443): Max retries exceeded with url: /a/nptel.iitm.ac.in/g/noc26-hs164-announce (Caused by NameResolutionError(""HTTPSConnection(host='groups.google.com', port=443): Failed to resolve 'groups.google.com' ([Errno 11001] getaddrinfo failed)""))",http
noc26_hs165,noc26-hs165-announce,,"HTTP error: HTTPSConnectionPool(host='groups.google.com', port=443): Max retries exceeded with url: /a/nptel.iitm.ac.in/g/noc26-hs165-announce (Caused by NameResolutionError(""HTTPSConnection(host='groups.google.com', port=443): Failed to resolve 'groups.google.com' ([Errno 11001] getaddrinfo failed)""))",http
noc26_hs166,noc26-hs166-announce,,"HTTP error: HTTPSConnectionPool(host='groups.google.com', port=443): Max retries exceeded with url: /a/nptel.iitm.ac.in/g/noc26-hs166-announce (Caused by NameResolutionError(""HTTPSConnection(host='groups.google.com', port=443): Failed to resolve 'groups.google.com' ([Errno 11001] getaddrinfo failed)""))",http
noc26_hs167,noc26-hs167-announce,,"HTTP error: HTTPSConnectionPool(host='groups.google.com', port=443): Max retries exceeded with url: /a/nptel.iitm.ac.in/g/noc26-hs167-announce (Caused by NameResolutionError(""HTTPSConnection(host='groups.google.com', port=443): Failed to resolve 'groups.google.com' ([Errno 11001] getaddrinfo failed)""))",http
noc26_hs168,noc26-hs168-announce,,"HTTP error: HTTPSConnectionPool(host='groups.google.com', port=443): Max retries exceeded with url: /a/nptel.iitm.ac.in/g/noc26-hs168-announce (Caused by NameResolutionError(""HTTPSConnection(host='groups.google.com', port=443): Failed to resolve 'groups.google.com' ([Errno 11001] getaddrinfo failed)""))",http
noc26_hs169,noc26-hs169-announce,,"HTTP error: HTTPSConnectionPool(host='groups.google.com', port=443): Max retries exceeded with url: /a/nptel.iitm.ac.in/g/noc26-hs169-announce (Caused by NameResolutionError(""HTTPSConnection(host='groups.google.com', port=443): Failed to resolve 'groups.google.com' ([Errno 11001] getaddrinfo failed)""))",http
noc26_hs170,noc26-hs170-announce,,"HTTP error: HTTPSConnectionPool(host='groups.google.com', port=443): Max retries exceeded with url: /a/nptel.iitm.ac.in/g/noc26-hs170-announce (Caused by NameResolutionError(""HTTPSConnection(host='groups.google.com', port=443): Failed to resolve 'groups.google.com' ([Errno 11001] getaddrinfo failed)""))",http
noc26_hs171,noc26-hs171-announce,,"HTTP error: HTTPSConnectionPool(host='groups.google.com', port=443): Max retries exceeded with url: /a/nptel.iitm.ac.in/g/noc26-hs171-announce (Caused by NameResolutionError(""HTTPSConnection(host='groups.google.com', port=443): Failed to resolve 'groups.google.com' ([Errno 11001] getaddrinfo failed)""))",http
noc26_hs172,noc26-hs172-announce,,"HTTP error: HTTPSConnectionPool(host='groups.google.com', port=443): Max retries exceeded with url: /a/nptel.iitm.ac.in/g/noc26-hs172-announce (Caused by NameResolutionError(""HTTPSConnection(host='groups.google.com', port=443): Failed to resolve 'groups.google.com' ([Errno 11001] getaddrinfo failed)""))",http
noc26_hs173,noc26-hs173-announce,,"HTTP error: HTTPSConnectionPool(host='groups.google.com', port=443): Max retries exceeded with url: /a/nptel.iitm.ac.in/g/noc26-hs173-announce (Caused by NameResolutionError(""HTTPSConnection(host='groups.google.com', port=443): Failed to resolve 'groups.google.com' ([Errno 11001] getaddrinfo failed)""))",http
noc26_hs174,noc26-hs174-announce,,"HTTP error: HTTPSConnectionPool(host='groups.google.com', port=443): Max retries exceeded with url: /a/nptel.iitm.ac.in/g/noc26-hs174-announce (Caused by NameResolutionError(""HTTPSConnection(host='groups.google.com', port=443): Failed to resolve 'groups.google.com' ([Errno 11001] getaddrinfo failed)""))",http
noc26_hs175,noc26-hs175-announce,,"HTTP error: HTTPSConnectionPool(host='groups.google.com', port=443): Max retries exceeded with url: /a/nptel.iitm.ac.in/g/noc26-hs175-announce (Caused by NameResolutionError(""HTTPSConnection(host='groups.google.com', port=443): Failed to resolve 'groups.google.com' ([Errno 11001] getaddrinfo failed)""))",http
noc26_hs176,noc26-hs176-announce,,"HTTP error: HTTPSConnectionPool(host='groups.google.com', port=443): Max retries exceeded with url: /a/nptel.iitm.ac.in/g/noc26-hs176-announce (Caused by NameResolutionError(""HTTPSConnection(host='groups.google.com', port=443): Failed to resolve 'groups.google.com' ([Errno 11001] getaddrinfo failed)""))",http
noc26_hs177,noc26-hs177-announce,,"HTTP error: HTTPSConnectionPool(host='groups.google.com', port=443): Max retries exceeded with url: /a/nptel.iitm.ac.in/g/noc26-hs177-announce (Caused by NameResolutionError(""HTTPSConnection(host='groups.google.com', port=443): Failed to resolve 'groups.google.com' ([Errno 11001] getaddrinfo failed)""))",http
noc26_hs178,noc26-hs178-announce,,"HTTP error: HTTPSConnectionPool(host='groups.google.com', port=443): Max retries exceeded with url: /a/nptel.iitm.ac.in/g/noc26-hs178-announce (Caused by NameResolutionError(""HTTPSConnection(host='groups.google.com', port=443): Failed to resolve 'groups.google.com' ([Errno 11001] getaddrinfo failed)""))",http
noc26_hs179,noc26-hs179-announce,,"HTTP error: HTTPSConnectionPool(host='groups.google.com', port=443): Max retries exceeded with url: /a/nptel.iitm.ac.in/g/noc26-hs179-announce (Caused by NameResolutionError(""HTTPSConnection(host='groups.google.com', port=443): Failed to resolve 'groups.google.com' ([Errno 11001] getaddrinfo failed)""))",http
noc26_hs180,noc26-hs180-announce,,"HTTP error: HTTPSConnectionPool(host='groups.google.com', port=443): Max retries exceeded with url: /a/nptel.iitm.ac.in/g/noc26-hs180-announce (Caused by NameResolutionError(""HTTPSConnection(host='groups.google.com', port=443): Failed to resolve 'groups.google.com' ([Errno 11001] getaddrinfo failed)""))",http
noc26_hs181,noc26-hs181-announce,,"HTTP error: HTTPSConnectionPool(host='groups.google.com', port=443): Max retries exceeded with url: /a/nptel.iitm.ac.in/g/noc26-hs181-announce (Caused by NameResolutionError(""HTTPSConnection(host='groups.google.com', port=443): Failed to resolve 'groups.google.com' ([Errno 11001] getaddrinfo failed)""))",http
noc26_hs182,noc26-hs182-announce,,"HTTP error: HTTPSConnectionPool(host='groups.google.com', port=443): Max retries exceeded with url: /a/nptel.iitm.ac.in/g/noc26-hs182-announce (Caused by NameResolutionError(""HTTPSConnection(host='groups.google.com', port=443): Failed to resolve 'groups.google.com' ([Errno 11001] getaddrinfo failed)""))",http
noc26_hs183,noc26-hs183-announce,,"HTTP error: HTTPSConnectionPool(host='groups.google.com', port=443): Max retries exceeded with url: /a/nptel.iitm.ac.in/g/noc26-hs183-announce (Caused by NameResolutionError(""HTTPSConnection(host='groups.google.com', port=443): Failed to resolve 'groups.google.com' ([Errno 11001] getaddrinfo failed)""))",http
noc26_hs184,noc26-hs184-announce,,"HTTP error: HTTPSConnectionPool(host='groups.google.com', port=443): Max retries exceeded with url: /a/nptel.iitm.ac.in/g/noc26-hs184-announce (Caused by NameResolutionError(""HTTPSConnection(host='groups.google.com', port=443): Failed to resolve 'groups.google.com' ([Errno 11001] getaddrinfo failed)""))",http
noc26_hs185,noc26-hs185-announce,,"HTTP error: HTTPSConnectionPool(host='groups.google.com', port=443): Max retries exceeded with url: /a/nptel.iitm.ac.in/g/noc26-hs185-announce (Caused by NameResolutionError(""HTTPSConnection(host='groups.google.com', port=443): Failed to resolve 'groups.google.com' ([Errno 11001] getaddrinfo failed)""))",http
noc26_hs186,noc26-hs186-announce,,"HTTP error: HTTPSConnectionPool(host='groups.google.com', port=443): Max retries exceeded with url: /a/nptel.iitm.ac.in/g/noc26-hs186-announce (Caused by NameResolutionError(""HTTPSConnection(host='groups.google.com', port=443): Failed to resolve 'groups.google.com' ([Errno 11001] getaddrinfo failed)""))",http
noc26_hs187,noc26-hs187-announce,,"HTTP error: HTTPSConnectionPool(host='groups.google.com', port=443): Max retries exceeded with url: /a/nptel.iitm.ac.in/g/noc26-hs187-announce (Caused by NameResolutionError(""HTTPSConnection(host='groups.google.com', port=443): Failed to resolve 'groups.google.com' ([Errno 11001] getaddrinfo failed)""))",http
noc26_hs188,noc26-hs188-announce,,"HTTP error: HTTPSConnectionPool(host='groups.google.com', port=443): Max retries exceeded with url: /a/nptel.iitm.ac.in/g/noc26-hs188-announce (Caused by NameResolutionError(""HTTPSConnection(host='groups.google.com', port=443): Failed to resolve 'groups.google.com' ([Errno 11001] getaddrinfo failed)""))",http
noc26_hs189,noc26-hs189-announce,,"HTTP error: HTTPSConnectionPool(host='groups.google.com', port=443): Max retries exceeded with url: /a/nptel.iitm.ac.in/g/noc26-hs189-announce (Caused by NameResolutionError(""HTTPSConnection(host='groups.google.com', port=443): Failed to resolve 'groups.google.com' ([Errno 11001] getaddrinfo failed)""))",http
noc26_hs190,noc26-hs190-announce,,"HTTP error: HTTPSConnectionPool(host='groups.google.com', port=443): Max retries exceeded with url: /a/nptel.iitm.ac.in/g/noc26-hs190-announce (Caused by NameResolutionError(""HTTPSConnection(host='groups.google.com', port=443): Failed to resolve 'groups.google.com' ([Errno 11001] getaddrinfo failed)""))",http
noc26_hs191,noc26-hs191-announce,,"HTTP error: HTTPSConnectionPool(host='groups.google.com', port=443): Max retries exceeded with url: /a/nptel.iitm.ac.in/g/noc26-hs191-announce (Caused by NameResolutionError(""HTTPSConnection(host='groups.google.com', port=443): Failed to resolve 'groups.google.com' ([Errno 11001] getaddrinfo failed)""))",http
noc26_hs192,noc26-hs192-announce,,"HTTP error: HTTPSConnectionPool(host='groups.google.com', port=443): Max retries exceeded with url: /a/nptel.iitm.ac.in/g/noc26-hs192-announce (Caused by NameResolutionError(""HTTPSConnection(host='groups.google.com', port=443): Failed to resolve 'groups.google.com' ([Errno 11001] getaddrinfo failed)""))",http
noc26_hs193,noc26-hs193-announce,,"HTTP error: HTTPSConnectionPool(host='groups.google.com', port=443): Max retries exceeded with url: /a/nptel.iitm.ac.in/g/noc26-hs193-announce (Caused by NameResolutionError(""HTTPSConnection(host='groups.google.com', port=443): Failed to resolve 'groups.google.com' ([Errno 11001] getaddrinfo failed)""))",http
noc26_hs194,noc26-hs194-announce,,"HTTP error: HTTPSConnectionPool(host='groups.google.com', port=443): Max retries exceeded with url: /a/nptel.iitm.ac.in/g/noc26-hs194-announce (Caused by NameResolutionError(""HTTPSConnection(host='groups.google.com', port=443): Failed to resolve 'groups.google.com' ([Errno 11001] getaddrinfo failed)""))",http
noc26_hs195,noc26-hs195-announce,,"HTTP error: HTTPSConnectionPool(host='groups.google.com', port=443): Max retries exceeded with url: /a/nptel.iitm.ac.in/g/noc26-hs195-announce (Caused by NameResolutionError(""HTTPSConnection(host='groups.google.com', port=443): Failed to resolve 'groups.google.com' ([Errno 11001] getaddrinfo failed)""))",http
noc26_hs196,noc26-hs196-announce,,"HTTP error: HTTPSConnectionPool(host='groups.google.com', port=443): Max retries exceeded with url: /a/nptel.iitm.ac.in/g/noc26-hs196-announce (Caused by NameResolutionError(""HTTPSConnection(host='groups.google.com', port=443): Failed to resolve 'groups.google.com' ([Errno 11001] getaddrinfo failed)""))",http
noc26_hs197,noc26-hs197-announce,,"HTTP error: HTTPSConnectionPool(host='groups.google.com', port=443): Max retries exceeded with url: /a/nptel.iitm.ac.in/g/noc26-hs197-announce (Caused by NameResolutionError(""HTTPSConnection(host='groups.google.com', port=443): Failed to resolve 'groups.google.com' ([Errno 11001] getaddrinfo failed)""))",http
noc26_hs198,noc26-hs198-announce,,"HTTP error: HTTPSConnectionPool(host='groups.google.com', port=443): Max retries exceeded with url: /a/nptel.iitm.ac.in/g/noc26-hs198-announce (Caused by NameResolutionError(""HTTPSConnection(host='groups.google.com', port=443): Failed to resolve 'groups.google.com' ([Errno 11001] getaddrinfo failed)""))",http
noc26_hs199,noc26-hs199-announce,,"HTTP error: HTTPSConnectionPool(host='groups.google.com', port=443): Max retries exceeded with url: /a/nptel.iitm.ac.in/g/noc26-hs199-announce (Caused by NameResolutionError(""HTTPSConnection(host='groups.google.com', port=443): Failed to resolve 'groups.google.com' ([Errno 11001] getaddrinfo failed)""))",http
noc26_hs200,noc26-hs200-announce,,"HTTP error: HTTPSConnectionPool(host='groups.google.com', port=443): Max retries exceeded with url: /a/nptel.iitm.ac.in/g/noc26-hs200-announce (Caused by NameResolutionError(""HTTPSConnection(host='groups.google.com', port=443): Failed to resolve 'groups.google.com' ([Errno 11001] getaddrinfo failed)""))",http
noc26_hs201,noc26-hs201-announce,,"HTTP error: HTTPSConnectionPool(host='groups.google.com', port=443): Max retries exceeded with url: /a/nptel.iitm.ac.in/g/noc26-hs201-announce (Caused by NameResolutionError(""HTTPSConnection(host='groups.google.com', port=443): Failed to resolve 'groups.google.com' ([Errno 11001] getaddrinfo failed)""))",http
noc26_hs202,noc26-hs202-announce,,"HTTP error: HTTPSConnectionPool(host='groups.google.com', port=443): Max retries exceeded with url: /a/nptel.iitm.ac.in/g/noc26-hs202-announce (Caused by NameResolutionError(""HTTPSConnection(host='groups.google.com', port=443): Failed to resolve 'groups.google.com' ([Errno 11001] getaddrinfo failed)""))",http
noc26_hs203,noc26-hs203-announce,,"HTTP error: HTTPSConnectionPool(host='groups.google.com', port=443): Max retries exceeded with url: /a/nptel.iitm.ac.in/g/noc26-hs203-announce (Caused by NameResolutionError(""HTTPSConnection(host='groups.google.com', port=443): Failed to resolve 'groups.google.com' ([Errno 11001] getaddrinfo failed)""))",http
noc26_hs204,noc26-hs204-announce,,"HTTP error: HTTPSConnectionPool(host='groups.google.com', port=443): Max retries exceeded with url: /a/nptel.iitm.ac.in/g/noc26-hs204-announce (Caused by NameResolutionError(""HTTPSConnection(host='groups.google.com', port=443): Failed to resolve 'groups.google.com' ([Errno 11001] getaddrinfo failed)""))",http
noc26_hs206,noc26-hs206-announce,,"HTTP error: HTTPSConnectionPool(host='groups.google.com', port=443): Max retries exceeded with url: /a/nptel.iitm.ac.in/g/noc26-hs206-announce (Caused by NameResolutionError(""HTTPSConnection(host='groups.google.com', port=443): Failed to resolve 'groups.google.com' ([Errno 11001] getaddrinfo failed)""))",http
noc26_hs207,noc26-hs207-announce,,"HTTP error: HTTPSConnectionPool(host='groups.google.com', port=443): Max retries exceeded with url: /a/nptel.iitm.ac.in/g/noc26-hs207-announce (Caused by NameResolutionError(""HTTPSConnection(host='groups.google.com', port=443): Failed to resolve 'groups.google.com' ([Errno 11001] getaddrinfo failed)""))",http
noc26_hs208,noc26-hs208-announce,,"HTTP error: HTTPSConnectionPool(host='groups.google.com', port=443): Max retries exceeded with url: /a/nptel.iitm.ac.in/g/noc26-hs208-announce (Caused by NameResolutionError(""HTTPSConnection(host='groups.google.com', port=443): Failed to resolve 'groups.google.com' ([Errno 11001] getaddrinfo failed)""))",http
noc26_hs209,noc26-hs209-announce,,"HTTP error: HTTPSConnectionPool(host='groups.google.com', port=443): Max retries exceeded with url: /a/nptel.iitm.ac.in/g/noc26-hs209-announce (Caused by NameResolutionError(""HTTPSConnection(host='groups.google.com', port=443): Failed to resolve 'groups.google.com' ([Errno 11001] getaddrinfo failed)""))",http
noc26_hs210,noc26-hs210-announce,,"HTTP error: HTTPSConnectionPool(host='groups.google.com', port=443): Max retries exceeded with url: /a/nptel.iitm.ac.in/g/noc26-hs210-announce (Caused by NameResolutionError(""HTTPSConnection(host='groups.google.com', port=443): Failed to resolve 'groups.google.com' ([Errno 11001] getaddrinfo failed)""))",http
noc26_hs211,noc26-hs211-announce,,"HTTP error: HTTPSConnectionPool(host='groups.google.com', port=443): Max retries exceeded with url: /a/nptel.iitm.ac.in/g/noc26-hs211-announce (Caused by NameResolutionError(""HTTPSConnection(host='groups.google.com', port=443): Failed to resolve 'groups.google.com' ([Errno 11001] getaddrinfo failed)""))",http
noc26_hs212,noc26-hs212-announce,,"HTTP error: HTTPSConnectionPool(host='groups.google.com', port=443): Max retries exceeded with url: /a/nptel.iitm.ac.in/g/noc26-hs212-announce (Caused by NameResolutionError(""HTTPSConnection(host='groups.google.com', port=443): Failed to resolve 'groups.google.com' ([Errno 11001] getaddrinfo failed)""))",http
noc26_hs213,noc26-hs213-announce,,"HTTP error: HTTPSConnectionPool(host='groups.google.com', port=443): Max retries exceeded with url: /a/nptel.iitm.ac.in/g/noc26-hs213-announce (Caused by NameResolutionError(""HTTPSConnection(host='groups.google.com', port=443): Failed to resolve 'groups.google.com' ([Errno 11001] getaddrinfo failed)""))",http
noc26_hs214,noc26-hs214-announce,,"HTTP error: HTTPSConnectionPool(host='groups.google.com', port=443): Max retries exceeded with url: /a/nptel.iitm.ac.in/g/noc26-hs214-announce (Caused by NameResolutionError(""HTTPSConnection(host='groups.google.com', port=443): Failed to resolve 'groups.google.com' ([Errno 11001] getaddrinfo failed)""))",http
noc26_hs215,noc26-hs215-announce,,"HTTP error: HTTPSConnectionPool(host='groups.google.com', port=443): Max retries exceeded with url: /a/nptel.iitm.ac.in/g/noc26-hs215-announce (Caused by NameResolutionError(""HTTPSConnection(host='groups.google.com', port=443): Failed to resolve 'groups.google.com' ([Errno 11001] getaddrinfo failed)""))",http
noc26_hs216,noc26-hs216-announce,,"HTTP error: HTTPSConnectionPool(host='groups.google.com', port=443): Max retries exceeded with url: /a/nptel.iitm.ac.in/g/noc26-hs216-announce (Caused by NameResolutionError(""HTTPSConnection(host='groups.google.com', port=443): Failed to resolve 'groups.google.com' ([Errno 11001] getaddrinfo failed)""))",http
noc26_hs217,noc26-hs217-announce,,"HTTP error: HTTPSConnectionPool(host='groups.google.com', port=443): Max retries exceeded with url: /a/nptel.iitm.ac.in/g/noc26-hs217-announce (Caused by NameResolutionError(""HTTPSConnection(host='groups.google.com', port=443): Failed to resolve 'groups.google.com' ([Errno 11001] getaddrinfo failed)""))",http
noc26_hs218,noc26-hs218-announce,,"HTTP error: HTTPSConnectionPool(host='groups.google.com', port=443): Max retries exceeded with url: /a/nptel.iitm.ac.in/g/noc26-hs218-announce (Caused by NameResolutionError(""HTTPSConnection(host='groups.google.com', port=443): Failed to resolve 'groups.google.com' ([Errno 11001] getaddrinfo failed)""))",http
noc26_hs219,noc26-hs219-announce,,"HTTP error: HTTPSConnectionPool(host='groups.google.com', port=443): Max retries exceeded with url: /a/nptel.iitm.ac.in/g/noc26-hs219-announce (Caused by NameResolutionError(""HTTPSConnection(host='groups.google.com', port=443): Failed to resolve 'groups.google.com' ([Errno 11001] getaddrinfo failed)""))",http
noc26_hs220,noc26-hs220-announce,,"HTTP error: HTTPSConnectionPool(host='groups.google.com', port=443): Max retries exceeded with url: /a/nptel.iitm.ac.in/g/noc26-hs220-announce (Caused by NameResolutionError(""HTTPSConnection(host='groups.google.com', port=443): Failed to resolve 'groups.google.com' ([Errno 11001] getaddrinfo failed)""))",http
noc26_hs221,noc26-hs221-announce,,"HTTP error: HTTPSConnectionPool(host='groups.google.com', port=443): Max retries exceeded with url: /a/nptel.iitm.ac.in/g/noc26-hs221-announce (Caused by NameResolutionError(""HTTPSConnection(host='groups.google.com', port=443): Failed to resolve 'groups.google.com' ([Errno 11001] getaddrinfo failed)""))",http
noc26_hs222,noc26-hs222-announce,,"HTTP error: HTTPSConnectionPool(host='groups.google.com', port=443): Max retries exceeded with url: /a/nptel.iitm.ac.in/g/noc26-hs222-announce (Caused by NameResolutionError(""HTTPSConnection(host='groups.google.com', port=443): Failed to resolve 'groups.google.com' ([Errno 11001] getaddrinfo failed)""))",http
noc26_hs223,noc26-hs223-announce,,"HTTP error: HTTPSConnectionPool(host='groups.google.com', port=443): Max retries exceeded with url: /a/nptel.iitm.ac.in/g/noc26-hs223-announce (Caused by NameResolutionError(""HTTPSConnection(host='groups.google.com', port=443): Failed to resolve 'groups.google.com' ([Errno 11001] getaddrinfo failed)""))",http
noc26_hs224,noc26-hs224-announce,,"HTTP error: HTTPSConnectionPool(host='groups.google.com', port=443): Max retries exceeded with url: /a/nptel.iitm.ac.in/g/noc26-hs224-announce (Caused by NameResolutionError(""HTTPSConnection(host='groups.google.com', port=443): Failed to resolve 'groups.google.com' ([Errno 11001] getaddrinfo failed)""))",http
noc26_hs225,noc26-hs225-announce,,"HTTP error: HTTPSConnectionPool(host='groups.google.com', port=443): Max retries exceeded with url: /a/nptel.iitm.ac.in/g/noc26-hs225-announce (Caused by NameResolutionError(""HTTPSConnection(host='groups.google.com', port=443): Failed to resolve 'groups.google.com' ([Errno 11001] getaddrinfo failed)""))",http
noc26_hs226,noc26-hs226-announce,,"HTTP error: HTTPSConnectionPool(host='groups.google.com', port=443): Max retries exceeded with url: /a/nptel.iitm.ac.in/g/noc26-hs226-announce (Caused by NameResolutionError(""HTTPSConnection(host='groups.google.com', port=443): Failed to resolve 'groups.google.com' ([Errno 11001] getaddrinfo failed)""))",http
noc26_hs228,noc26-hs228-announce,,"HTTP error: HTTPSConnectionPool(host='groups.google.com', port=443): Max retries exceeded with url: /a/nptel.iitm.ac.in/g/noc26-hs228-announce (Caused by NameResolutionError(""HTTPSConnection(host='groups.google.com', port=443): Failed to resolve 'groups.google.com' ([Errno 11001] getaddrinfo failed)""))",http
noc26_hs229,noc26-hs229-announce,,"HTTP error: HTTPSConnectionPool(host='groups.google.com', port=443): Max retries exceeded with url: /a/nptel.iitm.ac.in/g/noc26-hs229-announce (Caused by NameResolutionError(""HTTPSConnection(host='groups.google.com', port=443): Failed to resolve 'groups.google.com' ([Errno 11001] getaddrinfo failed)""))",http
noc26_hs230,noc26-hs230-announce,,"HTTP error: HTTPSConnectionPool(host='groups.google.com', port=443): Max retries exceeded with url: /a/nptel.iitm.ac.in/g/noc26-hs230-announce (Caused by NameResolutionError(""HTTPSConnection(host='groups.google.com', port=443): Failed to resolve 'groups.google.com' ([Errno 11001] getaddrinfo failed)""))",http
noc26_hs231,noc26-hs231-announce,,"HTTP error: HTTPSConnectionPool(host='groups.google.com', port=443): Max retries exceeded with url: /a/nptel.iitm.ac.in/g/noc26-hs231-announce (Caused by NameResolutionError(""HTTPSConnection(host='groups.google.com', port=443): Failed to resolve 'groups.google.com' ([Errno 11001] getaddrinfo failed)""))",http
noc26_hs232,noc26-hs232-announce,,"HTTP error: HTTPSConnectionPool(host='groups.google.com', port=443): Max retries exceeded with url: /a/nptel.iitm.ac.in/g/noc26-hs232-announce (Caused by NameResolutionError(""HTTPSConnection(host='groups.google.com', port=443): Failed to resolve 'groups.google.com' ([Errno 11001] getaddrinfo failed)""))",http
noc26_hs233,noc26-hs233-announce,,"HTTP error: HTTPSConnectionPool(host='groups.google.com', port=443): Max retries exceeded with url: /a/nptel.iitm.ac.in/g/noc26-hs233-announce (Caused by NameResolutionError(""HTTPSConnection(host='groups.google.com', port=443): Failed to resolve 'groups.google.com' ([Errno 11001] getaddrinfo failed)""))",http
noc26_hs234,noc26-hs234-announce,,"HTTP error: HTTPSConnectionPool(host='groups.google.com', port=443): Max retries exceeded with url: /a/nptel.iitm.ac.in/g/noc26-hs234-announce (Caused by NameResolutionError(""HTTPSConnection(host='groups.google.com', port=443): Failed to resolve 'groups.google.com' ([Errno 11001] getaddrinfo failed)""))",http
noc26_hs235,noc26-hs235-announce,,"HTTP error: HTTPSConnectionPool(host='groups.google.com', port=443): Max retries exceeded with url: /a/nptel.iitm.ac.in/g/noc26-hs235-announce (Caused by NameResolutionError(""HTTPSConnection(host='groups.google.com', port=443): Failed to resolve 'groups.google.com' ([Errno 11001] getaddrinfo failed)""))",http
noc26_hs236,noc26-hs236-announce,,"HTTP error: HTTPSConnectionPool(host='groups.google.com', port=443): Max retries exceeded with url: /a/nptel.iitm.ac.in/g/noc26-hs236-announce (Caused by NameResolutionError(""HTTPSConnection(host='groups.google.com', port=443): Failed to resolve 'groups.google.com' ([Errno 11001] getaddrinfo failed)""))",http
noc26_hs237,noc26-hs237-announce,,"HTTP error: HTTPSConnectionPool(host='groups.google.com', port=443): Max retries exceeded with url: /a/nptel.iitm.ac.in/g/noc26-hs237-announce (Caused by NameResolutionError(""HTTPSConnection(host='groups.google.com', port=443): Failed to resolve 'groups.google.com' ([Errno 11001] getaddrinfo failed)""))",http
noc26_hs238,noc26-hs238-announce,,"HTTP error: HTTPSConnectionPool(host='groups.google.com', port=443): Max retries exceeded with url: /a/nptel.iitm.ac.in/g/noc26-hs238-announce (Caused by NameResolutionError(""HTTPSConnection(host='groups.google.com', port=443): Failed to resolve 'groups.google.com' ([Errno 11001] getaddrinfo failed)""))",http
noc26_hs239,noc26-hs239-announce,,"HTTP error: HTTPSConnectionPool(host='groups.google.com', port=443): Max retries exceeded with url: /a/nptel.iitm.ac.in/g/noc26-hs239-announce (Caused by NameResolutionError(""HTTPSConnection(host='groups.google.com', port=443): Failed to resolve 'groups.google.com' ([Errno 11001] getaddrinfo failed)""))",http
noc26_hs240,noc26-hs240-announce,,"HTTP error: HTTPSConnectionPool(host='groups.google.com', port=443): Max retries exceeded with url: /a/nptel.iitm.ac.in/g/noc26-hs240-announce (Caused by NameResolutionError(""HTTPSConnection(host='groups.google.com', port=443): Failed to resolve 'groups.google.com' ([Errno 11001] getaddrinfo failed)""))",http
noc26_hs241,noc26-hs241-announce,,"HTTP error: HTTPSConnectionPool(host='groups.google.com', port=443): Max retries exceeded with url: /a/nptel.iitm.ac.in/g/noc26-hs241-announce (Caused by NameResolutionError(""HTTPSConnection(host='groups.google.com', port=443): Failed to resolve 'groups.google.com' ([Errno 11001] getaddrinfo failed)""))",http
noc26_hs242,noc26-hs242-announce,,"HTTP error: HTTPSConnectionPool(host='groups.google.com', port=443): Max retries exceeded with url: /a/nptel.iitm.ac.in/g/noc26-hs242-announce (Caused by NameResolutionError(""HTTPSConnection(host='groups.google.com', port=443): Failed to resolve 'groups.google.com' ([Errno 11001] getaddrinfo failed)""))",http
noc26_hs243,noc26-hs243-announce,,"HTTP error: HTTPSConnectionPool(host='groups.google.com', port=443): Max retries exceeded with url: /a/nptel.iitm.ac.in/g/noc26-hs243-announce (Caused by NameResolutionError(""HTTPSConnection(host='groups.google.com', port=443): Failed to resolve 'groups.google.com' ([Errno 11001] getaddrinfo failed)""))",http
noc26_hs244,noc26-hs244-announce,,"HTTP error: HTTPSConnectionPool(host='groups.google.com', port=443): Max retries exceeded with url: /a/nptel.iitm.ac.in/g/noc26-hs244-announce (Caused by NameResolutionError(""HTTPSConnection(host='groups.google.com', port=443): Failed to resolve 'groups.google.com' ([Errno 11001] getaddrinfo failed)""))",http
noc26_hs245,noc26-hs245-announce,,"HTTP error: HTTPSConnectionPool(host='groups.google.com', port=443): Max retries exceeded with url: /a/nptel.iitm.ac.in/g/noc26-hs245-announce (Caused by NameResolutionError(""HTTPSConnection(host='groups.google.com', port=443): Failed to resolve 'groups.google.com' ([Errno 11001] getaddrinfo failed)""))",http
noc26_hs246,noc26-hs246-announce,,"HTTP error: HTTPSConnectionPool(host='groups.google.com', port=443): Max retries exceeded with url: /a/nptel.iitm.ac.in/g/noc26-hs246-announce (Caused by NameResolutionError(""HTTPSConnection(host='groups.google.com', port=443): Failed to resolve 'groups.google.com' ([Errno 11001] getaddrinfo failed)""))",http
noc26_hs247,noc26-hs247-announce,,"HTTP error: HTTPSConnectionPool(host='groups.google.com', port=443): Max retries exceeded with url: /a/nptel.iitm.ac.in/g/noc26-hs247-announce (Caused by NameResolutionError(""HTTPSConnection(host='groups.google.com', port=443): Failed to resolve 'groups.google.com' ([Errno 11001] getaddrinfo failed)""))",http
noc26_hs248,noc26-hs248-announce,,"HTTP error: HTTPSConnectionPool(host='groups.google.com', port=443): Max retries exceeded with url: /a/nptel.iitm.ac.in/g/noc26-hs248-announce (Caused by NameResolutionError(""HTTPSConnection(host='groups.google.com', port=443): Failed to resolve 'groups.google.com' ([Errno 11001] getaddrinfo failed)""))",http
noc26_hs249,noc26-hs249-announce,,"HTTP error: HTTPSConnectionPool(host='groups.google.com', port=443): Max retries exceeded with url: /a/nptel.iitm.ac.in/g/noc26-hs249-announce (Caused by NameResolutionError(""HTTPSConnection(host='groups.google.com', port=443): Failed to resolve 'groups.google.com' ([Errno 11001] getaddrinfo failed)""))",http
noc26_hs250,noc26-hs250-announce,,"HTTP error: HTTPSConnectionPool(host='groups.google.com', port=443): Max retries exceeded with url: /a/nptel.iitm.ac.in/g/noc26-hs250-announce (Caused by NameResolutionError(""HTTPSConnection(host='groups.google.com', port=443): Failed to resolve 'groups.google.com' ([Errno 11001] getaddrinfo failed)""))",http
noc26_hs251,noc26-hs251-announce,,"HTTP error: HTTPSConnectionPool(host='groups.google.com', port=443): Max retries exceeded with url: /a/nptel.iitm.ac.in/g/noc26-hs251-announce (Caused by NameResolutionError(""HTTPSConnection(host='groups.google.com', port=443): Failed to resolve 'groups.google.com' ([Errno 11001] getaddrinfo failed)""))",http
noc26_hs252,noc26-hs252-announce,,"HTTP error: HTTPSConnectionPool(host='groups.google.com', port=443): Max retries exceeded with url: /a/nptel.iitm.ac.in/g/noc26-hs252-announce (Caused by NameResolutionError(""HTTPSConnection(host='groups.google.com', port=443): Failed to resolve 'groups.google.com' ([Errno 11001] getaddrinfo failed)""))",http
noc26_hs253,noc26-hs253-announce,,"HTTP error: HTTPSConnectionPool(host='groups.google.com', port=443): Max retries exceeded with url: /a/nptel.iitm.ac.in/g/noc26-hs253-announce (Caused by NameResolutionError(""HTTPSConnection(host='groups.google.com', port=443): Failed to resolve 'groups.google.com' ([Errno 11002] getaddrinfo failed)""))",http
noc26_hs254,noc26-hs254-announce,,"HTTP error: HTTPSConnectionPool(host='groups.google.com', port=443): Max retries exceeded with url: /a/nptel.iitm.ac.in/g/noc26-hs254-announce (Caused by NameResolutionError(""HTTPSConnection(host='groups.google.com', port=443): Failed to resolve 'groups.google.com' ([Errno 11002] getaddrinfo failed)""))",http
noc26_lw11,noc26-lw11-announce,,"HTTP error: HTTPSConnectionPool(host='groups.google.com', port=443): Max retries exceeded with url: /a/nptel.iitm.ac.in/g/noc26-lw11-announce (Caused by NameResolutionError(""HTTPSConnection(host='groups.google.com', port=443): Failed to resolve 'groups.google.com' ([Errno 11002] getaddrinfo failed)""))",http
noc26_lw12,noc26-lw12-announce,,"HTTP error: HTTPSConnectionPool(host='groups.google.com', port=443): Max retries exceeded with url: /a/nptel.iitm.ac.in/g/noc26-lw12-announce (Caused by NameResolutionError(""HTTPSConnection(host='groups.google.com', port=443): Failed to resolve 'groups.google.com' ([Errno 11002] getaddrinfo failed)""))",http
noc26_lw13,noc26-lw13-announce,,"HTTP error: HTTPSConnectionPool(host='groups.google.com', port=443): Max retries exceeded with url: /a/nptel.iitm.ac.in/g/noc26-lw13-announce (Caused by NameResolutionError(""HTTPSConnection(host='groups.google.com', port=443): Failed to resolve 'groups.google.com' ([Errno 11002] getaddrinfo failed)""))",http
noc26_lw14,noc26-lw14-announce,,"HTTP error: HTTPSConnectionPool(host='groups.google.com', port=443): Max retries exceeded with url: /a/nptel.iitm.ac.in/g/noc26-lw14-announce (Caused by NameResolutionError(""HTTPSConnection(host='groups.google.com', port=443): Failed to resolve 'groups.google.com' ([Errno 11002] getaddrinfo failed)""))",http
noc26_lw15,noc26-lw15-announce,,"HTTP error: HTTPSConnectionPool(host='groups.google.com', port=443): Max retries exceeded with url: /a/nptel.iitm.ac.in/g/noc26-lw15-announce (Caused by NameResolutionError(""HTTPSConnection(host='groups.google.com', port=443): Failed to resolve 'groups.google.com' ([Errno 11002] getaddrinfo failed)""))",http
noc26_lw16,noc26-lw16-announce,,"HTTP error: HTTPSConnectionPool(host='groups.google.com', port=443): Max retries exceeded with url: /a/nptel.iitm.ac.in/g/noc26-lw16-announce (Caused by NameResolutionError(""HTTPSConnection(host='groups.google.com', port=443): Failed to resolve 'groups.google.com' ([Errno 11002] getaddrinfo failed)""))",http
noc26_lw17,noc26-lw17-announce,,"HTTP error: HTTPSConnectionPool(host='groups.google.com', port=443): Max retries exceeded with url: /a/nptel.iitm.ac.in/g/noc26-lw17-announce (Caused by NameResolutionError(""HTTPSConnection(host='groups.google.com', port=443): Failed to resolve 'groups.google.com' ([Errno 11002] getaddrinfo failed)""))",http
noc26_lw18,noc26-lw18-announce,,"HTTP error: HTTPSConnectionPool(host='groups.google.com', port=443): Max retries exceeded with url: /a/nptel.iitm.ac.in/g/noc26-lw18-announce (Caused by NameResolutionError(""HTTPSConnection(host='groups.google.com', port=443): Failed to resolve 'groups.google.com' ([Errno 11002] getaddrinfo failed)""))",http
noc26_lw19,noc26-lw19-announce,,"HTTP error: HTTPSConnectionPool(host='groups.google.com', port=443): Max retries exceeded with url: /a/nptel.iitm.ac.in/g/noc26-lw19-announce (Caused by NameResolutionError(""HTTPSConnection(host='groups.google.com', port=443): Failed to resolve 'groups.google.com' ([Errno 11002] getaddrinfo failed)""))",http
noc26_lw20,noc26-lw20-announce,,"HTTP error: HTTPSConnectionPool(host='groups.google.com', port=443): Max retries exceeded with url: /a/nptel.iitm.ac.in/g/noc26-lw20-announce (Caused by NameResolutionError(""HTTPSConnection(host='groups.google.com', port=443): Failed to resolve 'groups.google.com' ([Errno 11002] getaddrinfo failed)""))",http
noc26_lw21,noc26-lw21-announce,,"HTTP error: HTTPSConnectionPool(host='groups.google.com', port=443): Max retries exceeded with url: /a/nptel.iitm.ac.in/g/noc26-lw21-announce (Caused by NameResolutionError(""HTTPSConnection(host='groups.google.com', port=443): Failed to resolve 'groups.google.com' ([Errno 11002] getaddrinfo failed)""))",http
noc26_lw22,noc26-lw22-announce,,"HTTP error: HTTPSConnectionPool(host='groups.google.com', port=443): Max retries exceeded with url: /a/nptel.iitm.ac.in/g/noc26-lw22-announce (Caused by NameResolutionError(""HTTPSConnection(host='groups.google.com', port=443): Failed to resolve 'groups.google.com' ([Errno 11002] getaddrinfo failed)""))",http
noc26_lw23,noc26-lw23-announce,,"HTTP error: HTTPSConnectionPool(host='groups.google.com', port=443): Max retries exceeded with url: /a/nptel.iitm.ac.in/g/noc26-lw23-announce (Caused by NameResolutionError(""HTTPSConnection(host='groups.google.com', port=443): Failed to resolve 'groups.google.com' ([Errno 11002] getaddrinfo failed)""))",http
noc26_lw24,noc26-lw24-announce,,"HTTP error: HTTPSConnectionPool(host='groups.google.com', port=443): Max retries exceeded with url: /a/nptel.iitm.ac.in/g/noc26-lw24-announce (Caused by NameResolutionError(""HTTPSConnection(host='groups.google.com', port=443): Failed to resolve 'groups.google.com' ([Errno 11002] getaddrinfo failed)""))",http
noc26_lw25,noc26-lw25-announce,,"HTTP error: HTTPSConnectionPool(host='groups.google.com', port=443): Max retries exceeded with url: /a/nptel.iitm.ac.in/g/noc26-lw25-announce (Caused by NameResolutionError(""HTTPSConnection(host='groups.google.com', port=443): Failed to resolve 'groups.google.com' ([Errno 11002] getaddrinfo failed)""))",http
noc26_lw26,noc26-lw26-announce,,"HTTP error: HTTPSConnectionPool(host='groups.google.com', port=443): Max retries exceeded with url: /a/nptel.iitm.ac.in/g/noc26-lw26-announce (Caused by NameResolutionError(""HTTPSConnection(host='groups.google.com', port=443): Failed to resolve 'groups.google.com' ([Errno 11002] getaddrinfo failed)""))",http
noc26_lw27,noc26-lw27-announce,,"HTTP error: HTTPSConnectionPool(host='groups.google.com', port=443): Max retries exceeded with url: /a/nptel.iitm.ac.in/g/noc26-lw27-announce (Caused by NameResolutionError(""HTTPSConnection(host='groups.google.com', port=443): Failed to resolve 'groups.google.com' ([Errno 11002] getaddrinfo failed)""))",http
noc26_lw28,noc26-lw28-announce,,"HTTP error: HTTPSConnectionPool(host='groups.google.com', port=443): Max retries exceeded with url: /a/nptel.iitm.ac.in/g/noc26-lw28-announce (Caused by NameResolutionError(""HTTPSConnection(host='groups.google.com', port=443): Failed to resolve 'groups.google.com' ([Errno 11002] getaddrinfo failed)""))",http
noc26_ma100,noc26-ma100-announce,,"HTTP error: HTTPSConnectionPool(host='groups.google.com', port=443): Max retries exceeded with url: /a/nptel.iitm.ac.in/g/noc26-ma100-announce (Caused by NameResolutionError(""HTTPSConnection(host='groups.google.com', port=443): Failed to resolve 'groups.google.com' ([Errno 11002] getaddrinfo failed)""))",http
noc26_ma101,noc26-ma101-announce,,"HTTP error: HTTPSConnectionPool(host='groups.google.com', port=443): Max retries exceeded with url: /a/nptel.iitm.ac.in/g/noc26-ma101-announce (Caused by NameResolutionError(""HTTPSConnection(host='groups.google.com', port=443): Failed to resolve 'groups.google.com' ([Errno 11002] getaddrinfo failed)""))",http
noc26_ma102,noc26-ma102-announce,,"HTTP error: HTTPSConnectionPool(host='groups.google.com', port=443): Max retries exceeded with url: /a/nptel.iitm.ac.in/g/noc26-ma102-announce (Caused by NameResolutionError(""HTTPSConnection(host='groups.google.com', port=443): Failed to resolve 'groups.google.com' ([Errno 11002] getaddrinfo failed)""))",http
noc26_ma103,noc26-ma103-announce,,"HTTP error: HTTPSConnectionPool(host='groups.google.com', port=443): Max retries exceeded with url: /a/nptel.iitm.ac.in/g/noc26-ma103-announce (Caused by NameResolutionError(""HTTPSConnection(host='groups.google.com', port=443): Failed to resolve 'groups.google.com' ([Errno 11002] getaddrinfo failed)""))",http
noc26_ma104,noc26-ma104-announce,,"HTTP error: HTTPSConnectionPool(host='groups.google.com', port=443): Max retries exceeded with url: /a/nptel.iitm.ac.in/g/noc26-ma104-announce (Caused by NameResolutionError(""HTTPSConnection(host='groups.google.com', port=443): Failed to resolve 'groups.google.com' ([Errno 11002] getaddrinfo failed)""))",http
noc26_ma105,noc26-ma105-announce,,"HTTP error: HTTPSConnectionPool(host='groups.google.com', port=443): Max retries exceeded with url: /a/nptel.iitm.ac.in/g/noc26-ma105-announce (Caused by NameResolutionError(""HTTPSConnection(host='groups.google.com', port=443): Failed to resolve 'groups.google.com' ([Errno 11002] getaddrinfo failed)""))",http
noc26_ma106,noc26-ma106-announce,,"HTTP error: HTTPSConnectionPool(host='groups.google.com', port=443): Max retries exceeded with url: /a/nptel.iitm.ac.in/g/noc26-ma106-announce (Caused by NameResolutionError(""HTTPSConnection(host='groups.google.com', port=443): Failed to resolve 'groups.google.com' ([Errno 11002] getaddrinfo failed)""))",http
noc26_ma107,noc26-ma107-announce,,"HTTP error: HTTPSConnectionPool(host='groups.google.com', port=443): Max retries exceeded with url: /a/nptel.iitm.ac.in/g/noc26-ma107-announce (Caused by NameResolutionError(""HTTPSConnection(host='groups.google.com', port=443): Failed to resolve 'groups.google.com' ([Errno 11002] getaddrinfo failed)""))",http
noc26_ma108,noc26-ma108-announce,,"HTTP error: HTTPSConnectionPool(host='groups.google.com', port=443): Max retries exceeded with url: /a/nptel.iitm.ac.in/g/noc26-ma108-announce (Caused by NameResolutionError(""HTTPSConnection(host='groups.google.com', port=443): Failed to resolve 'groups.google.com' ([Errno 11002] getaddrinfo failed)""))",http
noc26_ma109,noc26-ma109-announce,,"HTTP error: HTTPSConnectionPool(host='groups.google.com', port=443): Max retries exceeded with url: /a/nptel.iitm.ac.in/g/noc26-ma109-announce (Caused by NameResolutionError(""HTTPSConnection(host='groups.google.com', port=443): Failed to resolve 'groups.google.com' ([Errno 11002] getaddrinfo failed)""))",http
noc26_ma110,noc26-ma110-announce,,"HTTP error: HTTPSConnectionPool(host='groups.google.com', port=443): Max retries exceeded with url: /a/nptel.iitm.ac.in/g/noc26-ma110-announce (Caused by NameResolutionError(""HTTPSConnection(host='groups.google.com', port=443): Failed to resolve 'groups.google.com' ([Errno 11002] getaddrinfo failed)""))",http
noc26_ma111,noc26-ma111-announce,,"HTTP error: HTTPSConnectionPool(host='groups.google.com', port=443): Max retries exceeded with url: /a/nptel.iitm.ac.in/g/noc26-ma111-announce (Caused by NameResolutionError(""HTTPSConnection(host='groups.google.com', port=443): Failed to resolve 'groups.google.com' ([Errno 11002] getaddrinfo failed)""))",http
noc26_ma112,noc26-ma112-announce,,"HTTP error: HTTPSConnectionPool(host='groups.google.com', port=443): Max retries exceeded with url: /a/nptel.iitm.ac.in/g/noc26-ma112-announce (Caused by NameResolutionError(""HTTPSConnection(host='groups.google.com', port=443): Failed to resolve 'groups.google.com' ([Errno 11002] getaddrinfo failed)""))",http
noc26_ma113,noc26-ma113-announce,,"HTTP error: HTTPSConnectionPool(host='groups.google.com', port=443): Max retries exceeded with url: /a/nptel.iitm.ac.in/g/noc26-ma113-announce (Caused by NameResolutionError(""HTTPSConnection(host='groups.google.com', port=443): Failed to resolve 'groups.google.com' ([Errno 11002] getaddrinfo failed)""))",http
noc26_ma114,noc26-ma114-announce,,"HTTP error: HTTPSConnectionPool(host='groups.google.com', port=443): Max retries exceeded with url: /a/nptel.iitm.ac.in/g/noc26-ma114-announce (Caused by NameResolutionError(""HTTPSConnection(host='groups.google.com', port=443): Failed to resolve 'groups.google.com' ([Errno 11002] getaddrinfo failed)""))",http
noc26_ma115,noc26-ma115-announce,,"HTTP error: HTTPSConnectionPool(host='groups.google.com', port=443): Max retries exceeded with url: /a/nptel.iitm.ac.in/g/noc26-ma115-announce (Caused by NameResolutionError(""HTTPSConnection(host='groups.google.com', port=443): Failed to resolve 'groups.google.com' ([Errno 11002] getaddrinfo failed)""))",http
noc26_ma116,noc26-ma116-announce,,"HTTP error: HTTPSConnectionPool(host='groups.google.com', port=443): Max retries exceeded with url: /a/nptel.iitm.ac.in/g/noc26-ma116-announce (Caused by NameResolutionError(""HTTPSConnection(host='groups.google.com', port=443): Failed to resolve 'groups.google.com' ([Errno 11002] getaddrinfo failed)""))",http
noc26_ma117,noc26-ma117-announce,,"HTTP error: HTTPSConnectionPool(host='groups.google.com', port=443): Max retries exceeded with url: /a/nptel.iitm.ac.in/g/noc26-ma117-announce (Caused by NameResolutionError(""HTTPSConnection(host='groups.google.com', port=443): Failed to resolve 'groups.google.com' ([Errno 11002] getaddrinfo failed)""))",http
noc26_ma118,noc26-ma118-announce,,"HTTP error: HTTPSConnectionPool(host='groups.google.com', port=443): Max retries exceeded with url: /a/nptel.iitm.ac.in/g/noc26-ma118-announce (Caused by NameResolutionError(""HTTPSConnection(host='groups.google.com', port=443): Failed to resolve 'groups.google.com' ([Errno 11002] getaddrinfo failed)""))",http
noc26_ma119,noc26-ma119-announce,,"HTTP error: HTTPSConnectionPool(host='groups.google.com', port=443): Max retries exceeded with url: /a/nptel.iitm.ac.in/g/noc26-ma119-announce (Caused by NameResolutionError(""HTTPSConnection(host='groups.google.com', port=443): Failed to resolve 'groups.google.com' ([Errno 11002] getaddrinfo failed)""))",http
noc26_ma120,noc26-ma120-announce,,"HTTP error: HTTPSConnectionPool(host='groups.google.com', port=443): Max retries exceeded with url: /a/nptel.iitm.ac.in/g/noc26-ma120-announce (Caused by NameResolutionError(""HTTPSConnection(host='groups.google.com', port=443): Failed to resolve 'groups.google.com' ([Errno 11002] getaddrinfo failed)""))",http
noc26_ma121,noc26-ma121-announce,,"HTTP error: HTTPSConnectionPool(host='groups.google.com', port=443): Max retries exceeded with url: /a/nptel.iitm.ac.in/g/noc26-ma121-announce (Caused by NameResolutionError(""HTTPSConnection(host='groups.google.com', port=443): Failed to resolve 'groups.google.com' ([Errno 11002] getaddrinfo failed)""))",http
noc26_ma122,noc26-ma122-announce,,"HTTP error: HTTPSConnectionPool(host='groups.google.com', port=443): Max retries exceeded with url: /a/nptel.iitm.ac.in/g/noc26-ma122-announce (Caused by NameResolutionError(""HTTPSConnection(host='groups.google.com', port=443): Failed to resolve 'groups.google.com' ([Errno 11002] getaddrinfo failed)""))",http
noc26_ma123,noc26-ma123-announce,,"HTTP error: HTTPSConnectionPool(host='groups.google.com', port=443): Max retries exceeded with url: /a/nptel.iitm.ac.in/g/noc26-ma123-announce (Caused by NameResolutionError(""HTTPSConnection(host='groups.google.com', port=443): Failed to resolve 'groups.google.com' ([Errno 11002] getaddrinfo failed)""))",http
noc26_ma124,noc26-ma124-announce,,"HTTP error: HTTPSConnectionPool(host='groups.google.com', port=443): Max retries exceeded with url: /a/nptel.iitm.ac.in/g/noc26-ma124-announce (Caused by NameResolutionError(""HTTPSConnection(host='groups.google.com', port=443): Failed to resolve 'groups.google.com' ([Errno 11002] getaddrinfo failed)""))",http
noc26_ma125,noc26-ma125-announce,,"HTTP error: HTTPSConnectionPool(host='groups.google.com', port=443): Max retries exceeded with url: /a/nptel.iitm.ac.in/g/noc26-ma125-announce (Caused by NameResolutionError(""HTTPSConnection(host='groups.google.com', port=443): Failed to resolve 'groups.google.com' ([Errno 11002] getaddrinfo failed)""))",http
noc26_ma126,noc26-ma126-announce,,"HTTP error: HTTPSConnectionPool(host='groups.google.com', port=443): Max retries exceeded with url: /a/nptel.iitm.ac.in/g/noc26-ma126-announce (Caused by NameResolutionError(""HTTPSConnection(host='groups.google.com', port=443): Failed to resolve 'groups.google.com' ([Errno 11002] getaddrinfo failed)""))",http
noc26_ma127,noc26-ma127-announce,,"HTTP error: HTTPSConnectionPool(host='groups.google.com', port=443): Max retries exceeded with url: /a/nptel.iitm.ac.in/g/noc26-ma127-announce (Caused by NameResolutionError(""HTTPSConnection(host='groups.google.com', port=443): Failed to resolve 'groups.google.com' ([Errno 11002] getaddrinfo failed)""))",http
noc26_ma128,noc26-ma128-announce,,"HTTP error: HTTPSConnectionPool(host='groups.google.com', port=443): Max retries exceeded with url: /a/nptel.iitm.ac.in/g/noc26-ma128-announce (Caused by NameResolutionError(""HTTPSConnection(host='groups.google.com', port=443): Failed to resolve 'groups.google.com' ([Errno 11002] getaddrinfo failed)""))",http
noc26_ma129,noc26-ma129-announce,,"HTTP error: HTTPSConnectionPool(host='groups.google.com', port=443): Max retries exceeded with url: /a/nptel.iitm.ac.in/g/noc26-ma129-announce (Caused by NameResolutionError(""HTTPSConnection(host='groups.google.com', port=443): Failed to resolve 'groups.google.com' ([Errno 11002] getaddrinfo failed)""))",http
noc26_ma130,noc26-ma130-announce,,"HTTP error: HTTPSConnectionPool(host='groups.google.com', port=443): Max retries exceeded with url: /a/nptel.iitm.ac.in/g/noc26-ma130-announce (Caused by NameResolutionError(""HTTPSConnection(host='groups.google.com', port=443): Failed to resolve 'groups.google.com' ([Errno 11002] getaddrinfo failed)""))",http
noc26_ma131,noc26-ma131-announce,,"HTTP error: HTTPSConnectionPool(host='groups.google.com', port=443): Max retries exceeded with url: /a/nptel.iitm.ac.in/g/noc26-ma131-announce (Caused by NameResolutionError(""HTTPSConnection(host='groups.google.com', port=443): Failed to resolve 'groups.google.com' ([Errno 11002] getaddrinfo failed)""))",http
noc26_ma132,noc26-ma132-announce,,"HTTP error: HTTPSConnectionPool(host='groups.google.com', port=443): Max retries exceeded with url: /a/nptel.iitm.ac.in/g/noc26-ma132-announce (Caused by NameResolutionError(""HTTPSConnection(host='groups.google.com', port=443): Failed to resolve 'groups.google.com' ([Errno 11002] getaddrinfo failed)""))",http
noc26_ma133,noc26-ma133-announce,,"HTTP error: HTTPSConnectionPool(host='groups.google.com', port=443): Max retries exceeded with url: /a/nptel.iitm.ac.in/g/noc26-ma133-announce (Caused by NameResolutionError(""HTTPSConnection(host='groups.google.com', port=443): Failed to resolve 'groups.google.com' ([Errno 11002] getaddrinfo failed)""))",http
noc26_ma134,noc26-ma134-announce,,"HTTP error: HTTPSConnectionPool(host='groups.google.com', port=443): Max retries exceeded with url: /a/nptel.iitm.ac.in/g/noc26-ma134-announce (Caused by NameResolutionError(""HTTPSConnection(host='groups.google.com', port=443): Failed to resolve 'groups.google.com' ([Errno 11002] getaddrinfo failed)""))",http
noc26_ma135,noc26-ma135-announce,,"HTTP error: HTTPSConnectionPool(host='groups.google.com', port=443): Max retries exceeded with url: /a/nptel.iitm.ac.in/g/noc26-ma135-announce (Caused by NameResolutionError(""HTTPSConnection(host='groups.google.com', port=443): Failed to resolve 'groups.google.com' ([Errno 11002] getaddrinfo failed)""))",http
noc26_ma136,noc26-ma136-announce,,"HTTP error: HTTPSConnectionPool(host='groups.google.com', port=443): Max retries exceeded with url: /a/nptel.iitm.ac.in/g/noc26-ma136-announce (Caused by NameResolutionError(""HTTPSConnection(host='groups.google.com', port=443): Failed to resolve 'groups.google.com' ([Errno 11002] getaddrinfo failed)""))",http
noc26_ma137,noc26-ma137-announce,,"HTTP error: HTTPSConnectionPool(host='groups.google.com', port=443): Max retries exceeded with url: /a/nptel.iitm.ac.in/g/noc26-ma137-announce (Caused by NameResolutionError(""HTTPSConnection(host='groups.google.com', port=443): Failed to resolve 'groups.google.com' ([Errno 11002] getaddrinfo failed)""))",http
noc26_ma138,noc26-ma138-announce,,"HTTP error: HTTPSConnectionPool(host='groups.google.com', port=443): Max retries exceeded with url: /a/nptel.iitm.ac.in/g/noc26-ma138-announce (Caused by NameResolutionError(""HTTPSConnection(host='groups.google.com', port=443): Failed to resolve 'groups.google.com' ([Errno 11002] getaddrinfo failed)""))",http
noc26_ma139,noc26-ma139-announce,,"HTTP error: HTTPSConnectionPool(host='groups.google.com', port=443): Max retries exceeded with url: /a/nptel.iitm.ac.in/g/noc26-ma139-announce (Caused by NameResolutionError(""HTTPSConnection(host='groups.google.com', port=443): Failed to resolve 'groups.google.com' ([Errno 11002] getaddrinfo failed)""))",http
noc26_ma140,noc26-ma140-announce,,"HTTP error: HTTPSConnectionPool(host='groups.google.com', port=443): Max retries exceeded with url: /a/nptel.iitm.ac.in/g/noc26-ma140-announce (Caused by NameResolutionError(""HTTPSConnection(host='groups.google.com', port=443): Failed to resolve 'groups.google.com' ([Errno 11002] getaddrinfo failed)""))",http
noc26_ma141,noc26-ma141-announce,,"HTTP error: HTTPSConnectionPool(host='groups.google.com', port=443): Max retries exceeded with url: /a/nptel.iitm.ac.in/g/noc26-ma141-announce (Caused by NameResolutionError(""HTTPSConnection(host='groups.google.com', port=443): Failed to resolve 'groups.google.com' ([Errno 11002] getaddrinfo failed)""))",http
noc26_ma142,noc26-ma142-announce,,"HTTP error: HTTPSConnectionPool(host='groups.google.com', port=443): Max retries exceeded with url: /a/nptel.iitm.ac.in/g/noc26-ma142-announce (Caused by NameResolutionError(""HTTPSConnection(host='groups.google.com', port=443): Failed to resolve 'groups.google.com' ([Errno 11002] getaddrinfo failed)""))",http
noc26_ma143,noc26-ma143-announce,,"HTTP error: HTTPSConnectionPool(host='groups.google.com', port=443): Max retries exceeded with url: /a/nptel.iitm.ac.in/g/noc26-ma143-announce (Caused by NameResolutionError(""HTTPSConnection(host='groups.google.com', port=443): Failed to resolve 'groups.google.com' ([Errno 11002] getaddrinfo failed)""))",http
noc26_ma144,noc26-ma144-announce,,"HTTP error: HTTPSConnectionPool(host='groups.google.com', port=443): Max retries exceeded with url: /a/nptel.iitm.ac.in/g/noc26-ma144-announce (Caused by NameResolutionError(""HTTPSConnection(host='groups.google.com', port=443): Failed to resolve 'groups.google.com' ([Errno 11002] getaddrinfo failed)""))",http
noc26_ma145,noc26-ma145-announce,,"HTTP error: HTTPSConnectionPool(host='groups.google.com', port=443): Max retries exceeded with url: /a/nptel.iitm.ac.in/g/noc26-ma145-announce (Caused by NameResolutionError(""HTTPSConnection(host='groups.google.com', port=443): Failed to resolve 'groups.google.com' ([Errno 11002] getaddrinfo failed)""))",http
noc26_ma71,noc26-ma71-announce,,"HTTP error: HTTPSConnectionPool(host='groups.google.com', port=443): Max retries exceeded with url: /a/nptel.iitm.ac.in/g/noc26-ma71-announce (Caused by NameResolutionError(""HTTPSConnection(host='groups.google.com', port=443): Failed to resolve 'groups.google.com' ([Errno 11002] getaddrinfo failed)""))",http
noc26_ma72,noc26-ma72-announce,,"HTTP error: HTTPSConnectionPool(host='groups.google.com', port=443): Max retries exceeded with url: /a/nptel.iitm.ac.in/g/noc26-ma72-announce (Caused by NameResolutionError(""HTTPSConnection(host='groups.google.com', port=443): Failed to resolve 'groups.google.com' ([Errno 11002] getaddrinfo failed)""))",http
noc26_ma73,noc26-ma73-announce,,"HTTP error: HTTPSConnectionPool(host='groups.google.com', port=443): Max retries exceeded with url: /a/nptel.iitm.ac.in/g/noc26-ma73-announce (Caused by NameResolutionError(""HTTPSConnection(host='groups.google.com', port=443): Failed to resolve 'groups.google.com' ([Errno 11002] getaddrinfo failed)""))",http
noc26_ma74,noc26-ma74-announce,,"HTTP error: HTTPSConnectionPool(host='groups.google.com', port=443): Max retries exceeded with url: /a/nptel.iitm.ac.in/g/noc26-ma74-announce (Caused by NameResolutionError(""HTTPSConnection(host='groups.google.com', port=443): Failed to resolve 'groups.google.com' ([Errno 11002] getaddrinfo failed)""))",http
noc26_ma75,noc26-ma75-announce,,"HTTP error: HTTPSConnectionPool(host='groups.google.com', port=443): Max retries exceeded with url: /a/nptel.iitm.ac.in/g/noc26-ma75-announce (Caused by NameResolutionError(""HTTPSConnection(host='groups.google.com', port=443): Failed to resolve 'groups.google.com' ([Errno 11002] getaddrinfo failed)""))",http
noc26_ma77,noc26-ma77-announce,,"HTTP error: HTTPSConnectionPool(host='groups.google.com', port=443): Max retries exceeded with url: /a/nptel.iitm.ac.in/g/noc26-ma77-announce (Caused by NameResolutionError(""HTTPSConnection(host='groups.google.com', port=443): Failed to resolve 'groups.google.com' ([Errno 11002] getaddrinfo failed)""))",http
noc26_ma78,noc26-ma78-announce,,"HTTP error: HTTPSConnectionPool(host='groups.google.com', port=443): Max retries exceeded with url: /a/nptel.iitm.ac.in/g/noc26-ma78-announce (Caused by NameResolutionError(""HTTPSConnection(host='groups.google.com', port=443): Failed to resolve 'groups.google.com' ([Errno 11002] getaddrinfo failed)""))",http
noc26_ma79,noc26-ma79-announce,,"HTTP error: HTTPSConnectionPool(host='groups.google.com', port=443): Max retries exceeded with url: /a/nptel.iitm.ac.in/g/noc26-ma79-announce (Caused by NameResolutionError(""HTTPSConnection(host='groups.google.com', port=443): Failed to resolve 'groups.google.com' ([Errno 11002] getaddrinfo failed)""))",http
noc26_ma80,noc26-ma80-announce,,"HTTP error: HTTPSConnectionPool(host='groups.google.com', port=443): Max retries exceeded with url: /a/nptel.iitm.ac.in/g/noc26-ma80-announce (Caused by NameResolutionError(""HTTPSConnection(host='groups.google.com', port=443): Failed to resolve 'groups.google.com' ([Errno 11002] getaddrinfo failed)""))",http
noc26_ma81,noc26-ma81-announce,,"HTTP error: HTTPSConnectionPool(host='groups.google.com', port=443): Max retries exceeded with url: /a/nptel.iitm.ac.in/g/noc26-ma81-announce (Caused by NameResolutionError(""HTTPSConnection(host='groups.google.com', port=443): Failed to resolve 'groups.google.com' ([Errno 11002] getaddrinfo failed)""))",http
noc26_ma83,noc26-ma83-announce,,"HTTP error: HTTPSConnectionPool(host='groups.google.com', port=443): Max retries exceeded with url: /a/nptel.iitm.ac.in/g/noc26-ma83-announce (Caused by NameResolutionError(""HTTPSConnection(host='groups.google.com', port=443): Failed to resolve 'groups.google.com' ([Errno 11002] getaddrinfo failed)""))",http
noc26_ma84,noc26-ma84-announce,,"HTTP error: HTTPSConnectionPool(host='groups.google.com', port=443): Max retries exceeded with url: /a/nptel.iitm.ac.in/g/noc26-ma84-announce (Caused by NameResolutionError(""HTTPSConnection(host='groups.google.com', port=443): Failed to resolve 'groups.google.com' ([Errno 11002] getaddrinfo failed)""))",http
noc26_ma85,noc26-ma85-announce,,"HTTP error: HTTPSConnectionPool(host='groups.google.com', port=443): Max retries exceeded with url: /a/nptel.iitm.ac.in/g/noc26-ma85-announce (Caused by NameResolutionError(""HTTPSConnection(host='groups.google.com', port=443): Failed to resolve 'groups.google.com' ([Errno 11002] getaddrinfo failed)""))",http
noc26_ma86,noc26-ma86-announce,,"HTTP error: HTTPSConnectionPool(host='groups.google.com', port=443): Max retries exceeded with url: /a/nptel.iitm.ac.in/g/noc26-ma86-announce (Caused by NameResolutionError(""HTTPSConnection(host='groups.google.com', port=443): Failed to resolve 'groups.google.com' ([Errno 11002] getaddrinfo failed)""))",http
noc26_ma87,noc26-ma87-announce,,"HTTP error: HTTPSConnectionPool(host='groups.google.com', port=443): Max retries exceeded with url: /a/nptel.iitm.ac.in/g/noc26-ma87-announce (Caused by NameResolutionError(""HTTPSConnection(host='groups.google.com', port=443): Failed to resolve 'groups.google.com' ([Errno 11002] getaddrinfo failed)""))",http
noc26_ma88,noc26-ma88-announce,,"HTTP error: HTTPSConnectionPool(host='groups.google.com', port=443): Max retries exceeded with url: /a/nptel.iitm.ac.in/g/noc26-ma88-announce (Caused by NameResolutionError(""HTTPSConnection(host='groups.google.com', port=443): Failed to resolve 'groups.google.com' ([Errno 11002] getaddrinfo failed)""))",http
noc26_ma89,noc26-ma89-announce,,"HTTP error: HTTPSConnectionPool(host='groups.google.com', port=443): Max retries exceeded with url: /a/nptel.iitm.ac.in/g/noc26-ma89-announce (Caused by NameResolutionError(""HTTPSConnection(host='groups.google.com', port=443): Failed to resolve 'groups.google.com' ([Errno 11002] getaddrinfo failed)""))",http
noc26_ma90,noc26-ma90-announce,,"HTTP error: HTTPSConnectionPool(host='groups.google.com', port=443): Max retries exceeded with url: /a/nptel.iitm.ac.in/g/noc26-ma90-announce (Caused by NameResolutionError(""HTTPSConnection(host='groups.google.com', port=443): Failed to resolve 'groups.google.com' ([Errno 11002] getaddrinfo failed)""))",http
noc26_ma91,noc26-ma91-announce,,"HTTP error: HTTPSConnectionPool(host='groups.google.com', port=443): Max retries exceeded with url: /a/nptel.iitm.ac.in/g/noc26-ma91-announce (Caused by NameResolutionError(""HTTPSConnection(host='groups.google.com', port=443): Failed to resolve 'groups.google.com' ([Errno 11002] getaddrinfo failed)""))",http
noc26_ma92,noc26-ma92-announce,,"HTTP error: HTTPSConnectionPool(host='groups.google.com', port=443): Max retries exceeded with url: /a/nptel.iitm.ac.in/g/noc26-ma92-announce (Caused by NameResolutionError(""HTTPSConnection(host='groups.google.com', port=443): Failed to resolve 'groups.google.com' ([Errno 11002] getaddrinfo failed)""))",http
noc26_ma93,noc26-ma93-announce,,"HTTP error: HTTPSConnectionPool(host='groups.google.com', port=443): Max retries exceeded with url: /a/nptel.iitm.ac.in/g/noc26-ma93-announce (Caused by NameResolutionError(""HTTPSConnection(host='groups.google.com', port=443): Failed to resolve 'groups.google.com' ([Errno 11002] getaddrinfo failed)""))",http
noc26_ma94,noc26-ma94-announce,,"HTTP error: HTTPSConnectionPool(host='groups.google.com', port=443): Max retries exceeded with url: /a/nptel.iitm.ac.in/g/noc26-ma94-announce (Caused by NameResolutionError(""HTTPSConnection(host='groups.google.com', port=443): Failed to resolve 'groups.google.com' ([Errno 11002] getaddrinfo failed)""))",http
noc26_ma95,noc26-ma95-announce,,"HTTP error: HTTPSConnectionPool(host='groups.google.com', port=443): Max retries exceeded with url: /a/nptel.iitm.ac.in/g/noc26-ma95-announce (Caused by NameResolutionError(""HTTPSConnection(host='groups.google.com', port=443): Failed to resolve 'groups.google.com' ([Errno 11002] getaddrinfo failed)""))",http
noc26_ma96,noc26-ma96-announce,,"HTTP error: HTTPSConnectionPool(host='groups.google.com', port=443): Max retries exceeded with url: /a/nptel.iitm.ac.in/g/noc26-ma96-announce (Caused by NameResolutionError(""HTTPSConnection(host='groups.google.com', port=443): Failed to resolve 'groups.google.com' ([Errno 11002] getaddrinfo failed)""))",http
noc26_ma97,noc26-ma97-announce,,"HTTP error: HTTPSConnectionPool(host='groups.google.com', port=443): Max retries exceeded with url: /a/nptel.iitm.ac.in/g/noc26-ma97-announce (Caused by NameResolutionError(""HTTPSConnection(host='groups.google.com', port=443): Failed to resolve 'groups.google.com' ([Errno 11002] getaddrinfo failed)""))",http
noc26_ma98,noc26-ma98-announce,,"HTTP error: HTTPSConnectionPool(host='groups.google.com', port=443): Max retries exceeded with url: /a/nptel.iitm.ac.in/g/noc26-ma98-announce (Caused by NameResolutionError(""HTTPSConnection(host='groups.google.com', port=443): Failed to resolve 'groups.google.com' ([Errno 11002] getaddrinfo failed)""))",http
noc26_ma99,noc26-ma99-announce,,"HTTP error: HTTPSConnectionPool(host='groups.google.com', port=443): Max retries exceeded with url: /a/nptel.iitm.ac.in/g/noc26-ma99-announce (Caused by NameResolutionError(""HTTPSConnection(host='groups.google.com', port=443): Failed to resolve 'groups.google.com' ([Errno 11002] getaddrinfo failed)""))",http
noc26_me104,noc26-me104-announce,,Removed / Unavailable,enrollment status
noc26_me105,noc26-me105-announce,,"HTTP error: HTTPSConnectionPool(host='groups.google.com', port=443): Max retries exceeded with url: /a/nptel.iitm.ac.in/g/noc26-me105-announce (Caused by NameResolutionError(""HTTPSConnection(host='groups.google.com', port=443): Failed to resolve 'groups.google.com' ([Errno 11002] getaddrinfo failed)""))",http
noc26_me106,noc26-me106-announce,,"HTTP error: HTTPSConnectionPool(host='groups.google.com', port=443): Max retries exceeded with url: /a/nptel.iitm.ac.in/g/noc26-me106-announce (Caused by NameResolutionError(""HTTPSConnection(host='groups.google.com', port=443): Failed to resolve 'groups.google.com' ([Errno 11002] getaddrinfo failed)""))",http
noc26_me107,noc26-me107-announce,,"HTTP error: HTTPSConnectionPool(host='groups.google.com', port=443): Max retries exceeded with url: /a/nptel.iitm.ac.in/g/noc26-me107-announce (Caused by NameResolutionError(""HTTPSConnection(host='groups.google.com', port=443): Failed to resolve 'groups.google.com' ([Errno 11002] getaddrinfo failed)""))",http
noc26_me108,noc26-me108-announce,,"HTTP error: HTTPSConnectionPool(host='groups.google.com', port=443): Max retries exceeded with url: /a/nptel.iitm.ac.in/g/noc26-me108-announce (Caused by NameResolutionError(""HTTPSConnection(host='groups.google.com', port=443): Failed to resolve 'groups.google.com' ([Errno 11002] getaddrinfo failed)""))",http
noc26_me109,noc26-me109-announce,,"HTTP error: HTTPSConnectionPool(host='groups.google.com', port=443): Max retries exceeded with url: /a/nptel.iitm.ac.in/g/noc26-me109-announce (Caused by NameResolutionError(""HTTPSConnection(host='groups.google.com', port=443): Failed to resolve 'groups.google.com' ([Errno 11002] getaddrinfo failed)""))",http
noc26_me110,noc26-me110-announce,,"HTTP error: HTTPSConnectionPool(host='groups.google.com', port=443): Max retries exceeded with url: /a/nptel.iitm.ac.in/g/noc26-me110-announce (Caused by NameResolutionError(""HTTPSConnection(host='groups.google.com', port=443): Failed to resolve 'groups.google.com' ([Errno 11002] getaddrinfo failed)""))",http
noc26_me111,noc26-me111-announce,,"HTTP error: HTTPSConnectionPool(host='groups.google.com', port=443): Max retries exceeded with url: /a/nptel.iitm.ac.in/g/noc26-me111-announce (Caused by NameResolutionError(""HTTPSConnection(host='groups.google.com', port=443): Failed to resolve 'groups.google.com' ([Errno 11002] getaddrinfo failed)""))",http
noc26_me112,noc26-me112-announce,,"HTTP error: HTTPSConnectionPool(host='groups.google.com', port=443): Max retries exceeded with url: /a/nptel.iitm.ac.in/g/noc26-me112-announce (Caused by NameResolutionError(""HTTPSConnection(host='groups.google.com', port=443): Failed to resolve 'groups.google.com' ([Errno 11002] getaddrinfo failed)""))",http
noc26_me113,noc26-me113-announce,,"HTTP error: HTTPSConnectionPool(host='groups.google.com', port=443): Max retries exceeded with url: /a/nptel.iitm.ac.in/g/noc26-me113-announce (Caused by NameResolutionError(""HTTPSConnection(host='groups.google.com', port=443): Failed to resolve 'groups.google.com' ([Errno 11002] getaddrinfo failed)""))",http
noc26_me114,noc26-me114-announce,,"HTTP error: HTTPSConnectionPool(host='groups.google.com', port=443): Max retries exceeded with url: /a/nptel.iitm.ac.in/g/noc26-me114-announce (Caused by NameResolutionError(""HTTPSConnection(host='groups.google.com', port=443): Failed to resolve 'groups.google.com' ([Errno 11002] getaddrinfo failed)""))",http
noc26_me115,noc26-me115-announce,,"HTTP error: HTTPSConnectionPool(host='groups.google.com', port=443): Max retries exceeded with url: /a/nptel.iitm.ac.in/g/noc26-me115-announce (Caused by NameResolutionError(""HTTPSConnection(host='groups.google.com', port=443): Failed to resolve 'groups.google.com' ([Errno 11002] getaddrinfo failed)""))",http
noc26_me116,noc26-me116-announce,,"HTTP error: HTTPSConnectionPool(host='groups.google.com', port=443): Max retries exceeded with url: /a/nptel.iitm.ac.in/g/noc26-me116-announce (Caused by NameResolutionError(""HTTPSConnection(host='groups.google.com', port=443): Failed to resolve 'groups.google.com' ([Errno 11002] getaddrinfo failed)""))",http
noc26_me117,noc26-me117-announce,,"HTTP error: HTTPSConnectionPool(host='groups.google.com', port=443): Max retries exceeded with url: /a/nptel.iitm.ac.in/g/noc26-me117-announce (Caused by NameResolutionError(""HTTPSConnection(host='groups.google.com', port=443): Failed to resolve 'groups.google.com' ([Errno 11002] getaddrinfo failed)""))",http
noc26_me118,noc26-me118-announce,,"HTTP error: HTTPSConnectionPool(host='groups.google.com', port=443): Max retries exceeded with url: /a/nptel.iitm.ac.in/g/noc26-me118-announce (Caused by NameResolutionError(""HTTPSConnection(host='groups.google.com', port=443): Failed to resolve 'groups.google.com' ([Errno 11002] getaddrinfo failed)""))",http
noc26_me119,noc26-me119-announce,,"HTTP error: HTTPSConnectionPool(host='groups.google.com', port=443): Max retries exceeded with url: /a/nptel.iitm.ac.in/g/noc26-me119-announce (Caused by NameResolutionError(""HTTPSConnection(host='groups.google.com', port=443): Failed to resolve 'groups.google.com' ([Errno 11002] getaddrinfo failed)""))",http
noc26_me120,noc26-me120-announce,,"HTTP error: HTTPSConnectionPool(host='groups.google.com', port=443): Max retries exceeded with url: /a/nptel.iitm.ac.in/g/noc26-me120-announce (Caused by NameResolutionError(""HTTPSConnection(host='groups.google.com', port=443): Failed to resolve 'groups.google.com' ([Errno 11002] getaddrinfo failed)""))",http
noc26_me121,noc26-me121-announce,,"HTTP error: HTTPSConnectionPool(host='groups.google.com', port=443): Max retries exceeded with url: /a/nptel.iitm.ac.in/g/noc26-me121-announce (Caused by NameResolutionError(""HTTPSConnection(host='groups.google.com', port=443): Failed to resolve 'groups.google.com' ([Errno 11002] getaddrinfo failed)""))",http
noc26_me122,noc26-me122-announce,,"HTTP error: HTTPSConnectionPool(host='groups.google.com', port=443): Max retries exceeded with url: /a/nptel.iitm.ac.in/g/noc26-me122-announce (Caused by NameResolutionError(""HTTPSConnection(host='groups.google.com', port=443): Failed to resolve 'groups.google.com' ([Errno 11002] getaddrinfo failed)""))",http
noc26_me123,noc26-me123-announce,,"HTTP error: HTTPSConnectionPool(host='groups.google.com', port=443): Max retries exceeded with url: /a/nptel.iitm.ac.in/g/noc26-me123-announce (Caused by NameResolutionError(""HTTPSConnection(host='groups.google.com', port=443): Failed to resolve 'groups.google.com' ([Errno 11002] getaddrinfo failed)""))",http
noc26_me124,noc26-me124-announce,,"HTTP error: HTTPSConnectionPool(host='groups.google.com', port=443): Max retries exceeded with url: /a/nptel.iitm.ac.in/g/noc26-me124-announce (Caused by NameResolutionError(""HTTPSConnection(host='groups.google.com', port=443): Failed to resolve 'groups.google.com' ([Errno 11002] getaddrinfo failed)""))",http
noc26_me125,noc26-me125-announce,,"HTTP error: HTTPSConnectionPool(host='groups.google.com', port=443): Max retries exceeded with url: /a/nptel.iitm.ac.in/g/noc26-me125-announce (Caused by NameResolutionError(""HTTPSConnection(host='groups.google.com', port=443): Failed to resolve 'groups.google.com' ([Errno 11002] getaddrinfo failed)""))",http
noc26_me126,noc26-me126-announce,,"HTTP error: HTTPSConnectionPool(host='groups.google.com', port=443): Max retries exceeded with url: /a/nptel.iitm.ac.in/g/noc26-me126-announce (Caused by NameResolutionError(""HTTPSConnection(host='groups.google.com', port=443): Failed to resolve 'groups.google.com' ([Errno 11002] getaddrinfo failed)""))",http
noc26_me127,noc26-me127-announce,,"HTTP error: HTTPSConnectionPool(host='groups.google.com', port=443): Max retries exceeded with url: /a/nptel.iitm.ac.in/g/noc26-me127-announce (Caused by NameResolutionError(""HTTPSConnection(host='groups.google.com', port=443): Failed to resolve 'groups.google.com' ([Errno 11002] getaddrinfo failed)""))",http
noc26_me128,noc26-me128-announce,,"HTTP error: HTTPSConnectionPool(host='groups.google.com', port=443): Max retries exceeded with url: /a/nptel.iitm.ac.in/g/noc26-me128-announce (Caused by NameResolutionError(""HTTPSConnection(host='groups.google.com', port=443): Failed to resolve 'groups.google.com' ([Errno 11002] getaddrinfo failed)""))",http
noc26_me129,noc26-me129-announce,,"HTTP error: HTTPSConnectionPool(host='groups.google.com', port=443): Max retries exceeded with url: /a/nptel.iitm.ac.in/g/noc26-me129-announce (Caused by NameResolutionError(""HTTPSConnection(host='groups.google.com', port=443): Failed to resolve 'groups.google.com' ([Errno 11002] getaddrinfo failed)""))",http
noc26_me130,noc26-me130-announce,,"HTTP error: HTTPSConnectionPool(host='groups.google.com', port=443): Max retries exceeded with url: /a/nptel.iitm.ac.in/g/noc26-me130-announce (Caused by NameResolutionError(""HTTPSConnection(host='groups.google.com', port=443): Failed to resolve 'groups.google.com' ([Errno 11002] getaddrinfo failed)""))",http
noc26_me131,noc26-me131-announce,,"HTTP error: HTTPSConnectionPool(host='groups.google.com', port=443): Max retries exceeded with url: /a/nptel.iitm.ac.in/g/noc26-me131-announce (Caused by NameResolutionError(""HTTPSConnection(host='groups.google.com', port=443): Failed to resolve 'groups.google.com' ([Errno 11002] getaddrinfo failed)""))",http
noc26_me132,noc26-me132-announce,,"HTTP error: HTTPSConnectionPool(host='groups.google.com', port=443): Max retries exceeded with url: /a/nptel.iitm.ac.in/g/noc26-me132-announce (Caused by NameResolutionError(""HTTPSConnection(host='groups.google.com', port=443): Failed to resolve 'groups.google.com' ([Errno 11002] getaddrinfo failed)""))",http
noc26_me133,noc26-me133-announce,,"HTTP error: HTTPSConnectionPool(host='groups.google.com', port=443): Max retries exceeded with url: /a/nptel.iitm.ac.in/g/noc26-me133-announce (Caused by NameResolutionError(""HTTPSConnection(host='groups.google.com', port=443): Failed to resolve 'groups.google.com' ([Errno 11002] getaddrinfo failed)""))",http
noc26_me134,noc26-me134-announce,,"HTTP error: HTTPSConnectionPool(host='groups.google.com', port=443): Max retries exceeded with url: /a/nptel.iitm.ac.in/g/noc26-me134-announce (Caused by NameResolutionError(""HTTPSConnection(host='groups.google.com', port=443): Failed to resolve 'groups.google.com' ([Errno 11002] getaddrinfo failed)""))",http
noc26_me135,noc26-me135-announce,,"HTTP error: HTTPSConnectionPool(host='groups.google.com', port=443): Max retries exceeded with url: /a/nptel.iitm.ac.in/g/noc26-me135-announce (Caused by NameResolutionError(""HTTPSConnection(host='groups.google.com', port=443): Failed to resolve 'groups.google.com' ([Errno 11002] getaddrinfo failed)""))",http
noc26_me136,noc26-me136-announce,,"HTTP error: HTTPSConnectionPool(host='groups.google.com', port=443): Max retries exceeded with url: /a/nptel.iitm.ac.in/g/noc26-me136-announce (Caused by NameResolutionError(""HTTPSConnection(host='groups.google.com', port=443): Failed to resolve 'groups.google.com' ([Errno 11002] getaddrinfo failed)""))",http
noc26_me137,noc26-me137-announce,,"HTTP error: HTTPSConnectionPool(host='groups.google.com', port=443): Max retries exceeded with url: /a/nptel.iitm.ac.in/g/noc26-me137-announce (Caused by NameResolutionError(""HTTPSConnection(host='groups.google.com', port=443): Failed to resolve 'groups.google.com' ([Errno 11002] getaddrinfo failed)""))",http
noc26_me138,noc26-me138-announce,,"HTTP error: HTTPSConnectionPool(host='groups.google.com', port=443): Max retries exceeded with url: /a/nptel.iitm.ac.in/g/noc26-me138-announce (Caused by NameResolutionError(""HTTPSConnection(host='groups.google.com', port=443): Failed to resolve 'groups.google.com' ([Errno 11002] getaddrinfo failed)""))",http
noc26_me139,noc26-me139-announce,,"HTTP error: HTTPSConnectionPool(host='groups.google.com', port=443): Max retries exceeded with url: /a/nptel.iitm.ac.in/g/noc26-me139-announce (Caused by NameResolutionError(""HTTPSConnection(host='groups.google.com', port=443): Failed to resolve 'groups.google.com' ([Errno 11002] getaddrinfo failed)""))",http
noc26_me140,noc26-me140-announce,,"HTTP error: HTTPSConnectionPool(host='groups.google.com', port=443): Max retries exceeded with url: /a/nptel.iitm.ac.in/g/noc26-me140-announce (Caused by NameResolutionError(""HTTPSConnection(host='groups.google.com', port=443): Failed to resolve 'groups.google.com' ([Errno 11002] getaddrinfo failed)""))",http
noc26_me141,noc26-me141-announce,,"HTTP error: HTTPSConnectionPool(host='groups.google.com', port=443): Max retries exceeded with url: /a/nptel.iitm.ac.in/g/noc26-me141-announce (Caused by NameResolutionError(""HTTPSConnection(host='groups.google.com', port=443): Failed to resolve 'groups.google.com' ([Errno 11002] getaddrinfo failed)""))",http
noc26_me142,noc26-me142-announce,,"HTTP error: HTTPSConnectionPool(host='groups.google.com', port=443): Max retries exceeded with url: /a/nptel.iitm.ac.in/g/noc26-me142-announce (Caused by NameResolutionError(""HTTPSConnection(host='groups.google.com', port=443): Failed to resolve 'groups.google.com' ([Errno 11002] getaddrinfo failed)""))",http
noc26_me143,noc26-me143-announce,,"HTTP error: HTTPSConnectionPool(host='groups.google.com', port=443): Max retries exceeded with url: /a/nptel.iitm.ac.in/g/noc26-me143-announce (Caused by NameResolutionError(""HTTPSConnection(host='groups.google.com', port=443): Failed to resolve 'groups.google.com' ([Errno 11002] getaddrinfo failed)""))",http
noc26_me144,noc26-me144-announce,,"HTTP error: HTTPSConnectionPool(host='groups.google.com', port=443): Max retries exceeded with url: /a/nptel.iitm.ac.in/g/noc26-me144-announce (Caused by NameResolutionError(""HTTPSConnection(host='groups.google.com', port=443): Failed to resolve 'groups.google.com' ([Errno 11002] getaddrinfo failed)""))",http
noc26_me145,noc26-me145-announce,,"HTTP error: HTTPSConnectionPool(host='groups.google.com', port=443): Max retries exceeded with url: /a/nptel.iitm.ac.in/g/noc26-me145-announce (Caused by NameResolutionError(""HTTPSConnection(host='groups.google.com', port=443): Failed to resolve 'groups.google.com' ([Errno 11002] getaddrinfo failed)""))",http
noc26_me146,noc26-me146-announce,,"HTTP error: HTTPSConnectionPool(host='groups.google.com', port=443): Max retries exceeded with url: /a/nptel.iitm.ac.in/g/noc26-me146-announce (Caused by NameResolutionError(""HTTPSConnection(host='groups.google.com', port=443): Failed to resolve 'groups.google.com' ([Errno 11002] getaddrinfo failed)""))",http
noc26_me147,noc26-me147-announce,,"HTTP error: HTTPSConnectionPool(host='groups.google.com', port=443): Max retries exceeded with url: /a/nptel.iitm.ac.in/g/noc26-me147-announce (Caused by NameResolutionError(""HTTPSConnection(host='groups.google.com', port=443): Failed to resolve 'groups.google.com' ([Errno 11002] getaddrinfo failed)""))",http
noc26_me148,noc26-me148-announce,,"HTTP error: HTTPSConnectionPool(host='groups.google.com', port=443): Max retries exceeded with url: /a/nptel.iitm.ac.in/g/noc26-me148-announce (Caused by NameResolutionError(""HTTPSConnection(host='groups.google.com', port=443): Failed to resolve 'groups.google.com' ([Errno 11002] getaddrinfo failed)""))",http
noc26_me149,noc26-me149-announce,,"HTTP error: HTTPSConnectionPool(host='groups.google.com', port=443): Max retries exceeded with url: /a/nptel.iitm.ac.in/g/noc26-me149-announce (Caused by NameResolutionError(""HTTPSConnection(host='groups.google.com', port=443): Failed to resolve 'groups.google.com' ([Errno 11002] getaddrinfo failed)""))",http
noc26_me150,noc26-me150-announce,,"HTTP error: HTTPSConnectionPool(host='groups.google.com', port=443): Max retries exceeded with url: /a/nptel.iitm.ac.in/g/noc26-me150-announce (Caused by NameResolutionError(""HTTPSConnection(host='groups.google.com', port=443): Failed to resolve 'groups.google.com' ([Errno 11002] getaddrinfo failed)""))",http
noc26_me151,noc26-me151-announce,,"HTTP error: HTTPSConnectionPool(host='groups.google.com', port=443): Max retries exceeded with url: /a/nptel.iitm.ac.in/g/noc26-me151-announce (Caused by NameResolutionError(""HTTPSConnection(host='groups.google.com', port=443): Failed to resolve 'groups.google.com' ([Errno 11002] getaddrinfo failed)""))",http
noc26_me152,noc26-me152-announce,,"HTTP error: HTTPSConnectionPool(host='groups.google.com', port=443): Max retries exceeded with url: /a/nptel.iitm.ac.in/g/noc26-me152-announce (Caused by NameResolutionError(""HTTPSConnection(host='groups.google.com', port=443): Failed to resolve 'groups.google.com' ([Errno 11002] getaddrinfo failed)""))",http
noc26_me153,noc26-me153-announce,,"HTTP error: HTTPSConnectionPool(host='groups.google.com', port=443): Max retries exceeded with url: /a/nptel.iitm.ac.in/g/noc26-me153-announce (Caused by NameResolutionError(""HTTPSConnection(host='groups.google.com', port=443): Failed to resolve 'groups.google.com' ([Errno 11002] getaddrinfo failed)""))",http
noc26_me154,noc26-me154-announce,,"HTTP error: HTTPSConnectionPool(host='groups.google.com', port=443): Max retries exceeded with url: /a/nptel.iitm.ac.in/g/noc26-me154-announce (Caused by NameResolutionError(""HTTPSConnection(host='groups.google.com', port=443): Failed to resolve 'groups.google.com' ([Errno 11002] getaddrinfo failed)""))",http
noc26_me155,noc26-me155-announce,,"HTTP error: HTTPSConnectionPool(host='groups.google.com', port=443): Max retries exceeded with url: /a/nptel.iitm.ac.in/g/noc26-me155-announce (Caused by NameResolutionError(""HTTPSConnection(host='groups.google.com', port=443): Failed to resolve 'groups.google.com' ([Errno 11002] getaddrinfo failed)""))",http
noc26_me156,noc26-me156-announce,,"HTTP error: HTTPSConnectionPool(host='groups.google.com', port=443): Max retries exceeded with url: /a/nptel.iitm.ac.in/g/noc26-me156-announce (Caused by NameResolutionError(""HTTPSConnection(host='groups.google.com', port=443): Failed to resolve 'groups.google.com' ([Errno 11002] getaddrinfo failed)""))",http
noc26_me157,noc26-me157-announce,,"HTTP error: HTTPSConnectionPool(host='groups.google.com', port=443): Max retries exceeded with url: /a/nptel.iitm.ac.in/g/noc26-me157-announce (Caused by NameResolutionError(""HTTPSConnection(host='groups.google.com', port=443): Failed to resolve 'groups.google.com' ([Errno 11002] getaddrinfo failed)""))",http
noc26_me158,noc26-me158-announce,,"HTTP error: HTTPSConnectionPool(host='groups.google.com', port=443): Max retries exceeded with url: /a/nptel.iitm.ac.in/g/noc26-me158-announce (Caused by NameResolutionError(""HTTPSConnection(host='groups.google.com', port=443): Failed to resolve 'groups.google.com' ([Errno 11002] getaddrinfo failed)""))",http
noc26_me159,noc26-me159-announce,,"HTTP error: HTTPSConnectionPool(host='groups.google.com', port=443): Max retries exceeded with url: /a/nptel.iitm.ac.in/g/noc26-me159-announce (Caused by NameResolutionError(""HTTPSConnection(host='groups.google.com', port=443): Failed to resolve 'groups.google.com' ([Errno 11002] getaddrinfo failed)""))",http
noc26_me160,noc26-me160-announce,,"HTTP error: HTTPSConnectionPool(host='groups.google.com', port=443): Max retries exceeded with url: /a/nptel.iitm.ac.in/g/noc26-me160-announce (Caused by NameResolutionError(""HTTPSConnection(host='groups.google.com', port=443): Failed to resolve 'groups.google.com' ([Errno 11002] getaddrinfo failed)""))",http
noc26_me161,noc26-me161-announce,,"HTTP error: HTTPSConnectionPool(host='groups.google.com', port=443): Max retries exceeded with url: /a/nptel.iitm.ac.in/g/noc26-me161-announce (Caused by NameResolutionError(""HTTPSConnection(host='groups.google.com', port=443): Failed to resolve 'groups.google.com' ([Errno 11002] getaddrinfo failed)""))",http
noc26_me162,noc26-me162-announce,,"HTTP error: HTTPSConnectionPool(host='groups.google.com', port=443): Max retries exceeded with url: /a/nptel.iitm.ac.in/g/noc26-me162-announce (Caused by NameResolutionError(""HTTPSConnection(host='groups.google.com', port=443): Failed to resolve 'groups.google.com' ([Errno 11002] getaddrinfo failed)""))",http
noc26_me163,noc26-me163-announce,,"HTTP error: HTTPSConnectionPool(host='groups.google.com', port=443): Max retries exceeded with url: /a/nptel.iitm.ac.in/g/noc26-me163-announce (Caused by NameResolutionError(""HTTPSConnection(host='groups.google.com', port=443): Failed to resolve 'groups.google.com' ([Errno 11002] getaddrinfo failed)""))",http
noc26_me164,noc26-me164-announce,,"HTTP error: HTTPSConnectionPool(host='groups.google.com', port=443): Max retries exceeded with url: /a/nptel.iitm.ac.in/g/noc26-me164-announce (Caused by NameResolutionError(""HTTPSConnection(host='groups.google.com', port=443): Failed to resolve 'groups.google.com' ([Errno 11002] getaddrinfo failed)""))",http
noc26_me165,noc26-me165-announce,,"HTTP error: HTTPSConnectionPool(host='groups.google.com', port=443): Max retries exceeded with url: /a/nptel.iitm.ac.in/g/noc26-me165-announce (Caused by NameResolutionError(""HTTPSConnection(host='groups.google.com', port=443): Failed to resolve 'groups.google.com' ([Errno 11002] getaddrinfo failed)""))",http
noc26_me166,noc26-me166-announce,,"HTTP error: HTTPSConnectionPool(host='groups.google.com', port=443): Max retries exceeded with url: /a/nptel.iitm.ac.in/g/noc26-me166-announce (Caused by NameResolutionError(""HTTPSConnection(host='groups.google.com', port=443): Failed to resolve 'groups.google.com' ([Errno 11002] getaddrinfo failed)""))",http
noc26_me167,noc26-me167-announce,,"HTTP error: HTTPSConnectionPool(host='groups.google.com', port=443): Max retries exceeded with url: /a/nptel.iitm.ac.in/g/noc26-me167-announce (Caused by NameResolutionError(""HTTPSConnection(host='groups.google.com', port=443): Failed to resolve 'groups.google.com' ([Errno 11002] getaddrinfo failed)""))",http
noc26_me168,noc26-me168-announce,,"HTTP error: HTTPSConnectionPool(host='groups.google.com', port=443): Max retries exceeded with url: /a/nptel.iitm.ac.in/g/noc26-me168-announce (Caused by NameResolutionError(""HTTPSConnection(host='groups.google.com', port=443): Failed to resolve 'groups.google.com' ([Errno 11002] getaddrinfo failed)""))",http
noc26_me169,noc26-me169-announce,,"HTTP error: HTTPSConnectionPool(host='groups.google.com', port=443): Max retries exceeded with url: /a/nptel.iitm.ac.in/g/noc26-me169-announce (Caused by NameResolutionError(""HTTPSConnection(host='groups.google.com', port=443): Failed to resolve 'groups.google.com' ([Errno 11002] getaddrinfo failed)""))",http
noc26_me170,noc26-me170-announce,,"HTTP error: HTTPSConnectionPool(host='groups.google.com', port=443): Max retries exceeded with url: /a/nptel.iitm.ac.in/g/noc26-me170-announce (Caused by NameResolutionError(""HTTPSConnection(host='groups.google.com', port=443): Failed to resolve 'groups.google.com' ([Errno 11002] getaddrinfo failed)""))",http
noc26_me171,noc26-me171-announce,,"HTTP error: HTTPSConnectionPool(host='groups.google.com', port=443): Max retries exceeded with url: /a/nptel.iitm.ac.in/g/noc26-me171-announce (Caused by NameResolutionError(""HTTPSConnection(host='groups.google.com', port=443): Failed to resolve 'groups.google.com' ([Errno 11002] getaddrinfo failed)""))",http
noc26_me172,noc26-me172-announce,,"HTTP error: HTTPSConnectionPool(host='groups.google.com', port=443): Max retries exceeded with url: /a/nptel.iitm.ac.in/g/noc26-me172-announce (Caused by NameResolutionError(""HTTPSConnection(host='groups.google.com', port=443): Failed to resolve 'groups.google.com' ([Errno 11002] getaddrinfo failed)""))",http
noc26_me173,noc26-me173-announce,,"HTTP error: HTTPSConnectionPool(host='groups.google.com', port=443): Max retries exceeded with url: /a/nptel.iitm.ac.in/g/noc26-me173-announce (Caused by NameResolutionError(""HTTPSConnection(host='groups.google.com', port=443): Failed to resolve 'groups.google.com' ([Errno 11002] getaddrinfo failed)""))",http
noc26_me174,noc26-me174-announce,,"HTTP error: HTTPSConnectionPool(host='groups.google.com', port=443): Max retries exceeded with url: /a/nptel.iitm.ac.in/g/noc26-me174-announce (Caused by NameResolutionError(""HTTPSConnection(host='groups.google.com', port=443): Failed to resolve 'groups.google.com' ([Errno 11002] getaddrinfo failed)""))",http
noc26_me175,noc26-me175-announce,,"HTTP error: HTTPSConnectionPool(host='groups.google.com', port=443): Max retries exceeded with url: /a/nptel.iitm.ac.in/g/noc26-me175-announce (Caused by NameResolutionError(""HTTPSConnection(host='groups.google.com', port=443): Failed to resolve 'groups.google.com' ([Errno 11002] getaddrinfo failed)""))",http
noc26_me176,noc26-me176-announce,,"HTTP error: HTTPSConnectionPool(host='groups.google.com', port=443): Max retries exceeded with url: /a/nptel.iitm.ac.in/g/noc26-me176-announce (Caused by NameResolutionError(""HTTPSConnection(host='groups.google.com', port=443): Failed to resolve 'groups.google.com' ([Errno 11002] getaddrinfo failed)""))",http
noc26_me177,noc26-me177-announce,,"HTTP error: HTTPSConnectionPool(host='groups.google.com', port=443): Max retries exceeded with url: /a/nptel.iitm.ac.in/g/noc26-me177-announce (Caused by NameResolutionError(""HTTPSConnection(host='groups.google.com', port=443): Failed to resolve 'groups.google.com' ([Errno 11002] getaddrinfo failed)""))",http
noc26_me178,noc26-me178-announce,,"HTTP error: HTTPSConnectionPool(host='groups.google.com', port=443): Max retries exceeded with url: /a/nptel.iitm.ac.in/g/noc26-me178-announce (Caused by NameResolutionError(""HTTPSConnection(host='groups.google.com', port=443): Failed to resolve 'groups.google.com' ([Errno 11002] getaddrinfo failed)""))",http
noc26_me179,noc26-me179-announce,,"HTTP error: HTTPSConnectionPool(host='groups.google.com', port=443): Max retries exceeded with url: /a/nptel.iitm.ac.in/g/noc26-me179-announce (Caused by NameResolutionError(""HTTPSConnection(host='groups.google.com', port=443): Failed to resolve 'groups.google.com' ([Errno 11002] getaddrinfo failed)""))",http
noc26_me180,noc26-me180-announce,,"HTTP error: HTTPSConnectionPool(host='groups.google.com', port=443): Max retries exceeded with url: /a/nptel.iitm.ac.in/g/noc26-me180-announce (Caused by NameResolutionError(""HTTPSConnection(host='groups.google.com', port=443): Failed to resolve 'groups.google.com' ([Errno 11002] getaddrinfo failed)""))",http
noc26_me181,noc26-me181-announce,,"HTTP error: HTTPSConnectionPool(host='groups.google.com', port=443): Max retries exceeded with url: /a/nptel.iitm.ac.in/g/noc26-me181-announce (Caused by NameResolutionError(""HTTPSConnection(host='groups.google.com', port=443): Failed to resolve 'groups.google.com' ([Errno 11002] getaddrinfo failed)""))",http
noc26_me182,noc26-me182-announce,,"HTTP error: HTTPSConnectionPool(host='groups.google.com', port=443): Max retries exceeded with url: /a/nptel.iitm.ac.in/g/noc26-me182-announce (Caused by NameResolutionError(""HTTPSConnection(host='groups.google.com', port=443): Failed to resolve 'groups.google.com' ([Errno 11002] getaddrinfo failed)""))",http
noc26_me183,noc26-me183-announce,,"HTTP error: HTTPSConnectionPool(host='groups.google.com', port=443): Max retries exceeded with url: /a/nptel.iitm.ac.in/g/noc26-me183-announce (Caused by NameResolutionError(""HTTPSConnection(host='groups.google.com', port=443): Failed to resolve 'groups.google.com' ([Errno 11002] getaddrinfo failed)""))",http
noc26_me184,noc26-me184-announce,,"HTTP error: HTTPSConnectionPool(host='groups.google.com', port=443): Max retries exceeded with url: /a/nptel.iitm.ac.in/g/noc26-me184-announce (Caused by NameResolutionError(""HTTPSConnection(host='groups.google.com', port=443): Failed to resolve 'groups.google.com' ([Errno 11002] getaddrinfo failed)""))",http
noc26_me185,noc26-me185-announce,,"HTTP error: HTTPSConnectionPool(host='groups.google.com', port=443): Max retries exceeded with url: /a/nptel.iitm.ac.in/g/noc26-me185-announce (Caused by NameResolutionError(""HTTPSConnection(host='groups.google.com', port=443): Failed to resolve 'groups.google.com' ([Errno 11002] getaddrinfo failed)""))",http
noc26_me186,noc26-me186-announce,,"HTTP error: HTTPSConnectionPool(host='groups.google.com', port=443): Max retries exceeded with url: /a/nptel.iitm.ac.in/g/noc26-me186-announce (Caused by NameResolutionError(""HTTPSConnection(host='groups.google.com', port=443): Failed to resolve 'groups.google.com' ([Errno 11002] getaddrinfo failed)""))",http
noc26_me187,noc26-me187-announce,,"HTTP error: HTTPSConnectionPool(host='groups.google.com', port=443): Max retries exceeded with url: /a/nptel.iitm.ac.in/g/noc26-me187-announce (Caused by NameResolutionError(""HTTPSConnection(host='groups.google.com', port=443): Failed to resolve 'groups.google.com' ([Errno 11002] getaddrinfo failed)""))",http
noc26_me188,noc26-me188-announce,,"HTTP error: HTTPSConnectionPool(host='groups.google.com', port=443): Max retries exceeded with url: /a/nptel.iitm.ac.in/g/noc26-me188-announce (Caused by NameResolutionError(""HTTPSConnection(host='groups.google.com', port=443): Failed to resolve 'groups.google.com' ([Errno 11002] getaddrinfo failed)""))",http
noc26_me189,noc26-me189-announce,,"HTTP error: HTTPSConnectionPool(host='groups.google.com', port=443): Max retries exceeded with url: /a/nptel.iitm.ac.in/g/noc26-me189-announce (Caused by NameResolutionError(""HTTPSConnection(host='groups.google.com', port=443): Failed to resolve 'groups.google.com' ([Errno 11002] getaddrinfo failed)""))",http
noc26_me190,noc26-me190-announce,,"HTTP error: HTTPSConnectionPool(host='groups.google.com', port=443): Max retries exceeded with url: /a/nptel.iitm.ac.in/g/noc26-me190-announce (Caused by NameResolutionError(""HTTPSConnection(host='groups.google.com', port=443): Failed to resolve 'groups.google.com' ([Errno 11002] getaddrinfo failed)""))",http
noc26_me191,noc26-me191-announce,,"HTTP error: HTTPSConnectionPool(host='groups.google.com', port=443): Max retries exceeded with url: /a/nptel.iitm.ac.in/g/noc26-me191-announce (Caused by NameResolutionError(""HTTPSConnection(host='groups.google.com', port=443): Failed to resolve 'groups.google.com' ([Errno 11002] getaddrinfo failed)""))",http
noc26_me192,noc26-me192-announce,,"HTTP error: HTTPSConnectionPool(host='groups.google.com', port=443): Max retries exceeded with url: /a/nptel.iitm.ac.in/g/noc26-me192-announce (Caused by NameResolutionError(""HTTPSConnection(host='groups.google.com', port=443): Failed to resolve 'groups.google.com' ([Errno 11002] getaddrinfo failed)""))",http
noc26_me193,noc26-me193-announce,,"HTTP error: HTTPSConnectionPool(host='groups.google.com', port=443): Max retries exceeded with url: /a/nptel.iitm.ac.in/g/noc26-me193-announce (Caused by NameResolutionError(""HTTPSConnection(host='groups.google.com', port=443): Failed to resolve 'groups.google.com' ([Errno 11002] getaddrinfo failed)""))",http
noc26_me194,noc26-me194-announce,,"HTTP error: HTTPSConnectionPool(host='groups.google.com', port=443): Max retries exceeded with url: /a/nptel.iitm.ac.in/g/noc26-me194-announce (Caused by NameResolutionError(""HTTPSConnection(host='groups.google.com', port=443): Failed to resolve 'groups.google.com' ([Errno 11002] getaddrinfo failed)""))",http
noc26_me195,noc26-me195-announce,,"HTTP error: HTTPSConnectionPool(host='groups.google.com', port=443): Max retries exceeded with url: /a/nptel.iitm.ac.in/g/noc26-me195-announce (Caused by NameResolutionError(""HTTPSConnection(host='groups.google.com', port=443): Failed to resolve 'groups.google.com' ([Errno 11002] getaddrinfo failed)""))",http
noc26_me196,noc26-me196-announce,,"HTTP error: HTTPSConnectionPool(host='groups.google.com', port=443): Max retries exceeded with url: /a/nptel.iitm.ac.in/g/noc26-me196-announce (Caused by NameResolutionError(""HTTPSConnection(host='groups.google.com', port=443): Failed to resolve 'groups.google.com' ([Errno 11002] getaddrinfo failed)""))",http
noc26_me197,noc26-me197-announce,,"HTTP error: HTTPSConnectionPool(host='groups.google.com', port=443): Max retries exceeded with url: /a/nptel.iitm.ac.in/g/noc26-me197-announce (Caused by NameResolutionError(""HTTPSConnection(host='groups.google.com', port=443): Failed to resolve 'groups.google.com' ([Errno 11002] getaddrinfo failed)""))",http
noc26_me198,noc26-me198-announce,,"HTTP error: HTTPSConnectionPool(host='groups.google.com', port=443): Max retries exceeded with url: /a/nptel.iitm.ac.in/g/noc26-me198-announce (Caused by NameResolutionError(""HTTPSConnection(host='groups.google.com', port=443): Failed to resolve 'groups.google.com' ([Errno 11002] getaddrinfo failed)""))",http
noc26_me199,noc26-me199-announce,,"HTTP error: HTTPSConnectionPool(host='groups.google.com', port=443): Max retries exceeded with url: /a/nptel.iitm.ac.in/g/noc26-me199-announce (Caused by NameResolutionError(""HTTPSConnection(host='groups.google.com', port=443): Failed to resolve 'groups.google.com' ([Errno 11002] getaddrinfo failed)""))",http
noc26_me200,noc26-me200-announce,,"HTTP error: HTTPSConnectionPool(host='groups.google.com', port=443): Max retries exceeded with url: /a/nptel.iitm.ac.in/g/noc26-me200-announce (Caused by NameResolutionError(""HTTPSConnection(host='groups.google.com', port=443): Failed to resolve 'groups.google.com' ([Errno 11002] getaddrinfo failed)""))",http
noc26_me201,noc26-me201-announce,,"HTTP error: HTTPSConnectionPool(host='groups.google.com', port=443): Max retries exceeded with url: /a/nptel.iitm.ac.in/g/noc26-me201-announce (Caused by NameResolutionError(""HTTPSConnection(host='groups.google.com', port=443): Failed to resolve 'groups.google.com' ([Errno 11002] getaddrinfo failed)""))",http
noc26_me202,noc26-me202-announce,,"HTTP error: HTTPSConnectionPool(host='groups.google.com', port=443): Max retries exceeded with url: /a/nptel.iitm.ac.in/g/noc26-me202-announce (Caused by NameResolutionError(""HTTPSConnection(host='groups.google.com', port=443): Failed to resolve 'groups.google.com' ([Errno 11002] getaddrinfo failed)""))",http
noc26_me203,noc26-me203-announce,,"HTTP error: HTTPSConnectionPool(host='groups.google.com', port=443): Max retries exceeded with url: /a/nptel.iitm.ac.in/g/noc26-me203-announce (Caused by NameResolutionError(""HTTPSConnection(host='groups.google.com', port=443): Failed to resolve 'groups.google.com' ([Errno 11002] getaddrinfo failed)""))",http
noc26_me204,noc26-me204-announce,,"HTTP error: HTTPSConnectionPool(host='groups.google.com', port=443): Max retries exceeded with url: /a/nptel.iitm.ac.in/g/noc26-me204-announce (Caused by NameResolutionError(""HTTPSConnection(host='groups.google.com', port=443): Failed to resolve 'groups.google.com' ([Errno 11002] getaddrinfo failed)""))",http
noc26_mg100,noc26-mg100-announce,,"HTTP error: HTTPSConnectionPool(host='groups.google.com', port=443): Max retries exceeded with url: /a/nptel.iitm.ac.in/g/noc26-mg100-announce (Caused by NameResolutionError(""HTTPSConnection(host='groups.google.com', port=443): Failed to resolve 'groups.google.com' ([Errno 11002] getaddrinfo failed)""))",http
noc26_mg101,noc26-mg101-announce,,"HTTP error: HTTPSConnectionPool(host='groups.google.com', port=443): Max retries exceeded with url: /a/nptel.iitm.ac.in/g/noc26-mg101-announce (Caused by NameResolutionError(""HTTPSConnection(host='groups.google.com', port=443): Failed to resolve 'groups.google.com' ([Errno 11002] getaddrinfo failed)""))",http
noc26_mg102,noc26-mg102-announce,,"HTTP error: HTTPSConnectionPool(host='groups.google.com', port=443): Max retries exceeded with url: /a/nptel.iitm.ac.in/g/noc26-mg102-announce (Caused by NameResolutionError(""HTTPSConnection(host='groups.google.com', port=443): Failed to resolve 'groups.google.com' ([Errno 11002] getaddrinfo failed)""))",http
noc26_mg103,noc26-mg103-announce,,"HTTP error: HTTPSConnectionPool(host='groups.google.com', port=443): Max retries exceeded with url: /a/nptel.iitm.ac.in/g/noc26-mg103-announce (Caused by NameResolutionError(""HTTPSConnection(host='groups.google.com', port=443): Failed to resolve 'groups.google.com' ([Errno 11002] getaddrinfo failed)""))",http
noc26_mg104,noc26-mg104-announce,,"HTTP error: HTTPSConnectionPool(host='groups.google.com', port=443): Max retries exceeded with url: /a/nptel.iitm.ac.in/g/noc26-mg104-announce (Caused by NameResolutionError(""HTTPSConnection(host='groups.google.com', port=443): Failed to resolve 'groups.google.com' ([Errno 11002] getaddrinfo failed)""))",http
noc26_mg105,noc26-mg105-announce,,"HTTP error: HTTPSConnectionPool(host='groups.google.com', port=443): Max retries exceeded with url: /a/nptel.iitm.ac.in/g/noc26-mg105-announce (Caused by NameResolutionError(""HTTPSConnection(host='groups.google.com', port=443): Failed to resolve 'groups.google.com' ([Errno 11002] getaddrinfo failed)""))",http
noc26_mg106,noc26-mg106-announce,,"HTTP error: HTTPSConnectionPool(host='groups.google.com', port=443): Max retries exceeded with url: /a/nptel.iitm.ac.in/g/noc26-mg106-announce (Caused by NameResolutionError(""HTTPSConnection(host='groups.google.com', port=443): Failed to resolve 'groups.google.com' ([Errno 11002] getaddrinfo failed)""))",http
noc26_mg107,noc26-mg107-announce,,"HTTP error: HTTPSConnectionPool(host='groups.google.com', port=443): Max retries exceeded with url: /a/nptel.iitm.ac.in/g/noc26-mg107-announce (Caused by NameResolutionError(""HTTPSConnection(host='groups.google.com', port=443): Failed to resolve 'groups.google.com' ([Errno 11002] getaddrinfo failed)""))",http
noc26_mg108,noc26-mg108-announce,,"HTTP error: HTTPSConnectionPool(host='groups.google.com', port=443): Max retries exceeded with url: /a/nptel.iitm.ac.in/g/noc26-mg108-announce (Caused by NameResolutionError(""HTTPSConnection(host='groups.google.com', port=443): Failed to resolve 'groups.google.com' ([Errno 11002] getaddrinfo failed)""))",http
noc26_mg109,noc26-mg109-announce,,"HTTP error: HTTPSConnectionPool(host='groups.google.com', port=443): Max retries exceeded with url: /a/nptel.iitm.ac.in/g/noc26-mg109-announce (Caused by NameResolutionError(""HTTPSConnection(host='groups.google.com', port=443): Failed to resolve 'groups.google.com' ([Errno 11002] getaddrinfo failed)""))",http
noc26_mg110,noc26-mg110-announce,,"HTTP error: HTTPSConnectionPool(host='groups.google.com', port=443): Max retries exceeded with url: /a/nptel.iitm.ac.in/g/noc26-mg110-announce (Caused by NameResolutionError(""HTTPSConnection(host='groups.google.com', port=443): Failed to resolve 'groups.google.com' ([Errno 11002] getaddrinfo failed)""))",http
noc26_mg111,noc26-mg111-announce,,"HTTP error: HTTPSConnectionPool(host='groups.google.com', port=443): Max retries exceeded with url: /a/nptel.iitm.ac.in/g/noc26-mg111-announce (Caused by NameResolutionError(""HTTPSConnection(host='groups.google.com', port=443): Failed to resolve 'groups.google.com' ([Errno 11002] getaddrinfo failed)""))",http
noc26_mg112,noc26-mg112-announce,,"HTTP error: HTTPSConnectionPool(host='groups.google.com', port=443): Max retries exceeded with url: /a/nptel.iitm.ac.in/g/noc26-mg112-announce (Caused by NameResolutionError(""HTTPSConnection(host='groups.google.com', port=443): Failed to resolve 'groups.google.com' ([Errno 11002] getaddrinfo failed)""))",http
noc26_mg113,noc26-mg113-announce,,"HTTP error: HTTPSConnectionPool(host='groups.google.com', port=443): Max retries exceeded with url: /a/nptel.iitm.ac.in/g/noc26-mg113-announce (Caused by NameResolutionError(""HTTPSConnection(host='groups.google.com', port=443): Failed to resolve 'groups.google.com' ([Errno 11002] getaddrinfo failed)""))",http
noc26_mg114,noc26-mg114-announce,,"HTTP error: HTTPSConnectionPool(host='groups.google.com', port=443): Max retries exceeded with url: /a/nptel.iitm.ac.in/g/noc26-mg114-announce (Caused by NameResolutionError(""HTTPSConnection(host='groups.google.com', port=443): Failed to resolve 'groups.google.com' ([Errno 11002] getaddrinfo failed)""))",http
noc26_mg115,noc26-mg115-announce,,"HTTP error: HTTPSConnectionPool(host='groups.google.com', port=443): Max retries exceeded with url: /a/nptel.iitm.ac.in/g/noc26-mg115-announce (Caused by NameResolutionError(""HTTPSConnection(host='groups.google.com', port=443): Failed to resolve 'groups.google.com' ([Errno 11002] getaddrinfo failed)""))",http
noc26_mg116,noc26-mg116-announce,,"HTTP error: HTTPSConnectionPool(host='groups.google.com', port=443): Max retries exceeded with url: /a/nptel.iitm.ac.in/g/noc26-mg116-announce (Caused by NameResolutionError(""HTTPSConnection(host='groups.google.com', port=443): Failed to resolve 'groups.google.com' ([Errno 11002] getaddrinfo failed)""))",http
noc26_mg117,noc26-mg117-announce,,"HTTP error: HTTPSConnectionPool(host='groups.google.com', port=443): Max retries exceeded with url: /a/nptel.iitm.ac.in/g/noc26-mg117-announce (Caused by NameResolutionError(""HTTPSConnection(host='groups.google.com', port=443): Failed to resolve 'groups.google.com' ([Errno 11002] getaddrinfo failed)""))",http
noc26_mg118,noc26-mg118-announce,,"HTTP error: HTTPSConnectionPool(host='groups.google.com', port=443): Max retries exceeded with url: /a/nptel.iitm.ac.in/g/noc26-mg118-announce (Caused by NameResolutionError(""HTTPSConnection(host='groups.google.com', port=443): Failed to resolve 'groups.google.com' ([Errno 11002] getaddrinfo failed)""))",http
noc26_mg119,noc26-mg119-announce,,"HTTP error: HTTPSConnectionPool(host='groups.google.com', port=443): Max retries exceeded with url: /a/nptel.iitm.ac.in/g/noc26-mg119-announce (Caused by NameResolutionError(""HTTPSConnection(host='groups.google.com', port=443): Failed to resolve 'groups.google.com' ([Errno 11002] getaddrinfo failed)""))",http
noc26_mg120,noc26-mg120-announce,,"HTTP error: HTTPSConnectionPool(host='groups.google.com', port=443): Max retries exceeded with url: /a/nptel.iitm.ac.in/g/noc26-mg120-announce (Caused by NameResolutionError(""HTTPSConnection(host='groups.google.com', port=443): Failed to resolve 'groups.google.com' ([Errno 11002] getaddrinfo failed)""))",http
noc26_mg121,noc26-mg121-announce,,"HTTP error: HTTPSConnectionPool(host='groups.google.com', port=443): Max retries exceeded with url: /a/nptel.iitm.ac.in/g/noc26-mg121-announce (Caused by NameResolutionError(""HTTPSConnection(host='groups.google.com', port=443): Failed to resolve 'groups.google.com' ([Errno 11002] getaddrinfo failed)""))",http
noc26_mg122,noc26-mg122-announce,,"HTTP error: HTTPSConnectionPool(host='groups.google.com', port=443): Max retries exceeded with url: /a/nptel.iitm.ac.in/g/noc26-mg122-announce (Caused by NameResolutionError(""HTTPSConnection(host='groups.google.com', port=443): Failed to resolve 'groups.google.com' ([Errno 11002] getaddrinfo failed)""))",http
noc26_mg123,noc26-mg123-announce,,"HTTP error: HTTPSConnectionPool(host='groups.google.com', port=443): Max retries exceeded with url: /a/nptel.iitm.ac.in/g/noc26-mg123-announce (Caused by NameResolutionError(""HTTPSConnection(host='groups.google.com', port=443): Failed to resolve 'groups.google.com' ([Errno 11002] getaddrinfo failed)""))",http
noc26_mg124,noc26-mg124-announce,,"HTTP error: HTTPSConnectionPool(host='groups.google.com', port=443): Max retries exceeded with url: /a/nptel.iitm.ac.in/g/noc26-mg124-announce (Caused by NameResolutionError(""HTTPSConnection(host='groups.google.com', port=443): Failed to resolve 'groups.google.com' ([Errno 11002] getaddrinfo failed)""))",http
noc26_mg125,noc26-mg125-announce,,"HTTP error: HTTPSConnectionPool(host='groups.google.com', port=443): Max retries exceeded with url: /a/nptel.iitm.ac.in/g/noc26-mg125-announce (Caused by NameResolutionError(""HTTPSConnection(host='groups.google.com', port=443): Failed to resolve 'groups.google.com' ([Errno 11002] getaddrinfo failed)""))",http
noc26_mg126,noc26-mg126-announce,,"HTTP error: HTTPSConnectionPool(host='groups.google.com', port=443): Max retries exceeded with url: /a/nptel.iitm.ac.in/g/noc26-mg126-announce (Caused by NameResolutionError(""HTTPSConnection(host='groups.google.com', port=443): Failed to resolve 'groups.google.com' ([Errno 11002] getaddrinfo failed)""))",http
noc26_mg127,noc26-mg127-announce,,"HTTP error: HTTPSConnectionPool(host='groups.google.com', port=443): Max retries exceeded with url: /a/nptel.iitm.ac.in/g/noc26-mg127-announce (Caused by NameResolutionError(""HTTPSConnection(host='groups.google.com', port=443): Failed to resolve 'groups.google.com' ([Errno 11002] getaddrinfo failed)""))",http
noc26_mg128,noc26-mg128-announce,,"HTTP error: HTTPSConnectionPool(host='groups.google.com', port=443): Max retries exceeded with url: /a/nptel.iitm.ac.in/g/noc26-mg128-announce (Caused by NameResolutionError(""HTTPSConnection(host='groups.google.com', port=443): Failed to resolve 'groups.google.com' ([Errno 11002] getaddrinfo failed)""))",http
noc26_mg129,noc26-mg129-announce,,"HTTP error: HTTPSConnectionPool(host='groups.google.com', port=443): Max retries exceeded with url: /a/nptel.iitm.ac.in/g/noc26-mg129-announce (Caused by NameResolutionError(""HTTPSConnection(host='groups.google.com', port=443): Failed to resolve 'groups.google.com' ([Errno 11002] getaddrinfo failed)""))",http
noc26_mg130,noc26-mg130-announce,,"HTTP error: HTTPSConnectionPool(host='groups.google.com', port=443): Max retries exceeded with url: /a/nptel.iitm.ac.in/g/noc26-mg130-announce (Caused by NameResolutionError(""HTTPSConnection(host='groups.google.com', port=443): Failed to resolve 'groups.google.com' ([Errno 11002] getaddrinfo failed)""))",http
noc26_mg131,noc26-mg131-announce,,"HTTP error: HTTPSConnectionPool(host='groups.google.com', port=443): Max retries exceeded with url: /a/nptel.iitm.ac.in/g/noc26-mg131-announce (Caused by NameResolutionError(""HTTPSConnection(host='groups.google.com', port=443): Failed to resolve 'groups.google.com' ([Errno 11002] getaddrinfo failed)""))",http
noc26_mg132,noc26-mg132-announce,,"HTTP error: HTTPSConnectionPool(host='groups.google.com', port=443): Max retries exceeded with url: /a/nptel.iitm.ac.in/g/noc26-mg132-announce (Caused by NameResolutionError(""HTTPSConnection(host='groups.google.com', port=443): Failed to resolve 'groups.google.com' ([Errno 11002] getaddrinfo failed)""))",http
noc26_mg133,noc26-mg133-announce,,"HTTP error: HTTPSConnectionPool(host='groups.google.com', port=443): Max retries exceeded with url: /a/nptel.iitm.ac.in/g/noc26-mg133-announce (Caused by NameResolutionError(""HTTPSConnection(host='groups.google.com', port=443): Failed to resolve 'groups.google.com' ([Errno 11002] getaddrinfo failed)""))",http
noc26_mg134,noc26-mg134-announce,,"HTTP error: HTTPSConnectionPool(host='groups.google.com', port=443): Max retries exceeded with url: /a/nptel.iitm.ac.in/g/noc26-mg134-announce (Caused by NameResolutionError(""HTTPSConnection(host='groups.google.com', port=443): Failed to resolve 'groups.google.com' ([Errno 11002] getaddrinfo failed)""))",http
noc26_mg135,noc26-mg135-announce,,"HTTP error: HTTPSConnectionPool(host='groups.google.com', port=443): Max retries exceeded with url: /a/nptel.iitm.ac.in/g/noc26-mg135-announce (Caused by NameResolutionError(""HTTPSConnection(host='groups.google.com', port=443): Failed to resolve 'groups.google.com' ([Errno 11002] getaddrinfo failed)""))",http
noc26_mg136,noc26-mg136-announce,,"HTTP error: HTTPSConnectionPool(host='groups.google.com', port=443): Max retries exceeded with url: /a/nptel.iitm.ac.in/g/noc26-mg136-announce (Caused by NameResolutionError(""HTTPSConnection(host='groups.google.com', port=443): Failed to resolve 'groups.google.com' ([Errno 11002] getaddrinfo failed)""))",http
noc26_mg137,noc26-mg137-announce,,"HTTP error: HTTPSConnectionPool(host='groups.google.com', port=443): Max retries exceeded with url: /a/nptel.iitm.ac.in/g/noc26-mg137-announce (Caused by NameResolutionError(""HTTPSConnection(host='groups.google.com', port=443): Failed to resolve 'groups.google.com' ([Errno 11002] getaddrinfo failed)""))",http
noc26_mg138,noc26-mg138-announce,,"HTTP error: HTTPSConnectionPool(host='groups.google.com', port=443): Max retries exceeded with url: /a/nptel.iitm.ac.in/g/noc26-mg138-announce (Caused by NameResolutionError(""HTTPSConnection(host='groups.google.com', port=443): Failed to resolve 'groups.google.com' ([Errno 11002] getaddrinfo failed)""))",http
noc26_mg139,noc26-mg139-announce,,"HTTP error: HTTPSConnectionPool(host='groups.google.com', port=443): Max retries exceeded with url: /a/nptel.iitm.ac.in/g/noc26-mg139-announce (Caused by NameResolutionError(""HTTPSConnection(host='groups.google.com', port=443): Failed to resolve 'groups.google.com' ([Errno 11002] getaddrinfo failed)""))",http
noc26_mg142,noc26-mg142-announce,,"HTTP error: HTTPSConnectionPool(host='groups.google.com', port=443): Max retries exceeded with url: /a/nptel.iitm.ac.in/g/noc26-mg142-announce (Caused by NameResolutionError(""HTTPSConnection(host='groups.google.com', port=443): Failed to resolve 'groups.google.com' ([Errno 11002] getaddrinfo failed)""))",http
noc26_mg143,noc26-mg143-announce,,"HTTP error: HTTPSConnectionPool(host='groups.google.com', port=443): Max retries exceeded with url: /a/nptel.iitm.ac.in/g/noc26-mg143-announce (Caused by NameResolutionError(""HTTPSConnection(host='groups.google.com', port=443): Failed to resolve 'groups.google.com' ([Errno 11002] getaddrinfo failed)""))",http
noc26_mg144,noc26-mg144-announce,,"HTTP error: HTTPSConnectionPool(host='groups.google.com', port=443): Max retries exceeded with url: /a/nptel.iitm.ac.in/g/noc26-mg144-announce (Caused by NameResolutionError(""HTTPSConnection(host='groups.google.com', port=443): Failed to resolve 'groups.google.com' ([Errno 11002] getaddrinfo failed)""))",http
noc26_mg145,noc26-mg145-announce,,"HTTP error: HTTPSConnectionPool(host='groups.google.com', port=443): Max retries exceeded with url: /a/nptel.iitm.ac.in/g/noc26-mg145-announce (Caused by NameResolutionError(""HTTPSConnection(host='groups.google.com', port=443): Failed to resolve 'groups.google.com' ([Errno 11002] getaddrinfo failed)""))",http
noc26_mg146,noc26-mg146-announce,,"HTTP error: HTTPSConnectionPool(host='groups.google.com', port=443): Max retries exceeded with url: /a/nptel.iitm.ac.in/g/noc26-mg146-announce (Caused by NameResolutionError(""HTTPSConnection(host='groups.google.com', port=443): Failed to resolve 'groups.google.com' ([Errno 11002] getaddrinfo failed)""))",http
noc26_mg147,noc26-mg147-announce,,"HTTP error: HTTPSConnectionPool(host='groups.google.com', port=443): Max retries exceeded with url: /a/nptel.iitm.ac.in/g/noc26-mg147-announce (Caused by NameResolutionError(""HTTPSConnection(host='groups.google.com', port=443): Failed to resolve 'groups.google.com' ([Errno 11002] getaddrinfo failed)""))",http
noc26_mg148,noc26-mg148-announce,,"HTTP error: HTTPSConnectionPool(host='groups.google.com', port=443): Max retries exceeded with url: /a/nptel.iitm.ac.in/g/noc26-mg148-announce (Caused by NameResolutionError(""HTTPSConnection(host='groups.google.com', port=443): Failed to resolve 'groups.google.com' ([Errno 11002] getaddrinfo failed)""))",http
noc26_mg149,noc26-mg149-announce,,"HTTP error: HTTPSConnectionPool(host='groups.google.com', port=443): Max retries exceeded with url: /a/nptel.iitm.ac.in/g/noc26-mg149-announce (Caused by NameResolutionError(""HTTPSConnection(host='groups.google.com', port=443): Failed to resolve 'groups.google.com' ([Errno 11002] getaddrinfo failed)""))",http
noc26_mg150,noc26-mg150-announce,,"HTTP error: HTTPSConnectionPool(host='groups.google.com', port=443): Max retries exceeded with url: /a/nptel.iitm.ac.in/g/noc26-mg150-announce (Caused by NameResolutionError(""HTTPSConnection(host='groups.google.com', port=443): Failed to resolve 'groups.google.com' ([Errno 11002] getaddrinfo failed)""))",http
noc26_mg151,noc26-mg151-announce,,"HTTP error: HTTPSConnectionPool(host='groups.google.com', port=443): Max retries exceeded with url: /a/nptel.iitm.ac.in/g/noc26-mg151-announce (Caused by NameResolutionError(""HTTPSConnection(host='groups.google.com', port=443): Failed to resolve 'groups.google.com' ([Errno 11002] getaddrinfo failed)""))",http
noc26_mg152,noc26-mg152-announce,,"HTTP error: HTTPSConnectionPool(host='groups.google.com', port=443): Max retries exceeded with url: /a/nptel.iitm.ac.in/g/noc26-mg152-announce (Caused by NameResolutionError(""HTTPSConnection(host='groups.google.com', port=443): Failed to resolve 'groups.google.com' ([Errno 11002] getaddrinfo failed)""))",http
noc26_mg153,noc26-mg153-announce,,"HTTP error: HTTPSConnectionPool(host='groups.google.com', port=443): Max retries exceeded with url: /a/nptel.iitm.ac.in/g/noc26-mg153-announce (Caused by NameResolutionError(""HTTPSConnection(host='groups.google.com', port=443): Failed to resolve 'groups.google.com' ([Errno 11002] getaddrinfo failed)""))",http
noc26_mg154,noc26-mg154-announce,,"HTTP error: HTTPSConnectionPool(host='groups.google.com', port=443): Max retries exceeded with url: /a/nptel.iitm.ac.in/g/noc26-mg154-announce (Caused by NameResolutionError(""HTTPSConnection(host='groups.google.com', port=443): Failed to resolve 'groups.google.com' ([Errno 11002] getaddrinfo failed)""))",http
noc26_mg155,noc26-mg155-announce,,"HTTP error: HTTPSConnectionPool(host='groups.google.com', port=443): Max retries exceeded with url: /a/nptel.iitm.ac.in/g/noc26-mg155-announce (Caused by NameResolutionError(""HTTPSConnection(host='groups.google.com', port=443): Failed to resolve 'groups.google.com' ([Errno 11002] getaddrinfo failed)""))",http
noc26_mg156,noc26-mg156-announce,,"HTTP error: HTTPSConnectionPool(host='groups.google.com', port=443): Max retries exceeded with url: /a/nptel.iitm.ac.in/g/noc26-mg156-announce (Caused by NameResolutionError(""HTTPSConnection(host='groups.google.com', port=443): Failed to resolve 'groups.google.com' ([Errno 11002] getaddrinfo failed)""))",http
noc26_mg157,noc26-mg157-announce,,"HTTP error: HTTPSConnectionPool(host='groups.google.com', port=443): Max retries exceeded with url: /a/nptel.iitm.ac.in/g/noc26-mg157-announce (Caused by NameResolutionError(""HTTPSConnection(host='groups.google.com', port=443): Failed to resolve 'groups.google.com' ([Errno 11002] getaddrinfo failed)""))",http
noc26_mg158,noc26-mg158-announce,,"HTTP error: HTTPSConnectionPool(host='groups.google.com', port=443): Max retries exceeded with url: /a/nptel.iitm.ac.in/g/noc26-mg158-announce (Caused by NameResolutionError(""HTTPSConnection(host='groups.google.com', port=443): Failed to resolve 'groups.google.com' ([Errno 11002] getaddrinfo failed)""))",http
noc26_mg159,noc26-mg159-announce,,"HTTP error: HTTPSConnectionPool(host='groups.google.com', port=443): Max retries exceeded with url: /a/nptel.iitm.ac.in/g/noc26-mg159-announce (Caused by NameResolutionError(""HTTPSConnection(host='groups.google.com', port=443): Failed to resolve 'groups.google.com' ([Errno 11002] getaddrinfo failed)""))",http
noc26_mg80,noc26-mg80-announce,,"HTTP error: HTTPSConnectionPool(host='groups.google.com', port=443): Max retries exceeded with url: /a/nptel.iitm.ac.in/g/noc26-mg80-announce (Caused by NameResolutionError(""HTTPSConnection(host='groups.google.com', port=443): Failed to resolve 'groups.google.com' ([Errno 11002] getaddrinfo failed)""))",http
noc26_mg81,noc26-mg81-announce,,"HTTP error: HTTPSConnectionPool(host='groups.google.com', port=443): Max retries exceeded with url: /a/nptel.iitm.ac.in/g/noc26-mg81-announce (Caused by NameResolutionError(""HTTPSConnection(host='groups.google.com', port=443): Failed to resolve 'groups.google.com' ([Errno 11002] getaddrinfo failed)""))",http
noc26_mg82,noc26-mg82-announce,,"HTTP error: HTTPSConnectionPool(host='groups.google.com', port=443): Max retries exceeded with url: /a/nptel.iitm.ac.in/g/noc26-mg82-announce (Caused by NameResolutionError(""HTTPSConnection(host='groups.google.com', port=443): Failed to resolve 'groups.google.com' ([Errno 11002] getaddrinfo failed)""))",http
noc26_mg83,noc26-mg83-announce,,"HTTP error: HTTPSConnectionPool(host='groups.google.com', port=443): Max retries exceeded with url: /a/nptel.iitm.ac.in/g/noc26-mg83-announce (Caused by NameResolutionError(""HTTPSConnection(host='groups.google.com', port=443): Failed to resolve 'groups.google.com' ([Errno 11002] getaddrinfo failed)""))",http
noc26_mg84,noc26-mg84-announce,,"HTTP error: HTTPSConnectionPool(host='groups.google.com', port=443): Max retries exceeded with url: /a/nptel.iitm.ac.in/g/noc26-mg84-announce (Caused by NameResolutionError(""HTTPSConnection(host='groups.google.com', port=443): Failed to resolve 'groups.google.com' ([Errno 11002] getaddrinfo failed)""))",http
noc26_mg85,noc26-mg85-announce,,"HTTP error: HTTPSConnectionPool(host='groups.google.com', port=443): Max retries exceeded with url: /a/nptel.iitm.ac.in/g/noc26-mg85-announce (Caused by NameResolutionError(""HTTPSConnection(host='groups.google.com', port=443): Failed to resolve 'groups.google.com' ([Errno 11002] getaddrinfo failed)""))",http
noc26_mg86,noc26-mg86-announce,,"HTTP error: HTTPSConnectionPool(host='groups.google.com', port=443): Max retries exceeded with url: /a/nptel.iitm.ac.in/g/noc26-mg86-announce (Caused by NameResolutionError(""HTTPSConnection(host='groups.google.com', port=443): Failed to resolve 'groups.google.com' ([Errno 11002] getaddrinfo failed)""))",http
noc26_mg87,noc26-mg87-announce,,"HTTP error: HTTPSConnectionPool(host='groups.google.com', port=443): Max retries exceeded with url: /a/nptel.iitm.ac.in/g/noc26-mg87-announce (Caused by NameResolutionError(""HTTPSConnection(host='groups.google.com', port=443): Failed to resolve 'groups.google.com' ([Errno 11002] getaddrinfo failed)""))",http
noc26_mg88,noc26-mg88-announce,,"HTTP error: HTTPSConnectionPool(host='groups.google.com', port=443): Max retries exceeded with url: /a/nptel.iitm.ac.in/g/noc26-mg88-announce (Caused by NameResolutionError(""HTTPSConnection(host='groups.google.com', port=443): Failed to resolve 'groups.google.com' ([Errno 11002] getaddrinfo failed)""))",http
noc26_mg89,noc26-mg89-announce,,"HTTP error: HTTPSConnectionPool(host='groups.google.com', port=443): Max retries exceeded with url: /a/nptel.iitm.ac.in/g/noc26-mg89-announce (Caused by NameResolutionError(""HTTPSConnection(host='groups.google.com', port=443): Failed to resolve 'groups.google.com' ([Errno 11002] getaddrinfo failed)""))",http
noc26_mg90,noc26-mg90-announce,,"HTTP error: HTTPSConnectionPool(host='groups.google.com', port=443): Max retries exceeded with url: /a/nptel.iitm.ac.in/g/noc26-mg90-announce (Caused by NameResolutionError(""HTTPSConnection(host='groups.google.com', port=443): Failed to resolve 'groups.google.com' ([Errno 11002] getaddrinfo failed)""))",http
noc26_mg91,noc26-mg91-announce,,"HTTP error: HTTPSConnectionPool(host='groups.google.com', port=443): Max retries exceeded with url: /a/nptel.iitm.ac.in/g/noc26-mg91-announce (Caused by NameResolutionError(""HTTPSConnection(host='groups.google.com', port=443): Failed to resolve 'groups.google.com' ([Errno 11002] getaddrinfo failed)""))",http
noc26_mg92,noc26-mg92-announce,,"HTTP error: HTTPSConnectionPool(host='groups.google.com', port=443): Max retries exceeded with url: /a/nptel.iitm.ac.in/g/noc26-mg92-announce (Caused by NameResolutionError(""HTTPSConnection(host='groups.google.com', port=443): Failed to resolve 'groups.google.com' ([Errno 11002] getaddrinfo failed)""))",http
noc26_mg93,noc26-mg93-announce,,"HTTP error: HTTPSConnectionPool(host='groups.google.com', port=443): Max retries exceeded with url: /a/nptel.iitm.ac.in/g/noc26-mg93-announce (Caused by NameResolutionError(""HTTPSConnection(host='groups.google.com', port=443): Failed to resolve 'groups.google.com' ([Errno 11002] getaddrinfo failed)""))",http
noc26_mg94,noc26-mg94-announce,,"HTTP error: HTTPSConnectionPool(host='groups.google.com', port=443): Max retries exceeded with url: /a/nptel.iitm.ac.in/g/noc26-mg94-announce (Caused by NameResolutionError(""HTTPSConnection(host='groups.google.com', port=443): Failed to resolve 'groups.google.com' ([Errno 11002] getaddrinfo failed)""))",http
noc26_mg95,noc26-mg95-announce,,"HTTP error: HTTPSConnectionPool(host='groups.google.com', port=443): Max retries exceeded with url: /a/nptel.iitm.ac.in/g/noc26-mg95-announce (Caused by NameResolutionError(""HTTPSConnection(host='groups.google.com', port=443): Failed to resolve 'groups.google.com' ([Errno 11002] getaddrinfo failed)""))",http
noc26_mg96,noc26-mg96-announce,,"HTTP error: HTTPSConnectionPool(host='groups.google.com', port=443): Max retries exceeded with url: /a/nptel.iitm.ac.in/g/noc26-mg96-announce (Caused by NameResolutionError(""HTTPSConnection(host='groups.google.com', port=443): Failed to resolve 'groups.google.com' ([Errno 11002] getaddrinfo failed)""))",http
noc26_mg97,noc26-mg97-announce,,"HTTP error: HTTPSConnectionPool(host='groups.google.com', port=443): Max retries exceeded with url: /a/nptel.iitm.ac.in/g/noc26-mg97-announce (Caused by NameResolutionError(""HTTPSConnection(host='groups.google.com', port=443): Failed to resolve 'groups.google.com' ([Errno 11002] getaddrinfo failed)""))",http
noc26_mg98,noc26-mg98-announce,,"HTTP error: HTTPSConnectionPool(host='groups.google.com', port=443): Max retries exceeded with url: /a/nptel.iitm.ac.in/g/noc26-mg98-announce (Caused by NameResolutionError(""HTTPSConnection(host='groups.google.com', port=443): Failed to resolve 'groups.google.com' ([Errno 11002] getaddrinfo failed)""))",http
noc26_mg99,noc26-mg99-announce,,"HTTP error: HTTPSConnectionPool(host='groups.google.com', port=443): Max retries exceeded with url: /a/nptel.iitm.ac.in/g/noc26-mg99-announce (Caused by NameResolutionError(""HTTPSConnection(host='groups.google.com', port=443): Failed to resolve 'groups.google.com' ([Errno 11002] getaddrinfo failed)""))",http
noc26_mm48,noc26-mm48-announce,,"HTTP error: HTTPSConnectionPool(host='groups.google.com', port=443): Max retries exceeded with url: /a/nptel.iitm.ac.in/g/noc26-mm48-announce (Caused by NameResolutionError(""HTTPSConnection(host='groups.google.com', port=443): Failed to resolve 'groups.google.com' ([Errno 11002] getaddrinfo failed)""))",http
noc26_mm49,noc26-mm49-announce,,"HTTP error: HTTPSConnectionPool(host='groups.google.com', port=443): Max retries exceeded with url: /a/nptel.iitm.ac.in/g/noc26-mm49-announce (Caused by NameResolutionError(""HTTPSConnection(host='groups.google.com', port=443): Failed to resolve 'groups.google.com' ([Errno 11002] getaddrinfo failed)""))",http
noc26_mm50,noc26-mm50-announce,,"HTTP error: HTTPSConnectionPool(host='groups.google.com', port=443): Max retries exceeded with url: /a/nptel.iitm.ac.in/g/noc26-mm50-announce (Caused by NameResolutionError(""HTTPSConnection(host='groups.google.com', port=443): Failed to resolve 'groups.google.com' ([Errno 11002] getaddrinfo failed)""))",http
noc26_mm51,noc26-mm51-announce,,"HTTP error: HTTPSConnectionPool(host='groups.google.com', port=443): Max retries exceeded with url: /a/nptel.iitm.ac.in/g/noc26-mm51-announce (Caused by NameResolutionError(""HTTPSConnection(host='groups.google.com', port=443): Failed to resolve 'groups.google.com' ([Errno 11002] getaddrinfo failed)""))",http
noc26_mm53,noc26-mm53-announce,,"HTTP error: HTTPSConnectionPool(host='groups.google.com', port=443): Max retries exceeded with url: /a/nptel.iitm.ac.in/g/noc26-mm53-announce (Caused by NameResolutionError(""HTTPSConnection(host='groups.google.com', port=443): Failed to resolve 'groups.google.com' ([Errno 11002] getaddrinfo failed)""))",http
noc26_mm54,noc26-mm54-announce,,"HTTP error: HTTPSConnectionPool(host='groups.google.com', port=443): Max retries exceeded with url: /a/nptel.iitm.ac.in/g/noc26-mm54-announce (Caused by NameResolutionError(""HTTPSConnection(host='groups.google.com', port=443): Failed to resolve 'groups.google.com' ([Errno 11002] getaddrinfo failed)""))",http
noc26_mm55,noc26-mm55-announce,,"HTTP error: HTTPSConnectionPool(host='groups.google.com', port=443): Max retries exceeded with url: /a/nptel.iitm.ac.in/g/noc26-mm55-announce (Caused by NameResolutionError(""HTTPSConnection(host='groups.google.com', port=443): Failed to resolve 'groups.google.com' ([Errno 11002] getaddrinfo failed)""))",http
noc26_mm56,noc26-mm56-announce,,"HTTP error: HTTPSConnectionPool(host='groups.google.com', port=443): Max retries exceeded with url: /a/nptel.iitm.ac.in/g/noc26-mm56-announce (Caused by NameResolutionError(""HTTPSConnection(host='groups.google.com', port=443): Failed to resolve 'groups.google.com' ([Errno 11002] getaddrinfo failed)""))",http
noc26_mm57,noc26-mm57-announce,,"HTTP error: HTTPSConnectionPool(host='groups.google.com', port=443): Max retries exceeded with url: /a/nptel.iitm.ac.in/g/noc26-mm57-announce (Caused by NameResolutionError(""HTTPSConnection(host='groups.google.com', port=443): Failed to resolve 'groups.google.com' ([Errno 11002] getaddrinfo failed)""))",http
noc26_mm58,noc26-mm58-announce,,"HTTP error: HTTPSConnectionPool(host='groups.google.com', port=443): Max retries exceeded with url: /a/nptel.iitm.ac.in/g/noc26-mm58-announce (Caused by NameResolutionError(""HTTPSConnection(host='groups.google.com', port=443): Failed to resolve 'groups.google.com' ([Errno 11002] getaddrinfo failed)""))",http
noc26_mm59,noc26-mm59-announce,,"HTTP error: HTTPSConnectionPool(host='groups.google.com', port=443): Max retries exceeded with url: /a/nptel.iitm.ac.in/g/noc26-mm59-announce (Caused by NameResolutionError(""HTTPSConnection(host='groups.google.com', port=443): Failed to resolve 'groups.google.com' ([Errno 11002] getaddrinfo failed)""))",http
noc26_mm60,noc26-mm60-announce,,"HTTP error: HTTPSConnectionPool(host='groups.google.com', port=443): Max retries exceeded with url: /a/nptel.iitm.ac.in/g/noc26-mm60-announce (Caused by NameResolutionError(""HTTPSConnection(host='groups.google.com', port=443): Failed to resolve 'groups.google.com' ([Errno 11002] getaddrinfo failed)""))",http
noc26_mm61,noc26-mm61-announce,,"HTTP error: HTTPSConnectionPool(host='groups.google.com', port=443): Max retries exceeded with url: /a/nptel.iitm.ac.in/g/noc26-mm61-announce (Caused by NameResolutionError(""HTTPSConnection(host='groups.google.com', port=443): Failed to resolve 'groups.google.com' ([Errno 11002] getaddrinfo failed)""))",http
noc26_mm62,noc26-mm62-announce,,"HTTP error: HTTPSConnectionPool(host='groups.google.com', port=443): Max retries exceeded with url: /a/nptel.iitm.ac.in/g/noc26-mm62-announce (Caused by NameResolutionError(""HTTPSConnection(host='groups.google.com', port=443): Failed to resolve 'groups.google.com' ([Errno 11002] getaddrinfo failed)""))",http
noc26_mm63,noc26-mm63-announce,,"HTTP error: HTTPSConnectionPool(host='groups.google.com', port=443): Max retries exceeded with url: /a/nptel.iitm.ac.in/g/noc26-mm63-announce (Caused by NameResolutionError(""HTTPSConnection(host='groups.google.com', port=443): Failed to resolve 'groups.google.com' ([Errno 11002] getaddrinfo failed)""))",http
noc26_mm64,noc26-mm64-announce,,"HTTP error: HTTPSConnectionPool(host='groups.google.com', port=443): Max retries exceeded with url: /a/nptel.iitm.ac.in/g/noc26-mm64-announce (Caused by NameResolutionError(""HTTPSConnection(host='groups.google.com', port=443): Failed to resolve 'groups.google.com' ([Errno 11002] getaddrinfo failed)""))",http
noc26_mm65,noc26-mm65-announce,,"HTTP error: HTTPSConnectionPool(host='groups.google.com', port=443): Max retries exceeded with url: /a/nptel.iitm.ac.in/g/noc26-mm65-announce (Caused by NameResolutionError(""HTTPSConnection(host='groups.google.com', port=443): Failed to resolve 'groups.google.com' ([Errno 11002] getaddrinfo failed)""))",http
noc26_mm66,noc26-mm66-announce,,"HTTP error: HTTPSConnectionPool(host='groups.google.com', port=443): Max retries exceeded with url: /a/nptel.iitm.ac.in/g/noc26-mm66-announce (Caused by NameResolutionError(""HTTPSConnection(host='groups.google.com', port=443): Failed to resolve 'groups.google.com' ([Errno 11002] getaddrinfo failed)""))",http
noc26_mm67,noc26-mm67-announce,,"HTTP error: HTTPSConnectionPool(host='groups.google.com', port=443): Max retries exceeded with url: /a/nptel.iitm.ac.in/g/noc26-mm67-announce (Caused by NameResolutionError(""HTTPSConnection(host='groups.google.com', port=443): Failed to resolve 'groups.google.com' ([Errno 11002] getaddrinfo failed)""))",http
noc26_mm68,noc26-mm68-announce,,"HTTP error: HTTPSConnectionPool(host='groups.google.com', port=443): Max retries exceeded with url: /a/nptel.iitm.ac.in/g/noc26-mm68-announce (Caused by NameResolutionError(""HTTPSConnection(host='groups.google.com', port=443): Failed to resolve 'groups.google.com' ([Errno 11002] getaddrinfo failed)""))",http
noc26_mm69,noc26-mm69-announce,,"HTTP error: HTTPSConnectionPool(host='groups.google.com', port=443): Max retries exceeded with url: /a/nptel.iitm.ac.in/g/noc26-mm69-announce (Caused by NameResolutionError(""HTTPSConnection(host='groups.google.com', port=443): Failed to resolve 'groups.google.com' ([Errno 11002] getaddrinfo failed)""))",http
noc26_mm70,noc26-mm70-announce,,"HTTP error: HTTPSConnectionPool(host='groups.google.com', port=443): Max retries exceeded with url: /a/nptel.iitm.ac.in/g/noc26-mm70-announce (Caused by NameResolutionError(""HTTPSConnection(host='groups.google.com', port=443): Failed to resolve 'groups.google.com' ([Errno 11002] getaddrinfo failed)""))",http
noc26_mm71,noc26-mm71-announce,,"HTTP error: HTTPSConnectionPool(host='groups.google.com', port=443): Max retries exceeded with url: /a/nptel.iitm.ac.in/g/noc26-mm71-announce (Caused by NameResolutionError(""HTTPSConnection(host='groups.google.com', port=443): Failed to resolve 'groups.google.com' ([Errno 11002] getaddrinfo failed)""))",http
noc26_mm72,noc26-mm72-announce,,"HTTP error: HTTPSConnectionPool(host='groups.google.com', port=443): Max retries exceeded with url: /a/nptel.iitm.ac.in/g/noc26-mm72-announce (Caused by NameResolutionError(""HTTPSConnection(host='groups.google.com', port=443): Failed to resolve 'groups.google.com' ([Errno 11002] getaddrinfo failed)""))",http
noc26_mm73,noc26-mm73-announce,,"HTTP error: HTTPSConnectionPool(host='groups.google.com', port=443): Max retries exceeded with url: /a/nptel.iitm.ac.in/g/noc26-mm73-announce (Caused by NameResolutionError(""HTTPSConnection(host='groups.google.com', port=443): Failed to resolve 'groups.google.com' ([Errno 11002] getaddrinfo failed)""))",http
noc26_mm74,noc26-mm74-announce,,"HTTP error: HTTPSConnectionPool(host='groups.google.com', port=443): Max retries exceeded with url: /a/nptel.iitm.ac.in/g/noc26-mm74-announce (Caused by NameResolutionError(""HTTPSConnection(host='groups.google.com', port=443): Failed to resolve 'groups.google.com' ([Errno 11002] getaddrinfo failed)""))",http
noc26_mm75,noc26-mm75-announce,,"HTTP error: HTTPSConnectionPool(host='groups.google.com', port=443): Max retries exceeded with url: /a/nptel.iitm.ac.in/g/noc26-mm75-announce (Caused by NameResolutionError(""HTTPSConnection(host='groups.google.com', port=443): Failed to resolve 'groups.google.com' ([Errno 11002] getaddrinfo failed)""))",http
noc26_mm76,noc26-mm76-announce,,"HTTP error: HTTPSConnectionPool(host='groups.google.com', port=443): Max retries exceeded with url: /a/nptel.iitm.ac.in/g/noc26-mm76-announce (Caused by NameResolutionError(""HTTPSConnection(host='groups.google.com', port=443): Failed to resolve 'groups.google.com' ([Errno 11002] getaddrinfo failed)""))",http
noc26_mm77,noc26-mm77-announce,,"HTTP error: HTTPSConnectionPool(host='groups.google.com', port=443): Max retries exceeded with url: /a/nptel.iitm.ac.in/g/noc26-mm77-announce (Caused by NameResolutionError(""HTTPSConnection(host='groups.google.com', port=443): Failed to resolve 'groups.google.com' ([Errno 11002] getaddrinfo failed)""))",http
noc26_mm78,noc26-mm78-announce,,"HTTP error: HTTPSConnectionPool(host='groups.google.com', port=443): Max retries exceeded with url: /a/nptel.iitm.ac.in/g/noc26-mm78-announce (Caused by NameResolutionError(""HTTPSConnection(host='groups.google.com', port=443): Failed to resolve 'groups.google.com' ([Errno 11002] getaddrinfo failed)""))",http
noc26_mm79,noc26-mm79-announce,,"HTTP error: HTTPSConnectionPool(host='groups.google.com', port=443): Max retries exceeded with url: /a/nptel.iitm.ac.in/g/noc26-mm79-announce (Caused by NameResolutionError(""HTTPSConnection(host='groups.google.com', port=443): Failed to resolve 'groups.google.com' ([Errno 11002] getaddrinfo failed)""))",http
noc26_mm80,noc26-mm80-announce,,"HTTP error: HTTPSConnectionPool(host='groups.google.com', port=443): Max retries exceeded with url: /a/nptel.iitm.ac.in/g/noc26-mm80-announce (Caused by NameResolutionError(""HTTPSConnection(host='groups.google.com', port=443): Failed to resolve 'groups.google.com' ([Errno 11002] getaddrinfo failed)""))",http
noc26_mm81,noc26-mm81-announce,,"HTTP error: HTTPSConnectionPool(host='groups.google.com', port=443): Max retries exceeded with url: /a/nptel.iitm.ac.in/g/noc26-mm81-announce (Caused by NameResolutionError(""HTTPSConnection(host='groups.google.com', port=443): Failed to resolve 'groups.google.com' ([Errno 11002] getaddrinfo failed)""))",http
noc26_mm82,noc26-mm82-announce,,"HTTP error: HTTPSConnectionPool(host='groups.google.com', port=443): Max retries exceeded with url: /a/nptel.iitm.ac.in/g/noc26-mm82-announce (Caused by NameResolutionError(""HTTPSConnection(host='groups.google.com', port=443): Failed to resolve 'groups.google.com' ([Errno 11002] getaddrinfo failed)""))",http
noc26_mm83,noc26-mm83-announce,,"HTTP error: HTTPSConnectionPool(host='groups.google.com', port=443): Max retries exceeded with url: /a/nptel.iitm.ac.in/g/noc26-mm83-announce (Caused by NameResolutionError(""HTTPSConnection(host='groups.google.com', port=443): Failed to resolve 'groups.google.com' ([Errno 11002] getaddrinfo failed)""))",http
noc26_mm84,noc26-mm84-announce,,"HTTP error: HTTPSConnectionPool(host='groups.google.com', port=443): Max retries exceeded with url: /a/nptel.iitm.ac.in/g/noc26-mm84-announce (Caused by NameResolutionError(""HTTPSConnection(host='groups.google.com', port=443): Failed to resolve 'groups.google.com' ([Errno 11002] getaddrinfo failed)""))",http
noc26_mm85,noc26-mm85-announce,,"HTTP error: HTTPSConnectionPool(host='groups.google.com', port=443): Max retries exceeded with url: /a/nptel.iitm.ac.in/g/noc26-mm85-announce (Caused by NameResolutionError(""HTTPSConnection(host='groups.google.com', port=443): Failed to resolve 'groups.google.com' ([Errno 11002] getaddrinfo failed)""))",http
noc26_mm86,noc26-mm86-announce,,"HTTP error: HTTPSConnectionPool(host='groups.google.com', port=443): Max retries exceeded with url: /a/nptel.iitm.ac.in/g/noc26-mm86-announce (Caused by NameResolutionError(""HTTPSConnection(host='groups.google.com', port=443): Failed to resolve 'groups.google.com' ([Errno 11002] getaddrinfo failed)""))",http
noc26_mm87,noc26-mm87-announce,,"HTTP error: HTTPSConnectionPool(host='groups.google.com', port=443): Max retries exceeded with url: /a/nptel.iitm.ac.in/g/noc26-mm87-announce (Caused by NameResolutionError(""HTTPSConnection(host='groups.google.com', port=443): Failed to resolve 'groups.google.com' ([Errno 11002] getaddrinfo failed)""))",http
noc26_mm88,noc26-mm88-announce,,"HTTP error: HTTPSConnectionPool(host='groups.google.com', port=443): Max retries exceeded with url: /a/nptel.iitm.ac.in/g/noc26-mm88-announce (Caused by NameResolutionError(""HTTPSConnection(host='groups.google.com', port=443): Failed to resolve 'groups.google.com' ([Errno 11002] getaddrinfo failed)""))",http
noc26_mm89,noc26-mm89-announce,,"HTTP error: HTTPSConnectionPool(host='groups.google.com', port=443): Max retries exceeded with url: /a/nptel.iitm.ac.in/g/noc26-mm89-announce (Caused by NameResolutionError(""HTTPSConnection(host='groups.google.com', port=443): Failed to resolve 'groups.google.com' ([Errno 11002] getaddrinfo failed)""))",http
noc26_mm90,noc26-mm90-announce,,"HTTP error: HTTPSConnectionPool(host='groups.google.com', port=443): Max retries exceeded with url: /a/nptel.iitm.ac.in/g/noc26-mm90-announce (Caused by NameResolutionError(""HTTPSConnection(host='groups.google.com', port=443): Failed to resolve 'groups.google.com' ([Errno 11002] getaddrinfo failed)""))",http
noc26_mm91,noc26-mm91-announce,,"HTTP error: HTTPSConnectionPool(host='groups.google.com', port=443): Max retries exceeded with url: /a/nptel.iitm.ac.in/g/noc26-mm91-announce (Caused by NameResolutionError(""HTTPSConnection(host='groups.google.com', port=443): Failed to resolve 'groups.google.com' ([Errno 11002] getaddrinfo failed)""))",http
noc26_oe05,noc26-oe05-announce,,"HTTP error: HTTPSConnectionPool(host='groups.google.com', port=443): Max retries exceeded with url: /a/nptel.iitm.ac.in/g/noc26-oe05-announce (Caused by NameResolutionError(""HTTPSConnection(host='groups.google.com', port=443): Failed to resolve 'groups.google.com' ([Errno 11002] getaddrinfo failed)""))",http
noc26_oe06,noc26-oe06-announce,,"HTTP error: HTTPSConnectionPool(host='groups.google.com', port=443): Max retries exceeded with url: /a/nptel.iitm.ac.in/g/noc26-oe06-announce (Caused by NameResolutionError(""HTTPSConnection(host='groups.google.com', port=443): Failed to resolve 'groups.google.com' ([Errno 11002] getaddrinfo failed)""))",http
noc26_oe07,noc26-oe07-announce,,"HTTP error: HTTPSConnectionPool(host='groups.google.com', port=443): Max retries exceeded with url: /a/nptel.iitm.ac.in/g/noc26-oe07-announce (Caused by NameResolutionError(""HTTPSConnection(host='groups.google.com', port=443): Failed to resolve 'groups.google.com' ([Errno 11002] getaddrinfo failed)""))",http
noc26_oe08,noc26-oe08-announce,,"HTTP error: HTTPSConnectionPool(host='groups.google.com', port=443): Max retries exceeded with url: /a/nptel.iitm.ac.in/g/noc26-oe08-announce (Caused by NameResolutionError(""HTTPSConnection(host='groups.google.com', port=443): Failed to resolve 'groups.google.com' ([Errno 11002] getaddrinfo failed)""))",http
noc26_oe09,noc26-oe09-announce,,"HTTP error: HTTPSConnectionPool(host='groups.google.com', port=443): Max retries exceeded with url: /a/nptel.iitm.ac.in/g/noc26-oe09-announce (Caused by NameResolutionError(""HTTPSConnection(host='groups.google.com', port=443): Failed to resolve 'groups.google.com' ([Errno 11002] getaddrinfo failed)""))",http
noc26_ph34,noc26-ph34-announce,,"HTTP error: HTTPSConnectionPool(host='groups.google.com', port=443): Max retries exceeded with url: /a/nptel.iitm.ac.in/g/noc26-ph34-announce (Caused by NameResolutionError(""HTTPSConnection(host='groups.google.com', port=443): Failed to resolve 'groups.google.com' ([Errno 11002] getaddrinfo failed)""))",http
noc26_ph35,noc26-ph35-announce,,"HTTP error: HTTPSConnectionPool(host='groups.google.com', port=443): Max retries exceeded with url: /a/nptel.iitm.ac.in/g/noc26-ph35-announce (Caused by NameResolutionError(""HTTPSConnection(host='groups.google.com', port=443): Failed to resolve 'groups.google.com' ([Errno 11002] getaddrinfo failed)""))",http
noc26_ph36,noc26-ph36-announce,,"HTTP error: HTTPSConnectionPool(host='groups.google.com', port=443): Max retries exceeded with url: /a/nptel.iitm.ac.in/g/noc26-ph36-announce (Caused by NameResolutionError(""HTTPSConnection(host='groups.google.com', port=443): Failed to resolve 'groups.google.com' ([Errno 11002] getaddrinfo failed)""))",http
noc26_ph37,noc26-ph37-announce,,"HTTP error: HTTPSConnectionPool(host='groups.google.com', port=443): Max retries exceeded with url: /a/nptel.iitm.ac.in/g/noc26-ph37-announce (Caused by NameResolutionError(""HTTPSConnection(host='groups.google.com', port=443): Failed to resolve 'groups.google.com' ([Errno 11002] getaddrinfo failed)""))",http
noc26_ph38,noc26-ph38-announce,,"HTTP error: HTTPSConnectionPool(host='groups.google.com', port=443): Max retries exceeded with url: /a/nptel.iitm.ac.in/g/noc26-ph38-announce (Caused by NameResolutionError(""HTTPSConnection(host='groups.google.com', port=443): Failed to resolve 'groups.google.com' ([Errno 11002] getaddrinfo failed)""))",http
noc26_ph39,noc26-ph39-announce,,"HTTP error: HTTPSConnectionPool(host='groups.google.com', port=443): Max retries exceeded with url: /a/nptel.iitm.ac.in/g/noc26-ph39-announce (Caused by NameResolutionError(""HTTPSConnection(host='groups.google.com', port=443): Failed to resolve 'groups.google.com' ([Errno 11002] getaddrinfo failed)""))",http
noc26_ph40,noc26-ph40-announce,,"HTTP error: HTTPSConnectionPool(host='groups.google.com', port=443): Max retries exceeded with url: /a/nptel.iitm.ac.in/g/noc26-ph40-announce (Caused by NameResolutionError(""HTTPSConnection(host='groups.google.com', port=443): Failed to resolve 'groups.google.com' ([Errno 11002] getaddrinfo failed)""))",http
noc26_ph41,noc26-ph41-announce,,"HTTP error: HTTPSConnectionPool(host='groups.google.com', port=443): Max retries exceeded with url: /a/nptel.iitm.ac.in/g/noc26-ph41-announce (Caused by NameResolutionError(""HTTPSConnection(host='groups.google.com', port=443): Failed to resolve 'groups.google.com' ([Errno 11002] getaddrinfo failed)""))",http
noc26_ph42,noc26-ph42-announce,,"HTTP error: HTTPSConnectionPool(host='groups.google.com', port=443): Max retries exceeded with url: /a/nptel.iitm.ac.in/g/noc26-ph42-announce (Caused by NameResolutionError(""HTTPSConnection(host='groups.google.com', port=443): Failed to resolve 'groups.google.com' ([Errno 11002] getaddrinfo failed)""))",http
noc26_ph43,noc26-ph43-announce,,"HTTP error: HTTPSConnectionPool(host='groups.google.com', port=443): Max retries exceeded with url: /a/nptel.iitm.ac.in/g/noc26-ph43-announce (Caused by NameResolutionError(""HTTPSConnection(host='groups.google.com', port=443): Failed to resolve 'groups.google.com' ([Errno 11002] getaddrinfo failed)""))",http
noc26_ph44,noc26-ph44-announce,,"HTTP error: HTTPSConnectionPool(host='groups.google.com', port=443): Max retries exceeded with url: /a/nptel.iitm.ac.in/g/noc26-ph44-announce (Caused by NameResolutionError(""HTTPSConnection(host='groups.google.com', port=443): Failed to resolve 'groups.google.com' ([Errno 11002] getaddrinfo failed)""))",http
noc26_ph45,noc26-ph45-announce,,"HTTP error: HTTPSConnectionPool(host='groups.google.com', port=443): Max retries exceeded with url: /a/nptel.iitm.ac.in/g/noc26-ph45-announce (Caused by NameResolutionError(""HTTPSConnection(host='groups.google.com', port=443): Failed to resolve 'groups.google.com' ([Errno 11002] getaddrinfo failed)""))",http
noc26_ph46,noc26-ph46-announce,,"HTTP error: HTTPSConnectionPool(host='groups.google.com', port=443): Max retries exceeded with url: /a/nptel.iitm.ac.in/g/noc26-ph46-announce (Caused by NameResolutionError(""HTTPSConnection(host='groups.google.com', port=443): Failed to resolve 'groups.google.com' ([Errno 11002] getaddrinfo failed)""))",http
noc26_ph47,noc26-ph47-announce,,"HTTP error: HTTPSConnectionPool(host='groups.google.com', port=443): Max retries exceeded with url: /a/nptel.iitm.ac.in/g/noc26-ph47-announce (Caused by NameResolutionError(""HTTPSConnection(host='groups.google.com', port=443): Failed to resolve 'groups.google.com' ([Errno 11002] getaddrinfo failed)""))",http
noc26_ph48,noc26-ph48-announce,,"HTTP error: HTTPSConnectionPool(host='groups.google.com', port=443): Max retries exceeded with url: /a/nptel.iitm.ac.in/g/noc26-ph48-announce (Caused by NameResolutionError(""HTTPSConnection(host='groups.google.com', port=443): Failed to resolve 'groups.google.com' ([Errno 11002] getaddrinfo failed)""))",http
noc26_ph49,noc26-ph49-announce,,"HTTP error: HTTPSConnectionPool(host='groups.google.com', port=443): Max retries exceeded with url: /a/nptel.iitm.ac.in/g/noc26-ph49-announce (Caused by NameResolutionError(""HTTPSConnection(host='groups.google.com', port=443): Failed to resolve 'groups.google.com' ([Errno 11002] getaddrinfo failed)""))",http
noc26_ph50,noc26-ph50-announce,,"HTTP error: HTTPSConnectionPool(host='groups.google.com', port=443): Max retries exceeded with url: /a/nptel.iitm.ac.in/g/noc26-ph50-announce (Caused by NameResolutionError(""HTTPSConnection(host='groups.google.com', port=443): Failed to resolve 'groups.google.com' ([Errno 11002] getaddrinfo failed)""))",http
noc26_ph51,noc26-ph51-announce,,"HTTP error: HTTPSConnectionPool(host='groups.google.com', port=443): Max retries exceeded with url: /a/nptel.iitm.ac.in/g/noc26-ph51-announce (Caused by NameResolutionError(""HTTPSConnection(host='groups.google.com', port=443): Failed to resolve 'groups.google.com' ([Errno 11002] getaddrinfo failed)""))",http
noc26_ph52,noc26-ph52-announce,,"HTTP error: HTTPSConnectionPool(host='groups.google.com', port=443): Max retries exceeded with url: /a/nptel.iitm.ac.in/g/noc26-ph52-announce (Caused by NameResolutionError(""HTTPSConnection(host='groups.google.com', port=443): Failed to resolve 'groups.google.com' ([Errno 11002] getaddrinfo failed)""))",http
noc26_ph53,noc26-ph53-announce,,"HTTP error: HTTPSConnectionPool(host='groups.google.com', port=443): Max retries exceeded with url: /a/nptel.iitm.ac.in/g/noc26-ph53-announce (Caused by NameResolutionError(""HTTPSConnection(host='groups.google.com', port=443): Failed to resolve 'groups.google.com' ([Errno 11002] getaddrinfo failed)""))",http
noc26_ph54,noc26-ph54-announce,,"HTTP error: HTTPSConnectionPool(host='groups.google.com', port=443): Max retries exceeded with url: /a/nptel.iitm.ac.in/g/noc26-ph54-announce (Caused by NameResolutionError(""HTTPSConnection(host='groups.google.com', port=443): Failed to resolve 'groups.google.com' ([Errno 11002] getaddrinfo failed)""))",http
noc26_ph55,noc26-ph55-announce,,"HTTP error: HTTPSConnectionPool(host='groups.google.com', port=443): Max retries exceeded with url: /a/nptel.iitm.ac.in/g/noc26-ph55-announce (Caused by NameResolutionError(""HTTPSConnection(host='groups.google.com', port=443): Failed to resolve 'groups.google.com' ([Errno 11002] getaddrinfo failed)""))",http
noc26_ph56,noc26-ph56-announce,,"HTTP error: HTTPSConnectionPool(host='groups.google.com', port=443): Max retries exceeded with url: /a/nptel.iitm.ac.in/g/noc26-ph56-announce (Caused by NameResolutionError(""HTTPSConnection(host='groups.google.com', port=443): Failed to resolve 'groups.google.com' ([Errno 11002] getaddrinfo failed)""))",http
noc26_ph57,noc26-ph57-announce,,"HTTP error: HTTPSConnectionPool(host='groups.google.com', port=443): Max retries exceeded with url: /a/nptel.iitm.ac.in/g/noc26-ph57-announce (Caused by NameResolutionError(""HTTPSConnection(host='groups.google.com', port=443): Failed to resolve 'groups.google.com' ([Errno 11002] getaddrinfo failed)""))",http
noc26_ph58,noc26-ph58-announce,,"HTTP error: HTTPSConnectionPool(host='groups.google.com', port=443): Max retries exceeded with url: /a/nptel.iitm.ac.in/g/noc26-ph58-announce (Caused by NameResolutionError(""HTTPSConnection(host='groups.google.com', port=443): Failed to resolve 'groups.google.com' ([Errno 11002] getaddrinfo failed)""))",http
noc26_ph59,noc26-ph59-announce,,"HTTP error: HTTPSConnectionPool(host='groups.google.com', port=443): Max retries exceeded with url: /a/nptel.iitm.ac.in/g/noc26-ph59-announce (Caused by NameResolutionError(""HTTPSConnection(host='groups.google.com', port=443): Failed to resolve 'groups.google.com' ([Errno 11002] getaddrinfo failed)""))",http
noc26_ph60,noc26-ph60-announce,,"HTTP error: HTTPSConnectionPool(host='groups.google.com', port=443): Max retries exceeded with url: /a/nptel.iitm.ac.in/g/noc26-ph60-announce (Caused by NameResolutionError(""HTTPSConnection(host='groups.google.com', port=443): Failed to resolve 'groups.google.com' ([Errno 11002] getaddrinfo failed)""))",http
noc26_ph61,noc26-ph61-announce,,"HTTP error: HTTPSConnectionPool(host='groups.google.com', port=443): Max retries exceeded with url: /a/nptel.iitm.ac.in/g/noc26-ph61-announce (Caused by NameResolutionError(""HTTPSConnection(host='groups.google.com', port=443): Failed to resolve 'groups.google.com' ([Errno 11002] getaddrinfo failed)""))",http
noc26_ph62,noc26-ph62-announce,,"HTTP error: HTTPSConnectionPool(host='groups.google.com', port=443): Max retries exceeded with url: /a/nptel.iitm.ac.in/g/noc26-ph62-announce (Caused by NameResolutionError(""HTTPSConnection(host='groups.google.com', port=443): Failed to resolve 'groups.google.com' ([Errno 11002] getaddrinfo failed)""))",http
noc26_ph63,noc26-ph63-announce,,"HTTP error: HTTPSConnectionPool(host='groups.google.com', port=443): Max retries exceeded with url: /a/nptel.iitm.ac.in/g/noc26-ph63-announce (Caused by NameResolutionError(""HTTPSConnection(host='groups.google.com', port=443): Failed to resolve 'groups.google.com' ([Errno 11002] getaddrinfo failed)""))",http
noc26_ph64,noc26-ph64-announce,,"HTTP error: HTTPSConnectionPool(host='groups.google.com', port=443): Max retries exceeded with url: /a/nptel.iitm.ac.in/g/noc26-ph64-announce (Caused by NameResolutionError(""HTTPSConnection(host='groups.google.com', port=443): Failed to resolve 'groups.google.com' ([Errno 11002] getaddrinfo failed)""))",http
noc26_ph65,noc26-ph65-announce,,"HTTP error: HTTPSConnectionPool(host='groups.google.com', port=443): Max retries exceeded with url: /a/nptel.iitm.ac.in/g/noc26-ph65-announce (Caused by NameResolutionError(""HTTPSConnection(host='groups.google.com', port=443): Failed to resolve 'groups.google.com' ([Errno 11002] getaddrinfo failed)""))",http
noc26_ph66,noc26-ph66-announce,,"HTTP error: HTTPSConnectionPool(host='groups.google.com', port=443): Max retries exceeded with url: /a/nptel.iitm.ac.in/g/noc26-ph66-announce (Caused by NameResolutionError(""HTTPSConnection(host='groups.google.com', port=443): Failed to resolve 'groups.google.com' ([Errno 11002] getaddrinfo failed)""))",http
noc26_te09,noc26-te09-announce,,"HTTP error: HTTPSConnectionPool(host='groups.google.com', port=443): Max retries exceeded with url: /a/nptel.iitm.ac.in/g/noc26-te09-announce (Caused by NameResolutionError(""HTTPSConnection(host='groups.google.com', port=443): Failed to resolve 'groups.google.com' ([Errno 11002] getaddrinfo failed)""))",http
noc26_te10,noc26-te10-announce,,"HTTP error: HTTPSConnectionPool(host='groups.google.com', port=443): Max retries exceeded with url: /a/nptel.iitm.ac.in/g/noc26-te10-announce (Caused by NameResolutionError(""HTTPSConnection(host='groups.google.com', port=443): Failed to resolve 'groups.google.com' ([Errno 11002] getaddrinfo failed)""))",http
noc26_te11,noc26-te11-announce,,"HTTP error: HTTPSConnectionPool(host='groups.google.com', port=443): Max retries exceeded with url: /a/nptel.iitm.ac.in/g/noc26-te11-announce (Caused by NameResolutionError(""HTTPSConnection(host='groups.google.com', port=443): Failed to resolve 'groups.google.com' ([Errno 11002] getaddrinfo failed)""))",http
noc26_te12,noc26-te12-announce,,"HTTP error: HTTPSConnectionPool(host='groups.google.com', port=443): Max retries exceeded with url: /a/nptel.iitm.ac.in/g/noc26-te12-announce (Caused by NameResolutionError(""HTTPSConnection(host='groups.google.com', port=443): Failed to resolve 'groups.google.com' ([Errno 11002] getaddrinfo failed)""))",http
noc26_te13,noc26-te13-announce,,"HTTP error: HTTPSConnectionPool(host='groups.google.com', port=443): Max retries exceeded with url: /a/nptel.iitm.ac.in/g/noc26-te13-announce (Caused by NameResolutionError(""HTTPSConnection(host='groups.google.com', port=443): Failed to resolve 'groups.google.com' ([Errno 11002] getaddrinfo failed)""))",http
noc26_te14,noc26-te14-announce,,"HTTP error: HTTPSConnectionPool(host='groups.google.com', port=443): Max retries exceeded with url: /a/nptel.iitm.ac.in/g/noc26-te14-announce (Caused by NameResolutionError(""HTTPSConnection(host='groups.google.com', port=443): Failed to resolve 'groups.google.com' ([Errno 11002] getaddrinfo failed)""))",http
